Workbook
Name SlimLuxGlass: 'คิดทุน SlimLux'!$AA$1:$AA$21
Name mult_sms: 'อัปเดตราคาอลู'!$C$4
Name mult_euro: 'อัปเดตราคาอลู'!$C$5
Name mult_slim: 'อัปเดตราคาอลู'!$C$6
Name mult_velora: 'อัปเดตราคาอลู'!$C$7
Name mult_mtong: 'อัปเดตราคาอลู'!$C$8
Name rate_grey: 'อัปเดตราคาอลู'!$B$13
Name rate_special: 'อัปเดตราคาอลู'!$B$14
Name rate_woodbake: 'อัปเดตราคาอลู'!$B$15
Name rate_woodstock: 'อัปเดตราคาอลู'!$B$16
Name MungList: ราคามุ้ง!$G$1:$G$15
Name ClothList: ราคามุ้ง!$I$2:$I$5
Name mult_wood: 'อัปเดตราคาอลู'!$C$20
Name MungReady: 'ราคามุ้ง'!$G$1:$G$12
Name GlassNames: ราคาวัสดุกลาง!$H$2:$H$106
Name rate_anodize: 'อัปเดตราคาอลู'!$B$18
Name buf_scrap: 'อัปเดตราคาอลู'!$B$22

Sheet สารบัญ
B1: 📑 สารบัญ — กดลิงก์กระโดดไปหน้าที่ต้องการ
B3: 🔶 ปรับราคา / ค่าวัสดุ (แก้ราคาที่นี่ ทุกชีทขยับเอง)
B4: ▶ อัปเดตราคาอลู | C4: ราคาอลู/กก. ทุกแบรนด์ + ค่าอบสี ★
B5: ▶ ราคาสี | C5: ราคาสีอบ/เทาซาฮารา/ลายไม้
B6: ▶ ราคาวัสดุกลาง | C6: กระจก 98 รุ่น + เฟรม/เสา/อุปกรณ์
B7: ▶ ราคาวัสดุ | C7: วัสดุหลังคา (จันทัน/แป/แผ่น/ราง)
B8: ▶ ราคาออโต้ | C8: มอเตอร์/ออโต้
B9: ▶ ราคามุ้ง | C9: มุ้งซื้อสำเร็จ + ค่าแรงติดตั้ง
B10: ▶ ค่าแรง | C10: ค่าแรงผลิต+ติดตั้ง ทุกแบบ
B11: ▶ น้ำหนักโปรไฟล์ | C11: น้ำหนัก กก./เส้น ทุกโปรไฟล์
B12: ▶ ราคาสี (รวมแล้ว) | C12: ราคา/เส้น ทุกโปรไฟล์ (คำนวณ)
B13: 📊 สรุป / ภาพรวม
B14: ▶ หน้าตารางรวม | D14: ▶ สรุปงานเสริม | F14: ▶ สรุปค่าแรง
B15: 🚪 คิดทุน — ประตู/หน้าต่าง อลู
B16: ▶ SMS | D16: ▶ ยูโร | F16: ▶ SlimLux
B17: ▶ Velora | D17: ▶ E-series | F17: ▶ บานเปิด
B18: ▶ PC Door | D18: ▶ กระทุ้ง | F18: ▶ บานยก
B19: ▶ เฟี้ยม | D19: ▶ เฟี้ยมยูโร | F19: ▶ ติดตาย
B20: ▶ บานเลื่อนรางบน
B21: 🌀 คิดทุน — ดัดโค้ง
B22: ▶ ตายดัดโค้ง | D22: ▶ เปิดดัดโค้ง
B23: ▦ คิดทุน — ระแนง / ประตูรั้ว
B24: ▶ ระแนง | D24: ▶ ระแนงสลับ | F24: ▶ ระแนงสลับ_ประตู
B25: ▶ ประตูรั้ว | D25: ▶ บานเกล็ด | F25: ▶ ระแนงหมุน
B26: 🏠 คิดทุน — หลังคา
B27: ▶ หลังคา (รวม) | D27: ▶ หลังคา | F27: ▶ หลังคาจั่ว
B28: ▶ หลังคาเลื่อน | D28: ▶ ทุนไวนิล | F28: ▶ ทุนดีไลท์
B29: ▶ ทุนโพลีตัน | D29: ▶ ทุนชินโคร์ HC | F29: ▶ ทุนชินโคร์ Sup
B30: ▶ ทุนเมทัลชีท | D30: ▶ ทุนกระจก 4+4 | F30: ▶ ทุนกระจก 5+5
B31: 🧱 คิดทุน — ฝ้า / ผนัง / งานไฟ
B32: ▶ ฝ้ายิปซัม | D32: ▶ สมาร์ทบอร์ด | F32: ▶ ไอโซวอล
B33: ▶ งานไฟ | D33: ▶ ฝ้าไม้เทียม | F33: ▶ LUT_ฝ้าไม้เทียม
B34: ▶ สีฝ้าไม้เทียม
B35: 📐 เทียบ R3.9 / เช็ก
B36: ▶ เทียบ R3.9 SMS | D36: ▶ เทียบ R3.9 ยูโร | F36: ▶ เทียบ E-series
B37: ▶ เทียบ เฟี้ยมยูโร | D37: ▶ เทียบ R3.9 | F37: ▶ log กระจก
B38: ▶ เช็กขนาดกระจก

Sheet อัปเดตราคาอลู
A1: ⚠️ แก้ราคาที่นี่ → 📈 อัปเดตราคาวัสดุ — กรอก "ราคา/กก. ตอนนี้" ทับเมื่อราคาขึ้น (วิธีที่ 1) | G1: 🏠 สารบัญ
A3: แบรนด์ | B3: ราคาอลู/กก. ตอนนี้ | C3: ตัวคูณ | D3: ครอบคลุมบาน | F3: ตั้งต้น (ล็อก-อย่าแก้)
A4: SMS | B4: 187 | C4: =B4/F4 | D4: SMS · E-series | F4: 187
A5: ยูโรฟูจิ | B5: 187 | C5: =B5/F5 | D5: ยูโร·บานเปิด·PCDoor·กระทุ้ง·บานยก·เฟี้ยม·เฟี้ยมยูโร | F5: 187
A6: SlimLux | B6: 170 | C6: =B6/F6 | D6: SlimLux | F6: 170
A7: Velora | B7: 240 | C7: =B7/F7 | D7: Velora | F7: 240
A8: เมืองทอง (กล่อง/ฉาก/Z) | B8: 188 | C8: =B8/F8 | D8: ระแนง·ประตู·บานเกล็ด·ติดตาย·หลังคา | F8: 188
A10: วิธีใช้: ร้านอลูขึ้นราคา → พิมพ์ราคา/กก. ใหม่ทับช่อง B (เช่น เมืองทอง 188→196) → ทุกโปรไฟล์แบรนด์นั้นขยับ % เท่ากันอัตโนมัติ
A12: ค่าอบสี / ลายไม้ — ราคา บาท/กก. (กรอกทับเมื่อขึ้น · ชุดเดียวทุกแบรนด์)
A13: เทาซาฮาร่า | B13: 100 | C13: ค่าอบเทา 100/กก. (ไม่มีค่าล้างสี)
A14: สีอบพิเศษ | B14: 173 | C14: 138 ค่าอบ + 35 ค่าล้างสี (พี่นัทเคาะ 18 มิ.ย.)
A15: สีลายไม้อบพิเศษ | B15: 190 | C15: 155 ค่าอบ + 35 ค่าล้างสี (พี่นัทเคาะ 18 มิ.ย.)
A16: ลายไม้ stock | B16: 112.5 | C16: factor กล่องเมืองทอง · SMS/ยูโร ลายไม้=ราคาตรงต่อเส้น
A17: + ค่าเปิดตู้อบ 2,000 บาท/งาน เฉพาะสีอบพิเศษ/สีลายไม้อบพิเศษ (คงที่ ไม่ขึ้นตาม กก.)
A18: ค่าชุบเหมา (อโนไดซ์) | B18: 200 | C18: บาท/กก. · บวกบนราคาขาว-ดำ · แก้ที่เดียว
A19: ── ตัวคูณลายไม้สต็อค (เส้น SMS/ยูโร) — แยกจากเนื้ออลู ──
A20: ลายไม้สต็อค บาท/กก. | B20: 277 | C20: =B20/F20 | D20: ตอนนี้ 277 (ของจริง) ÷ ตั้งต้น 258 (ที่ฝังไว้) = ตัวคูณลายไม้ | F20: 277
A22: เผื่อเศษอลู (× ตัดเท่าไหร่คิดเท่านั้น) | B22: 1.3 | C22: แก้ที่เดียว · 1.30 = เผื่อเศษ 30%

Sheet ราคาสี
A1: ⚠️ แก้ราคาที่นี่ → ราคาสี/เส้น (จาก Stock.xlsx · ลายไม้เอา max กับที่น้องพิมพ์) — อบพิเศษ/ลายไม้พิเศษ คิดสูตร base+ค่าอบ×นน. · เพิ่มเมืองทอง/SlimLux/Velora/E-series (ราคาประเมิน นน×เรต+ค่าอบ) | K1: ⬇ ราคาใหม่อัตโนมัติเมื่อแก้ราคา/กก. (สีใหม่เติมฐานแล้วขึ้นเอง · ดำ=เทาเสมอ) | S1: ⬇ น้ำหนักคำนวณ | V1: ⬇ สีชุบ (อโนไดซ์)
A2: รหัส | B2: ชื่อ | C2: ระบบ | D2: ขาว/ดำ | E2: เทาซาฮาร่า | F2: ดำซาฮาร่า | G2: แอทแทคเกรย์ | H2: ลายไม้สต็อค | I2: ลายไม้ มะฮอกกานี | J2: ลายไม้ ไวท์โอ๊ค | K2: ตัวคูณ (จาก/กก.) | L2: ขาว/ดำ ปัจจุบัน | M2: เทา ปัจจุบัน | N2: ดำซาฮาร่า ปัจจุบัน | O2: แอทแทคเกรย์ ปัจจุบัน | P2: ลายไม้ ปัจจุบัน | Q2: มะฮอกกานี ปัจจุบัน | R2: ไวท์โอ๊ค ปัจจุบัน | S2: น้ำหนัก กก./เส้น | T2: น้ำหนัก กก./ม. | U2: เพิ่มขึ้น /เส้น | V2: สีชุบ ฿/เส้น
A3: B20001 | B3: เฟรมบนบานเลื่อน | C3: อลูมิเนียม sms | D3: 1125 | E3: 1225 | F3: =E3 | H3: 1825 | K3: =IF(ISNUMBER(SEARCH("เมืองทอง",C3)),mult_mtong,IF(ISNUMBER(SEARCH("SlimLux",C3)),mult_slim,IF(ISNUMBER(SEARCH("Velora",C3)),mult_velora,IF(ISNUMBER(SEARCH("Fuji",C3)),mult_euro,mult_sms)))) | L3: =ROUND(D3*K3,0) | M3: =IF(E3="",ROUND(L3+'อัปเดตราคาอลู'!$B$13*S3,0),ROUND(E3*K3,0)) | N3: =M3 | O3: =IF(G3="",ROUND(L3+rate_special*S3,0),ROUND(G3*mult_euro,0)) | P3: =IF(H3="",ROUND(L3+rate_woodbake*S3,0),ROUND(H3*mult_wood,0)) | Q3: =IF(I3="",ROUND(L3+rate_woodbake*S3,0),ROUND(I3*mult_wood,0)) | R3: =IF(J3="",ROUND(L3+rate_woodbake*S3,0),ROUND(J3*mult_wood,0)) | S3: =ROUND(D3/(IF(ISNUMBER(SEARCH("เมืองทอง",C3)),'อัปเดตราคาอลู'!$F$8,IF(ISNUMBER(SEARCH("SlimLux",C3)),'อัปเดตราคาอลู'!$F$6,IF(ISNUMBER(SEARCH("Velora",C3)),'อัปเดตราคาอลู'!$F$7,IF(ISNUMBER(SEARCH("Fuji",C3)),'อัปเดตราคาอลู'!$F$5,'อัปเดตราคาอลู'!$F$4))))),3) | T3: =ROUND(P3/(IF(OR(ISNUMBER(SEARCH("เมืองทอง",C3)),ISNUMBER(SEARCH("SlimLux",C3)),ISNUMBER(SEARCH("Velora",C3))),6,6.4)),3) | U3: =ROUND(L3-D3,0) | V3: =IF(D3="","",ROUND(D3+rate_anodize*S3,0))
A4: B20002 | B4: เฟรมล่างบานเลื่อน | C4: อลูมิเนียม sms | D4: 1205 | E4: 1310 | F4: =E4 | H4: 1925 | K4: =IF(ISNUMBER(SEARCH("เมืองทอง",C4)),mult_mtong,IF(ISNUMBER(SEARCH("SlimLux",C4)),mult_slim,IF(ISNUMBER(SEARCH("Velora",C4)),mult_velora,IF(ISNUMBER(SEARCH("Fuji",C4)),mult_euro,mult_sms)))) | L4: =ROUND(D4*K4,0) | M4: =IF(E4="",ROUND(L4+'อัปเดตราคาอลู'!$B$13*S4,0),ROUND(E4*K4,0)) | N4: =M4 | O4: =IF(G4="",ROUND(L4+rate_special*S4,0),ROUND(G4*mult_euro,0)) | P4: =IF(H4="",ROUND(L4+rate_woodbake*S4,0),ROUND(H4*mult_wood,0)) | Q4: =IF(I4="",ROUND(L4+rate_woodbake*S4,0),ROUND(I4*mult_wood,0)) | R4: =IF(J4="",ROUND(L4+rate_woodbake*S4,0),ROUND(J4*mult_wood,0)) | S4: =ROUND(D4/(IF(ISNUMBER(SEARCH("เมืองทอง",C4)),'อัปเดตราคาอลู'!$F$8,IF(ISNUMBER(SEARCH("SlimLux",C4)),'อัปเดตราคาอลู'!$F$6,IF(ISNUMBER(SEARCH("Velora",C4)),'อัปเดตราคาอลู'!$F$7,IF(ISNUMBER(SEARCH("Fuji",C4)),'อัปเดตราคาอลู'!$F$5,'อัปเดตราคาอลู'!$F$4))))),3) | T4: =ROUND(P4/(IF(OR(ISNUMBER(SEARCH("เมืองทอง",C4)),ISNUMBER(SEARCH("SlimLux",C4)),ISNUMBER(SEARCH("Velora",C4))),6,6.4)),3) | U4: =ROUND(L4-D4,0) | V4: =IF(D4="","",ROUND(D4+rate_anodize*S4,0))
A5: B20003 | B5: เฟรมข้างบานเลื่อน | C5: อลูมิเนียม sms | D5: 870 | E5: 950 | F5: =E5 | H5: 1395 | K5: =IF(ISNUMBER(SEARCH("เมืองทอง",C5)),mult_mtong,IF(ISNUMBER(SEARCH("SlimLux",C5)),mult_slim,IF(ISNUMBER(SEARCH("Velora",C5)),mult_velora,IF(ISNUMBER(SEARCH("Fuji",C5)),mult_euro,mult_sms)))) | L5: =ROUND(D5*K5,0) | M5: =IF(E5="",ROUND(L5+'อัปเดตราคาอลู'!$B$13*S5,0),ROUND(E5*K5,0)) | N5: =M5 | O5: =IF(G5="",ROUND(L5+rate_special*S5,0),ROUND(G5*mult_euro,0)) | P5: =IF(H5="",ROUND(L5+rate_woodbake*S5,0),ROUND(H5*mult_wood,0)) | Q5: =IF(I5="",ROUND(L5+rate_woodbake*S5,0),ROUND(I5*mult_wood,0)) | R5: =IF(J5="",ROUND(L5+rate_woodbake*S5,0),ROUND(J5*mult_wood,0)) | S5: =ROUND(D5/(IF(ISNUMBER(SEARCH("เมืองทอง",C5)),'อัปเดตราคาอลู'!$F$8,IF(ISNUMBER(SEARCH("SlimLux",C5)),'อัปเดตราคาอลู'!$F$6,IF(ISNUMBER(SEARCH("Velora",C5)),'อัปเดตราคาอลู'!$F$7,IF(ISNUMBER(SEARCH("Fuji",C5)),'อัปเดตราคาอลู'!$F$5,'อัปเดตราคาอลู'!$F$4))))),3) | T5: =ROUND(P5/(IF(OR(ISNUMBER(SEARCH("เมืองทอง",C5)),ISNUMBER(SEARCH("SlimLux",C5)),ISNUMBER(SEARCH("Velora",C5))),6,6.4)),3) | U5: =ROUND(L5-D5,0) | V5: =IF(D5="","",ROUND(D5+rate_anodize*S5,0))
A6: B20004 | B6: เฟรมบนเสริมร่องกระจก | C6: อลูมิเนียม sms | D6: 870 | E6: 950 | F6: =E6 | H6: 1395 | K6: =IF(ISNUMBER(SEARCH("เมืองทอง",C6)),mult_mtong,IF(ISNUMBER(SEARCH("SlimLux",C6)),mult_slim,IF(ISNUMBER(SEARCH("Velora",C6)),mult_velora,IF(ISNUMBER(SEARCH("Fuji",C6)),mult_euro,mult_sms)))) | L6: =ROUND(D6*K6,0) | M6: =IF(E6="",ROUND(L6+'อัปเดตราคาอลู'!$B$13*S6,0),ROUND(E6*K6,0)) | N6: =M6 | O6: =IF(G6="",ROUND(L6+rate_special*S6,0),ROUND(G6*mult_euro,0)) | P6: =IF(H6="",ROUND(L6+rate_woodbake*S6,0),ROUND(H6*mult_wood,0)) | Q6: =IF(I6="",ROUND(L6+rate_woodbake*S6,0),ROUND(I6*mult_wood,0)) | R6: =IF(J6="",ROUND(L6+rate_woodbake*S6,0),ROUND(J6*mult_wood,0)) | S6: =ROUND(D6/(IF(ISNUMBER(SEARCH("เมืองทอง",C6)),'อัปเดตราคาอลู'!$F$8,IF(ISNUMBER(SEARCH("SlimLux",C6)),'อัปเดตราคาอลู'!$F$6,IF(ISNUMBER(SEARCH("Velora",C6)),'อัปเดตราคาอลู'!$F$7,IF(ISNUMBER(SEARCH("Fuji",C6)),'อัปเดตราคาอลู'!$F$5,'อัปเดตราคาอลู'!$F$4))))),3) | T6: =ROUND(P6/(IF(OR(ISNUMBER(SEARCH("เมืองทอง",C6)),ISNUMBER(SEARCH("SlimLux",C6)),ISNUMBER(SEARCH("Velora",C6))),6,6.4)),3) | U6: =ROUND(L6-D6,0) | V6: =IF(D6="","",ROUND(D6+rate_anodize*S6,0))
A7: B20007 | B7: เสากุญแจ (ตูดตัน) | C7: อลูมิเนียม sms | D7: 660 | E7: 725 | F7: =E7 | H7: 1065 | K7: =IF(ISNUMBER(SEARCH("เมืองทอง",C7)),mult_mtong,IF(ISNUMBER(SEARCH("SlimLux",C7)),mult_slim,IF(ISNUMBER(SEARCH("Velora",C7)),mult_velora,IF(ISNUMBER(SEARCH("Fuji",C7)),mult_euro,mult_sms)))) | L7: =ROUND(D7*K7,0) | M7: =IF(E7="",ROUND(L7+'อัปเดตราคาอลู'!$B$13*S7,0),ROUND(E7*K7,0)) | N7: =M7 | O7: =IF(G7="",ROUND(L7+rate_special*S7,0),ROUND(G7*mult_euro,0)) | P7: =IF(H7="",ROUND(L7+rate_woodbake*S7,0),ROUND(H7*mult_wood,0)) | Q7: =IF(I7="",ROUND(L7+rate_woodbake*S7,0),ROUND(I7*mult_wood,0)) | R7: =IF(J7="",ROUND(L7+rate_woodbake*S7,0),ROUND(J7*mult_wood,0)) | S7: =ROUND(D7/(IF(ISNUMBER(SEARCH("เมืองทอง",C7)),'อัปเดตราคาอลู'!$F$8,IF(ISNUMBER(SEARCH("SlimLux",C7)),'อัปเดตราคาอลู'!$F$6,IF(ISNUMBER(SEARCH("Velora",C7)),'อัปเดตราคาอลู'!$F$7,IF(ISNUMBER(SEARCH("Fuji",C7)),'อัปเดตราคาอลู'!$F$5,'อัปเดตราคาอลู'!$F$4))))),3) | T7: =ROUND(P7/(IF(OR(ISNUMBER(SEARCH("เมืองทอง",C7)),ISNUMBER(SEARCH("SlimLux",C7)),ISNUMBER(SEARCH("Velora",C7))),6,6.4)),3) | U7: =ROUND(L7-D7,0) | V7: =IF(D7="","",ROUND(D7+rate_anodize*S7,0))
A8: B20008 | B8: เสากุญแจแบบรับแรง | C8: อลูมิเนียม sms | D8: 1125 | E8: 1225 | F8: =E8 | H8: 1800 | K8: =IF(ISNUMBER(SEARCH("เมืองทอง",C8)),mult_mtong,IF(ISNUMBER(SEARCH("SlimLux",C8)),mult_slim,IF(ISNUMBER(SEARCH("Velora",C8)),mult_velora,IF(ISNUMBER(SEARCH("Fuji",C8)),mult_euro,mult_sms)))) | L8: =ROUND(D8*K8,0) | M8: =IF(E8="",ROUND(L8+'อัปเดตราคาอลู'!$B$13*S8,0),ROUND(E8*K8,0)) | N8: =M8 | O8: =IF(G8="",ROUND(L8+rate_special*S8,0),ROUND(G8*mult_euro,0)) | P8: =IF(H8="",ROUND(L8+rate_woodbake*S8,0),ROUND(H8*mult_wood,0)) | Q8: =IF(I8="",ROUND(L8+rate_woodbake*S8,0),ROUND(I8*mult_wood,0)) | R8: =IF(J8="",ROUND(L8+rate_woodbake*S8,0),ROUND(J8*mult_wood,0)) | S8: =ROUND(D8/(IF(ISNUMBER(SEARCH("เมืองทอง",C8)),'อัปเดตราคาอลู'!$F$8,IF(ISNUMBER(SEARCH("SlimLux",C8)),'อัปเดตราคาอลู'!$F$6,IF(ISNUMBER(SEARCH("Velora",C8)),'อัปเดตราคาอลู'!$F$7,IF(ISNUMBER(SEARCH("Fuji",C8)),'อัปเดตราคาอลู'!$F$5,'อัปเดตราคาอลู'!$F$4))))),3) | T8: =ROUND(P8/(IF(OR(ISNUMBER(SEARCH("เมืองทอง",C8)),ISNUMBER(SEARCH("SlimLux",C8)),ISNUMBER(SEARCH("Velora",C8))),6,6.4)),3) | U8: =ROUND(L8-D8,0) | V8: =IF(D8="","",ROUND(D8+rate_anodize*S8,0))
A9: B20009 | B9: เสาเกี่ยว (ธรรมดา) | C9: อลูมิเนียม sms | D9: 690 | E9: 750 | F9: =E9 | H9: 1105 | K9: =IF(ISNUMBER(SEARCH("เมืองทอง",C9)),mult_mtong,IF(ISNUMBER(SEARCH("SlimLux",C9)),mult_slim,IF(ISNUMBER(SEARCH("Velora",C9)),mult_velora,IF(ISNUMBER(SEARCH("Fuji",C9)),mult_euro,mult_sms)))) | L9: =ROUND(D9*K9,0) | M9: =IF(E9="",ROUND(L9+'อัปเดตราคาอลู'!$B$13*S9,0),ROUND(E9*K9,0)) | N9: =M9 | O9: =IF(G9="",ROUND(L9+rate_special*S9,0),ROUND(G9*mult_euro,0)) | P9: =IF(H9="",ROUND(L9+rate_woodbake*S9,0),ROUND(H9*mult_wood,0)) | Q9: =IF(I9="",ROUND(L9+rate_woodbake*S9,0),ROUND(I9*mult_wood,0)) | R9: =IF(J9="",ROUND(L9+rate_woodbake*S9,0),ROUND(J9*mult_wood,0)) | S9: =ROUND(D9/(IF(ISNUMBER(SEARCH("เมืองทอง",C9)),'อัปเดตราคาอลู'!$F$8,IF(ISNUMBER(SEARCH("SlimLux",C9)),'อัปเดตราคาอลู'!$F$6,IF(ISNUMBER(SEARCH("Velora",C9)),'อัปเดตราคาอลู'!$F$7,IF(ISNUMBER(SEARCH("Fuji",C9)),'อัปเดตราคาอลู'!$F$5,'อัปเดตราคาอลู'!$F$4))))),3) | T9: =ROUND(P9/(IF(OR(ISNUMBER(SEARCH("เมืองทอง",C9)),ISNUMBER(SEARCH("SlimLux",C9)),ISNUMBER(SEARCH("Velora",C9))),6,6.4)),3) | U9: =ROUND(L9-D9,0) | V9: =IF(D9="","",ROUND(D9+rate_anodize*S9,0))
A10: B20010 | B10: เสาเกี่ยวนอก (สูง 2.4 m) | C10: อลูมิเนียม sms | D10: 1235 | E10: 1345 | F10: =E10 | H10: 1975 | K10: =IF(ISNUMBER(SEARCH("เมืองทอง",C10)),mult_mtong,IF(ISNUMBER(SEARCH("SlimLux",C10)),mult_slim,IF(ISNUMBER(SEARCH("Velora",C10)),mult_velora,IF(ISNUMBER(SEARCH("Fuji",C10)),mult_euro,mult_sms)))) | L10: =ROUND(D10*K10,0) | M10: =IF(E10="",ROUND(L10+'อัปเดตราคาอลู'!$B$13*S10,0),ROUND(E10*K10,0)) | N10: =M10 | O10: =IF(G10="",ROUND(L10+rate_special*S10,0),ROUND(G10*mult_euro,0)) | P10: =IF(H10="",ROUND(L10+rate_woodbake*S10,0),ROUND(H10*mult_wood,0)) | Q10: =IF(I10="",ROUND(L10+rate_woodbake*S10,0),ROUND(I10*mult_wood,0)) | R10: =IF(J10="",ROUND(L10+rate_woodbake*S10,0),ROUND(J10*mult_wood,0)) | S10: =ROUND(D10/(IF(ISNUMBER(SEARCH("เมืองทอง",C10)),'อัปเดตราคาอลู'!$F$8,IF(ISNUMBER(SEARCH("SlimLux",C10)),'อัปเดตราคาอลู'!$F$6,IF(ISNUMBER(SEARCH("Velora",C10)),'อัปเดตราคาอลู'!$F$7,IF(ISNUMBER(SEARCH("Fuji",C10)),'อัปเดตราคาอลู'!$F$5,'อัปเดตราคาอลู'!$F$4))))),3) | T10: =ROUND(P10/(IF(OR(ISNUMBER(SEARCH("เมืองทอง",C10)),ISNUMBER(SEARCH("SlimLux",C10)),ISNUMBER(SEARCH("Velora",C10))),6,6.4)),3) | U10: =ROUND(L10-D10,0) | V10: =IF(D10="","",ROUND(D10+rate_anodize*S10,0))
A11: B20019 | B11: ฝาปิดเฟรมข้าง | C11: อลูมิเนียม sms | D11: 175 | E11: 190 | F11: =E11 | H11: 280 | K11: =IF(ISNUMBER(SEARCH("เมืองทอง",C11)),mult_mtong,IF(ISNUMBER(SEARCH("SlimLux",C11)),mult_slim,IF(ISNUMBER(SEARCH("Velora",C11)),mult_velora,IF(ISNUMBER(SEARCH("Fuji",C11)),mult_euro,mult_sms)))) | L11: =ROUND(D11*K11,0) | M11: =IF(E11="",ROUND(L11+'อัปเดตราคาอลู'!$B$13*S11,0),ROUND(E11*K11,0)) | N11: =M11 | O11: =IF(G11="",ROUND(L11+rate_special*S11,0),ROUND(G11*mult_euro,0)) | P11: =IF(H11="",ROUND(L11+rate_woodbake*S11,0),ROUND(H11*mult_wood,0)) | Q11: =IF(I11="",ROUND(L11+rate_woodbake*S11,0),ROUND(I11*mult_wood,0)) | R11: =IF(J11="",ROUND(L11+rate_woodbake*S11,0),ROUND(J11*mult_wood,0)) | S11: =ROUND(D11/(IF(ISNUMBER(SEARCH("เมืองทอง",C11)),'อัปเดตราคาอลู'!$F$8,IF(ISNUMBER(SEARCH("SlimLux",C11)),'อัปเดตราคาอลู'!$F$6,IF(ISNUMBER(SEARCH("Velora",C11)),'อัปเดตราคาอลู'!$F$7,IF(ISNUMBER(SEARCH("Fuji",C11)),'อัปเดตราคาอลู'!$F$5,'อัปเดตราคาอลู'!$F$4))))),3) | T11: =ROUND(P11/(IF(OR(ISNUMBER(SEARCH("เมืองทอง",C11)),ISNUMBER(SEARCH("SlimLux",C11)),ISNUMBER(SEARCH("Velora",C11))),6,6.4)),3) | U11: =ROUND(L11-D11,0) | V11: =IF(D11="","",ROUND(D11+rate_anodize*S11,0))
A12: B20024 | B12: คิ้วกันตก | C12: อลูมิเนียม sms | D12: 185 | E12: 200 | F12: =E12 | H12: 295 | K12: =IF(ISNUMBER(SEARCH("เมืองทอง",C12)),mult_mtong,IF(ISNUMBER(SEARCH("SlimLux",C12)),mult_slim,IF(ISNUMBER(SEARCH("Velora",C12)),mult_velora,IF(ISNUMBER(SEARCH("Fuji",C12)),mult_euro,mult_sms)))) | L12: =ROUND(D12*K12,0) | M12: =IF(E12="",ROUND(L12+'อัปเดตราคาอลู'!$B$13*S12,0),ROUND(E12*K12,0)) | N12: =M12 | O12: =IF(G12="",ROUND(L12+rate_special*S12,0),ROUND(G12*mult_euro,0)) | P12: =IF(H12="",ROUND(L12+rate_woodbake*S12,0),ROUND(H12*mult_wood,0)) | Q12: =IF(I12="",ROUND(L12+rate_woodbake*S12,0),ROUND(I12*mult_wood,0)) | R12: =IF(J12="",ROUND(L12+rate_woodbake*S12,0),ROUND(J12*mult_wood,0)) | S12: =ROUND(D12/(IF(ISNUMBER(SEARCH("เมืองทอง",C12)),'อัปเดตราคาอลู'!$F$8,IF(ISNUMBER(SEARCH("SlimLux",C12)),'อัปเดตราคาอลู'!$F$6,IF(ISNUMBER(SEARCH("Velora",C12)),'อัปเดตราคาอลู'!$F$7,IF(ISNUMBER(SEARCH("Fuji",C12)),'อัปเดตราคาอลู'!$F$5,'อัปเดตราคาอลู'!$F$4))))),3) | T12: =ROUND(P12/(IF(OR(ISNUMBER(SEARCH("เมืองทอง",C12)),ISNUMBER(SEARCH("SlimLux",C12)),ISNUMBER(SEARCH("Velora",C12))),6,6.4)),3) | U12: =ROUND(L12-D12,0) | V12: =IF(D12="","",ROUND(D12+rate_anodize*S12,0))
A13: B20041 | B13: เฟรมบานเลื่อน (3รางเสียบ) | C13: อลูมิเนียม sms | D13: 2070 | E13: 2255 | F13: =E13 | H13: 3424 | K13: =IF(ISNUMBER(SEARCH("เมืองทอง",C13)),mult_mtong,IF(ISNUMBER(SEARCH("SlimLux",C13)),mult_slim,IF(ISNUMBER(SEARCH("Velora",C13)),mult_velora,IF(ISNUMBER(SEARCH("Fuji",C13)),mult_euro,mult_sms)))) | L13: =ROUND(D13*K13,0) | M13: =IF(E13="",ROUND(L13+'อัปเดตราคาอลู'!$B$13*S13,0),ROUND(E13*K13,0)) | N13: =M13 | O13: =IF(G13="",ROUND(L13+rate_special*S13,0),ROUND(G13*mult_euro,0)) | P13: =IF(H13="",ROUND(L13+rate_woodbake*S13,0),ROUND(H13*mult_wood,0)) | Q13: =IF(I13="",ROUND(L13+rate_woodbake*S13,0),ROUND(I13*mult_wood,0)) | R13: =IF(J13="",ROUND(L13+rate_woodbake*S13,0),ROUND(J13*mult_wood,0)) | S13: =ROUND(D13/(IF(ISNUMBER(SEARCH("เมืองทอง",C13)),'อัปเดตราคาอลู'!$F$8,IF(ISNUMBER(SEARCH("SlimLux",C13)),'อัปเดตราคาอลู'!$F$6,IF(ISNUMBER(SEARCH("Velora",C13)),'อัปเดตราคาอลู'!$F$7,IF(ISNUMBER(SEARCH("Fuji",C13)),'อัปเดตราคาอลู'!$F$5,'อัปเดตราคาอลู'!$F$4))))),3) | T13: =ROUND(P13/(IF(OR(ISNUMBER(SEARCH("เมืองทอง",C13)),ISNUMBER(SEARCH("SlimLux",C13)),ISNUMBER(SEARCH("Velora",C13))),6,6.4)),3) | U13: =ROUND(L13-D13,0) | V13: =IF(D13="","",ROUND(D13+rate_anodize*S13,0))
A14: B20048 | B14: ตัวตบรางมุ้ง | C14: อลูมิเนียม sms | D14: 310 | E14: 340 | F14: =E14 | H14: 495 | K14: =IF(ISNUMBER(SEARCH("เมืองทอง",C14)),mult_mtong,IF(ISNUMBER(SEARCH("SlimLux",C14)),mult_slim,IF(ISNUMBER(SEARCH("Velora",C14)),mult_velora,IF(ISNUMBER(SEARCH("Fuji",C14)),mult_euro,mult_sms)))) | L14: =ROUND(D14*K14,0) | M14: =IF(E14="",ROUND(L14+'อัปเดตราคาอลู'!$B$13*S14,0),ROUND(E14*K14,0)) | N14: =M14 | O14: =IF(G14="",ROUND(L14+rate_special*S14,0),ROUND(G14*mult_euro,0)) | P14: =IF(H14="",ROUND(L14+rate_woodbake*S14,0),ROUND(H14*mult_wood,0)) | Q14: =IF(I14="",ROUND(L14+rate_woodbake*S14,0),ROUND(I14*mult_wood,0)) | R14: =IF(J14="",ROUND(L14+rate_woodbake*S14,0),ROUND(J14*mult_wood,0)) | S14: =ROUND(D14/(IF(ISNUMBER(SEARCH("เมืองทอง",C14)),'อัปเดตราคาอลู'!$F$8,IF(ISNUMBER(SEARCH("SlimLux",C14)),'อัปเดตราคาอลู'!$F$6,IF(ISNUMBER(SEARCH("Velora",C14)),'อัปเดตราคาอลู'!$F$7,IF(ISNUMBER(SEARCH("Fuji",C14)),'อัปเดตราคาอลู'!$F$5,'อัปเดตราคาอลู'!$F$4))))),3) | T14: =ROUND(P14/(IF(OR(ISNUMBER(SEARCH("เมืองทอง",C14)),ISNUMBER(SEARCH("SlimLux",C14)),ISNUMBER(SEARCH("Velora",C14))),6,6.4)),3) | U14: =ROUND(L14-D14,0) | V14: =IF(D14="","",ROUND(D14+rate_anodize*S14,0))
... A35: B30006 | B35: กรอบมุ้ง | C35: อลูมิเนียม sms | D35: 625 | E35: 680 | F35: =E35 | H35: 1000 | K35: =IF(ISNUMBER(SEARCH("เมืองทอง",C35)),mult_mtong,IF(ISNUMBER(SEARCH("SlimLux",C35)),mult_slim,IF(ISNUMBER(SEARCH("Velora",C35)),mult_velora,IF(ISNUMBER(SEARCH("Fuji",C35)),mult_euro,mult_sms)))) | L35: =ROUND(D35*K35,0) | M35: =IF(E35="",ROUND(L35+'อัปเดตราคาอลู'!$B$13*S35,0),ROUND(E35*K35,0)) | N35: =M35 | O35: =IF(G35="",ROUND(L35+rate_special*S35,0),ROUND(G35*mult_euro,0)) | P35: =IF(H35="",ROUND(L35+rate_woodbake*S35,0),ROUND(H35*mult_wood,0)) | Q35: =IF(I35="",ROUND(L35+rate_woodbake*S35,0),ROUND(I35*mult_wood,0)) | R35: =IF(J35="",ROUND(L35+rate_woodbake*S35,0),ROUND(J35*mult_wood,0)) | S35: =ROUND(D35/(IF(ISNUMBER(SEARCH("เมืองทอง",C35)),'อัปเดตราคาอลู'!$F$8,IF(ISNUMBER(SEARCH("SlimLux",C35)),'อัปเดตราคาอลู'!$F$6,IF(ISNUMBER(SEARCH("Velora",C35)),'อัปเดตราคาอลู'!$F$7,IF(ISNUMBER(SEARCH("Fuji",C35)),'อัปเดตราคาอลู'!$F$5,'อัปเดตราคาอลู'!$F$4))))),3) | T35: =ROUND(P35/(IF(OR(ISNUMBER(SEARCH("เมืองทอง",C35)),ISNUMBER(SEARCH("SlimLux",C35)),ISNUMBER(SEARCH("Velora",C35))),6,6.4)),3) | U35: =ROUND(L35-D35,0) | V35: =IF(D35="","",ROUND(D35+rate_anodize*S35,0))
A36: F7976 | B36: เฟรมบน-ล่างบานเลื่อน 3 ราง | C36: อลูมิเนียม Fuji | D36: 2310 | E36: 2475 | F36: =E36 | G36: 2500 | H36: 3350 | I36: 3485 | J36: 3460 | K36: =IF(ISNUMBER(SEARCH("เมืองทอง",C36)),mult_mtong,IF(ISNUMBER(SEARCH("SlimLux",C36)),mult_slim,IF(ISNUMBER(SEARCH("Velora",C36)),mult_velora,IF(ISNUMBER(SEARCH("Fuji",C36)),mult_euro,mult_sms)))) | L36: =ROUND(D36*K36,0) | M36: =IF(E36="",ROUND(L36+'อัปเดตราคาอลู'!$B$13*S36,0),ROUND(E36*K36,0)) | N36: =M36 | O36: =IF(G36="",ROUND(L36+rate_special*S36,0),ROUND(G36*mult_euro,0)) | P36: =IF(H36="",ROUND(L36+rate_woodbake*S36,0),ROUND(H36*mult_wood,0)) | Q36: =IF(I36="",ROUND(L36+rate_woodbake*S36,0),ROUND(I36*mult_wood,0)) | R36: =IF(J36="",ROUND(L36+rate_woodbake*S36,0),ROUND(J36*mult_wood,0)) | S36: =ROUND(D36/(IF(ISNUMBER(SEARCH("เมืองทอง",C36)),'อัปเดตราคาอลู'!$F$8,IF(ISNUMBER(SEARCH("SlimLux",C36)),'อัปเดตราคาอลู'!$F$6,IF(ISNUMBER(SEARCH("Velora",C36)),'อัปเดตราคาอลู'!$F$7,IF(ISNUMBER(SEARCH("Fuji",C36)),'อัปเดตราคาอลู'!$F$5,'อัปเดตราคาอลู'!$F$4))))),3) | T36: =ROUND(P36/(IF(OR(ISNUMBER(SEARCH("เมืองทอง",C36)),ISNUMBER(SEARCH("SlimLux",C36)),ISNUMBER(SEARCH("Velora",C36))),6,6.4)),3) | U36: =ROUND(L36-D36,0) | V36: =IF(D36="","",ROUND(D36+rate_anodize*S36,0))
A37: F7869 | B37: เฟรมบน-ล่างบานเลื่อน 3 ราง (ตัวหนา) | C37: อลูมิเนียม Fuji | D37: 2780 | E37: 2980 | F37: =E37 | G37: 3010 | H37: 4005 | I37: 4195 | J37: 4165 | K37: =IF(ISNUMBER(SEARCH("เมืองทอง",C37)),mult_mtong,IF(ISNUMBER(SEARCH("SlimLux",C37)),mult_slim,IF(ISNUMBER(SEARCH("Velora",C37)),mult_velora,IF(ISNUMBER(SEARCH("Fuji",C37)),mult_euro,mult_sms)))) | L37: =ROUND(D37*K37,0) | M37: =IF(E37="",ROUND(L37+'อัปเดตราคาอลู'!$B$13*S37,0),ROUND(E37*K37,0)) | N37: =M37 | O37: =IF(G37="",ROUND(L37+rate_special*S37,0),ROUND(G37*mult_euro,0)) | P37: =IF(H37="",ROUND(L37+rate_woodbake*S37,0),ROUND(H37*mult_wood,0)) | Q37: =IF(I37="",ROUND(L37+rate_woodbake*S37,0),ROUND(I37*mult_wood,0)) | R37: =IF(J37="",ROUND(L37+rate_woodbake*S37,0),ROUND(J37*mult_wood,0)) | S37: =ROUND(D37/(IF(ISNUMBER(SEARCH("เมืองทอง",C37)),'อัปเดตราคาอลู'!$F$8,IF(ISNUMBER(SEARCH("SlimLux",C37)),'อัปเดตราคาอลู'!$F$6,IF(ISNUMBER(SEARCH("Velora",C37)),'อัปเดตราคาอลู'!$F$7,IF(ISNUMBER(SEARCH("Fuji",C37)),'อัปเดตราคาอลู'!$F$5,'อัปเดตราคาอลู'!$F$4))))),3) | T37: =ROUND(P37/(IF(OR(ISNUMBER(SEARCH("เมืองทอง",C37)),ISNUMBER(SEARCH("SlimLux",C37)),ISNUMBER(SEARCH("Velora",C37))),6,6.4)),3) | U37: =ROUND(L37-D37,0) | V37: =IF(D37="","",ROUND(D37+rate_anodize*S37,0))
A38: F7977 | B38: เฟรมบน-ล่างบานเลื่อน 2 ราง | C38: อลูมิเนียม Fuji | D38: 1535 | E38: 1645 | F38: =E38 | G38: 1665 | H38: 2250 | I38: 2320 | J38: 2300 | K38: =IF(ISNUMBER(SEARCH("เมืองทอง",C38)),mult_mtong,IF(ISNUMBER(SEARCH("SlimLux",C38)),mult_slim,IF(ISNUMBER(SEARCH("Velora",C38)),mult_velora,IF(ISNUMBER(SEARCH("Fuji",C38)),mult_euro,mult_sms)))) | L38: =ROUND(D38*K38,0) | M38: =IF(E38="",ROUND(L38+'อัปเดตราคาอลู'!$B$13*S38,0),ROUND(E38*K38,0)) | N38: =M38 | O38: =IF(G38="",ROUND(L38+rate_special*S38,0),ROUND(G38*mult_euro,0)) | P38: =IF(H38="",ROUND(L38+rate_woodbake*S38,0),ROUND(H38*mult_wood,0)) | Q38: =IF(I38="",ROUND(L38+rate_woodbake*S38,0),ROUND(I38*mult_wood,0)) | R38: =IF(J38="",ROUND(L38+rate_woodbake*S38,0),ROUND(J38*mult_wood,0)) | S38: =ROUND(D38/(IF(ISNUMBER(SEARCH("เมืองทอง",C38)),'อัปเดตราคาอลู'!$F$8,IF(ISNUMBER(SEARCH("SlimLux",C38)),'อัปเดตราคาอลู'!$F$6,IF(ISNUMBER(SEARCH("Velora",C38)),'อัปเดตราคาอลู'!$F$7,IF(ISNUMBER(SEARCH("Fuji",C38)),'อัปเดตราคาอลู'!$F$5,'อัปเดตราคาอลู'!$F$4))))),3) | T38: =ROUND(P38/(IF(OR(ISNUMBER(SEARCH("เมืองทอง",C38)),ISNUMBER(SEARCH("SlimLux",C38)),ISNUMBER(SEARCH("Velora",C38))),6,6.4)),3) | U38: =ROUND(L38-D38,0) | V38: =IF(D38="","",ROUND(D38+rate_anodize*S38,0))
A39: F7990 | B39: ต่อเฟรมบน-ล่างบานเลื่อน | C39: อลูมิเนียม Fuji | D39: 1035 | E39: 1105 | F39: =E39 | G39: 1120 | H39: 1485 | I39: 1560 | J39: 1550 | K39: =IF(ISNUMBER(SEARCH("เมืองทอง",C39)),mult_mtong,IF(ISNUMBER(SEARCH("SlimLux",C39)),mult_slim,IF(ISNUMBER(SEARCH("Velora",C39)),mult_velora,IF(ISNUMBER(SEARCH("Fuji",C39)),mult_euro,mult_sms)))) | L39: =ROUND(D39*K39,0) | M39: =IF(E39="",ROUND(L39+'อัปเดตราคาอลู'!$B$13*S39,0),ROUND(E39*K39,0)) | N39: =M39 | O39: =IF(G39="",ROUND(L39+rate_special*S39,0),ROUND(G39*mult_euro,0)) | P39: =IF(H39="",ROUND(L39+rate_woodbake*S39,0),ROUND(H39*mult_wood,0)) | Q39: =IF(I39="",ROUND(L39+rate_woodbake*S39,0),ROUND(I39*mult_wood,0)) | R39: =IF(J39="",ROUND(L39+rate_woodbake*S39,0),ROUND(J39*mult_wood,0)) | S39: =ROUND(D39/(IF(ISNUMBER(SEARCH("เมืองทอง",C39)),'อัปเดตราคาอลู'!$F$8,IF(ISNUMBER(SEARCH("SlimLux",C39)),'อัปเดตราคาอลู'!$F$6,IF(ISNUMBER(SEARCH("Velora",C39)),'อัปเดตราคาอลู'!$F$7,IF(ISNUMBER(SEARCH("Fuji",C39)),'อัปเดตราคาอลู'!$F$5,'อัปเดตราคาอลู'!$F$4))))),3) | T39: =ROUND(P39/(IF(OR(ISNUMBER(SEARCH("เมืองทอง",C39)),ISNUMBER(SEARCH("SlimLux",C39)),ISNUMBER(SEARCH("Velora",C39))),6,6.4)),3) | U39: =ROUND(L39-D39,0) | V39: =IF(D39="","",ROUND(D39+rate_anodize*S39,0))
A40: F7902 | B40: เฟรมล่างบานเลื่อน 3 ราง (ตัวเตี้ย) | C40: อลูมิเนียม Fuji | D40: 1225 | E40: 1315 | F40: =E40 | G40: 1325 | H40: 1795 | I40: 1850 | J40: 1835 | K40: =IF(ISNUMBER(SEARCH("เมืองทอง",C40)),mult_mtong,IF(ISNUMBER(SEARCH("SlimLux",C40)),mult_slim,IF(ISNUMBER(SEARCH("Velora",C40)),mult_velora,IF(ISNUMBER(SEARCH("Fuji",C40)),mult_euro,mult_sms)))) | L40: =ROUND(D40*K40,0) | M40: =IF(E40="",ROUND(L40+'อัปเดตราคาอลู'!$B$13*S40,0),ROUND(E40*K40,0)) | N40: =M40 | O40: =IF(G40="",ROUND(L40+rate_special*S40,0),ROUND(G40*mult_euro,0)) | P40: =IF(H40="",ROUND(L40+rate_woodbake*S40,0),ROUND(H40*mult_wood,0)) | Q40: =IF(I40="",ROUND(L40+rate_woodbake*S40,0),ROUND(I40*mult_wood,0)) | R40: =IF(J40="",ROUND(L40+rate_woodbake*S40,0),ROUND(J40*mult_wood,0)) | S40: =ROUND(D40/(IF(ISNUMBER(SEARCH("เมืองทอง",C40)),'อัปเดตราคาอลู'!$F$8,IF(ISNUMBER(SEARCH("SlimLux",C40)),'อัปเดตราคาอลู'!$F$6,IF(ISNUMBER(SEARCH("Velora",C40)),'อัปเดตราคาอลู'!$F$7,IF(ISNUMBER(SEARCH("Fuji",C40)),'อัปเดตราคาอลู'!$F$5,'อัปเดตราคาอลู'!$F$4))))),3) | T40: =ROUND(P40/(IF(OR(ISNUMBER(SEARCH("เมืองทอง",C40)),ISNUMBER(SEARCH("SlimLux",C40)),ISNUMBER(SEARCH("Velora",C40))),6,6.4)),3) | U40: =ROUND(L40-D40,0) | V40: =IF(D40="","",ROUND(D40+rate_anodize*S40,0))
A41: F7978 | B41: เฟรมข้างบานเลื่อน 3 ราง | C41: อลูมิเนียม Fuji | D41: 860 | E41: 925 | F41: =E41 | G41: 935 | H41: 1395 | I41: 1300 | J41: 1290 | K41: =IF(ISNUMBER(SEARCH("เมืองทอง",C41)),mult_mtong,IF(ISNUMBER(SEARCH("SlimLux",C41)),mult_slim,IF(ISNUMBER(SEARCH("Velora",C41)),mult_velora,IF(ISNUMBER(SEARCH("Fuji",C41)),mult_euro,mult_sms)))) | L41: =ROUND(D41*K41,0) | M41: =IF(E41="",ROUND(L41+'อัปเดตราคาอลู'!$B$13*S41,0),ROUND(E41*K41,0)) | N41: =M41 | O41: =IF(G41="",ROUND(L41+rate_special*S41,0),ROUND(G41*mult_euro,0)) | P41: =IF(H41="",ROUND(L41+rate_woodbake*S41,0),ROUND(H41*mult_wood,0)) | Q41: =IF(I41="",ROUND(L41+rate_woodbake*S41,0),ROUND(I41*mult_wood,0)) | R41: =IF(J41="",ROUND(L41+rate_woodbake*S41,0),ROUND(J41*mult_wood,0)) | S41: =ROUND(D41/(IF(ISNUMBER(SEARCH("เมืองทอง",C41)),'อัปเดตราคาอลู'!$F$8,IF(ISNUMBER(SEARCH("SlimLux",C41)),'อัปเดตราคาอลู'!$F$6,IF(ISNUMBER(SEARCH("Velora",C41)),'อัปเดตราคาอลู'!$F$7,IF(ISNUMBER(SEARCH("Fuji",C41)),'อัปเดตราคาอลู'!$F$5,'อัปเดตราคาอลู'!$F$4))))),3) | T41: =ROUND(P41/(IF(OR(ISNUMBER(SEARCH("เมืองทอง",C41)),ISNUMBER(SEARCH("SlimLux",C41)),ISNUMBER(SEARCH("Velora",C41))),6,6.4)),3) | U41: =ROUND(L41-D41,0) | V41: =IF(D41="","",ROUND(D41+rate_anodize*S41,0))
A42: F7870 | B42: เฟรมข้างบานเลื่อน 3 ราง (ตัวหนา) | C42: อลูมิเนียม Fuji | D42: 1115 | E42: 1195 | F42: =E42 | G42: 1210 | H42: 1635 | I42: 1685 | J42: 1670 | K42: =IF(ISNUMBER(SEARCH("เมืองทอง",C42)),mult_mtong,IF(ISNUMBER(SEARCH("SlimLux",C42)),mult_slim,IF(ISNUMBER(SEARCH("Velora",C42)),mult_velora,IF(ISNUMBER(SEARCH("Fuji",C42)),mult_euro,mult_sms)))) | L42: =ROUND(D42*K42,0) | M42: =IF(E42="",ROUND(L42+'อัปเดตราคาอลู'!$B$13*S42,0),ROUND(E42*K42,0)) | N42: =M42 | O42: =IF(G42="",ROUND(L42+rate_special*S42,0),ROUND(G42*mult_euro,0)) | P42: =IF(H42="",ROUND(L42+rate_woodbake*S42,0),ROUND(H42*mult_wood,0)) | Q42: =IF(I42="",ROUND(L42+rate_woodbake*S42,0),ROUND(I42*mult_wood,0)) | R42: =IF(J42="",ROUND(L42+rate_woodbake*S42,0),ROUND(J42*mult_wood,0)) | S42: =ROUND(D42/(IF(ISNUMBER(SEARCH("เมืองทอง",C42)),'อัปเดตราคาอลู'!$F$8,IF(ISNUMBER(SEARCH("SlimLux",C42)),'อัปเดตราคาอลู'!$F$6,IF(ISNUMBER(SEARCH("Velora",C42)),'อัปเดตราคาอลู'!$F$7,IF(ISNUMBER(SEARCH("Fuji",C42)),'อัปเดตราคาอลู'!$F$5,'อัปเดตราคาอลู'!$F$4))))),3) | T42: =ROUND(P42/(IF(OR(ISNUMBER(SEARCH("เมืองทอง",C42)),ISNUMBER(SEARCH("SlimLux",C42)),ISNUMBER(SEARCH("Velora",C42))),6,6.4)),3) | U42: =ROUND(L42-D42,0) | V42: =IF(D42="","",ROUND(D42+rate_anodize*S42,0))
A43: F7979 | B43: เฟรมข้างบานเลื่อน 2 ราง | C43: อลูมิเนียม Fuji | D43: 695 | E43: 745 | F43: =E43 | G43: 750 | H43: 1030 | I43: 1050 | J43: 1040 | K43: =IF(ISNUMBER(SEARCH("เมืองทอง",C43)),mult_mtong,IF(ISNUMBER(SEARCH("SlimLux",C43)),mult_slim,IF(ISNUMBER(SEARCH("Velora",C43)),mult_velora,IF(ISNUMBER(SEARCH("Fuji",C43)),mult_euro,mult_sms)))) | L43: =ROUND(D43*K43,0) | M43: =IF(E43="",ROUND(L43+'อัปเดตราคาอลู'!$B$13*S43,0),ROUND(E43*K43,0)) | N43: =M43 | O43: =IF(G43="",ROUND(L43+rate_special*S43,0),ROUND(G43*mult_euro,0)) | P43: =IF(H43="",ROUND(L43+rate_woodbake*S43,0),ROUND(H43*mult_wood,0)) | Q43: =IF(I43="",ROUND(L43+rate_woodbake*S43,0),ROUND(I43*mult_wood,0)) | R43: =IF(J43="",ROUND(L43+rate_woodbake*S43,0),ROUND(J43*mult_wood,0)) | S43: =ROUND(D43/(IF(ISNUMBER(SEARCH("เมืองทอง",C43)),'อัปเดตราคาอลู'!$F$8,IF(ISNUMBER(SEARCH("SlimLux",C43)),'อัปเดตราคาอลู'!$F$6,IF(ISNUMBER(SEARCH("Velora",C43)),'อัปเดตราคาอลู'!$F$7,IF(ISNUMBER(SEARCH("Fuji",C43)),'อัปเดตราคาอลู'!$F$5,'อัปเดตราคาอลู'!$F$4))))),3) | T43: =ROUND(P43/(IF(OR(ISNUMBER(SEARCH("เมืองทอง",C43)),ISNUMBER(SEARCH("SlimLux",C43)),ISNUMBER(SEARCH("Velora",C43))),6,6.4)),3) | U43: =ROUND(L43-D43,0) | V43: =IF(D43="","",ROUND(D43+rate_anodize*S43,0))
A44: F7986 | B44: ตบรับล็อกเฟรมข้าง | C44: อลูมิเนียม Fuji | D44: 230 | E44: 250 | F44: =E44 | G44: 250 | H44: 430 | I44: 350 | J44: 350 | K44: =IF(ISNUMBER(SEARCH("เมืองทอง",C44)),mult_mtong,IF(ISNUMBER(SEARCH("SlimLux",C44)),mult_slim,IF(ISNUMBER(SEARCH("Velora",C44)),mult_velora,IF(ISNUMBER(SEARCH("Fuji",C44)),mult_euro,mult_sms)))) | L44: =ROUND(D44*K44,0) | M44: =IF(E44="",ROUND(L44+'อัปเดตราคาอลู'!$B$13*S44,0),ROUND(E44*K44,0)) | N44: =M44 | O44: =IF(G44="",ROUND(L44+rate_special*S44,0),ROUND(G44*mult_euro,0)) | P44: =IF(H44="",ROUND(L44+rate_woodbake*S44,0),ROUND(H44*mult_wood,0)) | Q44: =IF(I44="",ROUND(L44+rate_woodbake*S44,0),ROUND(I44*mult_wood,0)) | R44: =IF(J44="",ROUND(L44+rate_woodbake*S44,0),ROUND(J44*mult_wood,0)) | S44: =ROUND(D44/(IF(ISNUMBER(SEARCH("เมืองทอง",C44)),'อัปเดตราคาอลู'!$F$8,IF(ISNUMBER(SEARCH("SlimLux",C44)),'อัปเดตราคาอลู'!$F$6,IF(ISNUMBER(SEARCH("Velora",C44)),'อัปเดตราคาอลู'!$F$7,IF(ISNUMBER(SEARCH("Fuji",C44)),'อัปเดตราคาอลู'!$F$5,'อัปเดตราคาอลู'!$F$4))))),3) | T44: =ROUND(P44/(IF(OR(ISNUMBER(SEARCH("เมืองทอง",C44)),ISNUMBER(SEARCH("SlimLux",C44)),ISNUMBER(SEARCH("Velora",C44))),6,6.4)),3) | U44: =ROUND(L44-D44,0) | V44: =IF(D44="","",ROUND(D44+rate_anodize*S44,0))
A45: F7989 | B45: กล่องต่อเฟรมข้างบานเลื่อน | C45: อลูมิเนียม Fuji | D45: 340 | E45: 365 | F45: =E45 | G45: 365 | H45: 480 | I45: 510 | J45: 505 | K45: =IF(ISNUMBER(SEARCH("เมืองทอง",C45)),mult_mtong,IF(ISNUMBER(SEARCH("SlimLux",C45)),mult_slim,IF(ISNUMBER(SEARCH("Velora",C45)),mult_velora,IF(ISNUMBER(SEARCH("Fuji",C45)),mult_euro,mult_sms)))) | L45: =ROUND(D45*K45,0) | M45: =IF(E45="",ROUND(L45+'อัปเดตราคาอลู'!$B$13*S45,0),ROUND(E45*K45,0)) | N45: =M45 | O45: =IF(G45="",ROUND(L45+rate_special*S45,0),ROUND(G45*mult_euro,0)) | P45: =IF(H45="",ROUND(L45+rate_woodbake*S45,0),ROUND(H45*mult_wood,0)) | Q45: =IF(I45="",ROUND(L45+rate_woodbake*S45,0),ROUND(I45*mult_wood,0)) | R45: =IF(J45="",ROUND(L45+rate_woodbake*S45,0),ROUND(J45*mult_wood,0)) | S45: =ROUND(D45/(IF(ISNUMBER(SEARCH("เมืองทอง",C45)),'อัปเดตราคาอลู'!$F$8,IF(ISNUMBER(SEARCH("SlimLux",C45)),'อัปเดตราคาอลู'!$F$6,IF(ISNUMBER(SEARCH("Velora",C45)),'อัปเดตราคาอลู'!$F$7,IF(ISNUMBER(SEARCH("Fuji",C45)),'อัปเดตราคาอลู'!$F$5,'อัปเดตราคาอลู'!$F$4))))),3) | T45: =ROUND(P45/(IF(OR(ISNUMBER(SEARCH("เมืองทอง",C45)),ISNUMBER(SEARCH("SlimLux",C45)),ISNUMBER(SEARCH("Velora",C45))),6,6.4)),3) | U45: =ROUND(L45-D45,0) | V45: =IF(D45="","",ROUND(D45+rate_anodize*S45,0))
A46: F7867 | B46: กรอบบานเลื่อน ประตู (ตัวบาง) | C46: อลูมิเนียม Fuji | D46: 1265 | E46: 1355 | F46: =E46 | G46: 1370 | H46: 1755 | I46: 1910 | J46: 1895 | K46: =IF(ISNUMBER(SEARCH("เมืองทอง",C46)),mult_mtong,IF(ISNUMBER(SEARCH("SlimLux",C46)),mult_slim,IF(ISNUMBER(SEARCH("Velora",C46)),mult_velora,IF(ISNUMBER(SEARCH("Fuji",C46)),mult_euro,mult_sms)))) | L46: =ROUND(D46*K46,0) | M46: =IF(E46="",ROUND(L46+'อัปเดตราคาอลู'!$B$13*S46,0),ROUND(E46*K46,0)) | N46: =M46 | O46: =IF(G46="",ROUND(L46+rate_special*S46,0),ROUND(G46*mult_euro,0)) | P46: =IF(H46="",ROUND(L46+rate_woodbake*S46,0),ROUND(H46*mult_wood,0)) | Q46: =IF(I46="",ROUND(L46+rate_woodbake*S46,0),ROUND(I46*mult_wood,0)) | R46: =IF(J46="",ROUND(L46+rate_woodbake*S46,0),ROUND(J46*mult_wood,0)) | S46: =ROUND(D46/(IF(ISNUMBER(SEARCH("เมืองทอง",C46)),'อัปเดตราคาอลู'!$F$8,IF(ISNUMBER(SEARCH("SlimLux",C46)),'อัปเดตราคาอลู'!$F$6,IF(ISNUMBER(SEARCH("Velora",C46)),'อัปเดตราคาอลู'!$F$7,IF(ISNUMBER(SEARCH("Fuji",C46)),'อัปเดตราคาอลู'!$F$5,'อัปเดตราคาอลู'!$F$4))))),3) | T46: =ROUND(P46/(IF(OR(ISNUMBER(SEARCH("เมืองทอง",C46)),ISNUMBER(SEARCH("SlimLux",C46)),ISNUMBER(SEARCH("Velora",C46))),6,6.4)),3) | U46: =ROUND(L46-D46,0) | V46: =IF(D46="","",ROUND(D46+rate_anodize*S46,0))
A47: F7980 | B47: กรอบบานเลื่อนประตู | C47: อลูมิเนียม Fuji | D47: 1535 | E47: 1645 | F47: =E47 | G47: 1665 | H47: 2170 | I47: 2320 | J47: 2300 | K47: =IF(ISNUMBER(SEARCH("เมืองทอง",C47)),mult_mtong,IF(ISNUMBER(SEARCH("SlimLux",C47)),mult_slim,IF(ISNUMBER(SEARCH("Velora",C47)),mult_velora,IF(ISNUMBER(SEARCH("Fuji",C47)),mult_euro,mult_sms)))) | L47: =ROUND(D47*K47,0) | M47: =IF(E47="",ROUND(L47+'อัปเดตราคาอลู'!$B$13*S47,0),ROUND(E47*K47,0)) | N47: =M47 | O47: =IF(G47="",ROUND(L47+rate_special*S47,0),ROUND(G47*mult_euro,0)) | P47: =IF(H47="",ROUND(L47+rate_woodbake*S47,0),ROUND(H47*mult_wood,0)) | Q47: =IF(I47="",ROUND(L47+rate_woodbake*S47,0),ROUND(I47*mult_wood,0)) | R47: =IF(J47="",ROUND(L47+rate_woodbake*S47,0),ROUND(J47*mult_wood,0)) | S47: =ROUND(D47/(IF(ISNUMBER(SEARCH("เมืองทอง",C47)),'อัปเดตราคาอลู'!$F$8,IF(ISNUMBER(SEARCH("SlimLux",C47)),'อัปเดตราคาอลู'!$F$6,IF(ISNUMBER(SEARCH("Velora",C47)),'อัปเดตราคาอลู'!$F$7,IF(ISNUMBER(SEARCH("Fuji",C47)),'อัปเดตราคาอลู'!$F$5,'อัปเดตราคาอลู'!$F$4))))),3) | T47: =ROUND(P47/(IF(OR(ISNUMBER(SEARCH("เมืองทอง",C47)),ISNUMBER(SEARCH("SlimLux",C47)),ISNUMBER(SEARCH("Velora",C47))),6,6.4)),3) | U47: =ROUND(L47-D47,0) | V47: =IF(D47="","",ROUND(D47+rate_anodize*S47,0))
... A62: F7988 | B62: ตบปิดร่อง | C62: อลูมิเนียม Fuji | D62: 100 | E62: 110 | F62: =E62 | G62: 115 | H62: 170 | I62: 135 | J62: 130 | K62: =IF(ISNUMBER(SEARCH("เมืองทอง",C62)),mult_mtong,IF(ISNUMBER(SEARCH("SlimLux",C62)),mult_slim,IF(ISNUMBER(SEARCH("Velora",C62)),mult_velora,IF(ISNUMBER(SEARCH("Fuji",C62)),mult_euro,mult_sms)))) | L62: =ROUND(D62*K62,0) | M62: =IF(E62="",ROUND(L62+'อัปเดตราคาอลู'!$B$13*S62,0),ROUND(E62*K62,0)) | N62: =M62 | O62: =IF(G62="",ROUND(L62+rate_special*S62,0),ROUND(G62*mult_euro,0)) | P62: =IF(H62="",ROUND(L62+rate_woodbake*S62,0),ROUND(H62*mult_wood,0)) | Q62: =IF(I62="",ROUND(L62+rate_woodbake*S62,0),ROUND(I62*mult_wood,0)) | R62: =IF(J62="",ROUND(L62+rate_woodbake*S62,0),ROUND(J62*mult_wood,0)) | S62: =ROUND(D62/(IF(ISNUMBER(SEARCH("เมืองทอง",C62)),'อัปเดตราคาอลู'!$F$8,IF(ISNUMBER(SEARCH("SlimLux",C62)),'อัปเดตราคาอลู'!$F$6,IF(ISNUMBER(SEARCH("Velora",C62)),'อัปเดตราคาอลู'!$F$7,IF(ISNUMBER(SEARCH("Fuji",C62)),'อัปเดตราคาอลู'!$F$5,'อัปเดตราคาอลู'!$F$4))))),3) | T62: =ROUND(P62/(IF(OR(ISNUMBER(SEARCH("เมืองทอง",C62)),ISNUMBER(SEARCH("SlimLux",C62)),ISNUMBER(SEARCH("Velora",C62))),6,6.4)),3) | U62: =ROUND(L62-D62,0) | V62: =IF(D62="","",ROUND(D62+rate_anodize*S62,0))
A63: F7994 | B63: เส้นรางเลื่อน | C63: อลูมิเนียม Fuji | D63: 150 | F63: =E63 | K63: =IF(ISNUMBER(SEARCH("เมืองทอง",C63)),mult_mtong,IF(ISNUMBER(SEARCH("SlimLux",C63)),mult_slim,IF(ISNUMBER(SEARCH("Velora",C63)),mult_velora,IF(ISNUMBER(SEARCH("Fuji",C63)),mult_euro,mult_sms)))) | L63: =ROUND(D63*K63,0) | M63: =IF(E63="",ROUND(L63+'อัปเดตราคาอลู'!$B$13*S63,0),ROUND(E63*K63,0)) | N63: =M63 | O63: =IF(G63="",ROUND(L63+rate_special*S63,0),ROUND(G63*mult_euro,0)) | P63: =IF(H63="",ROUND(L63+rate_woodbake*S63,0),ROUND(H63*mult_wood,0)) | Q63: =IF(I63="",ROUND(L63+rate_woodbake*S63,0),ROUND(I63*mult_wood,0)) | R63: =IF(J63="",ROUND(L63+rate_woodbake*S63,0),ROUND(J63*mult_wood,0)) | S63: =ROUND(D63/(IF(ISNUMBER(SEARCH("เมืองทอง",C63)),'อัปเดตราคาอลู'!$F$8,IF(ISNUMBER(SEARCH("SlimLux",C63)),'อัปเดตราคาอลู'!$F$6,IF(ISNUMBER(SEARCH("Velora",C63)),'อัปเดตราคาอลู'!$F$7,IF(ISNUMBER(SEARCH("Fuji",C63)),'อัปเดตราคาอลู'!$F$5,'อัปเดตราคาอลู'!$F$4))))),3) | T63: =ROUND(P63/(IF(OR(ISNUMBER(SEARCH("เมืองทอง",C63)),ISNUMBER(SEARCH("SlimLux",C63)),ISNUMBER(SEARCH("Velora",C63))),6,6.4)),3) | U63: =ROUND(L63-D63,0) | V63: =IF(D63="","",ROUND(D63+rate_anodize*S63,0))
A64: F7987 | B64: คิ้วมุ้งบานเลื่อน | C64: อลูมิเนียม Fuji | D64: 175 | E64: 185 | F64: =E64 | G64: 190 | H64: 270 | I64: 260 | J64: 260 | K64: =IF(ISNUMBER(SEARCH("เมืองทอง",C64)),mult_mtong,IF(ISNUMBER(SEARCH("SlimLux",C64)),mult_slim,IF(ISNUMBER(SEARCH("Velora",C64)),mult_velora,IF(ISNUMBER(SEARCH("Fuji",C64)),mult_euro,mult_sms)))) | L64: =ROUND(D64*K64,0) | M64: =IF(E64="",ROUND(L64+'อัปเดตราคาอลู'!$B$13*S64,0),ROUND(E64*K64,0)) | N64: =M64 | O64: =IF(G64="",ROUND(L64+rate_special*S64,0),ROUND(G64*mult_euro,0)) | P64: =IF(H64="",ROUND(L64+rate_woodbake*S64,0),ROUND(H64*mult_wood,0)) | Q64: =IF(I64="",ROUND(L64+rate_woodbake*S64,0),ROUND(I64*mult_wood,0)) | R64: =IF(J64="",ROUND(L64+rate_woodbake*S64,0),ROUND(J64*mult_wood,0)) | S64: =ROUND(D64/(IF(ISNUMBER(SEARCH("เมืองทอง",C64)),'อัปเดตราคาอลู'!$F$8,IF(ISNUMBER(SEARCH("SlimLux",C64)),'อัปเดตราคาอลู'!$F$6,IF(ISNUMBER(SEARCH("Velora",C64)),'อัปเดตราคาอลู'!$F$7,IF(ISNUMBER(SEARCH("Fuji",C64)),'อัปเดตราคาอลู'!$F$5,'อัปเดตราคาอลู'!$F$4))))),3) | T64: =ROUND(P64/(IF(OR(ISNUMBER(SEARCH("เมืองทอง",C64)),ISNUMBER(SEARCH("SlimLux",C64)),ISNUMBER(SEARCH("Velora",C64))),6,6.4)),3) | U64: =ROUND(L64-D64,0) | V64: =IF(D64="","",ROUND(D64+rate_anodize*S64,0))
A65: F7996 | B65: คิ้วลอยช่องแสง | C65: อลูมิเนียม Fuji | D65: 425 | E65: 455 | F65: =E65 | G65: 460 | H65: 725 | I65: 645 | J65: 640 | K65: =IF(ISNUMBER(SEARCH("เมืองทอง",C65)),mult_mtong,IF(ISNUMBER(SEARCH("SlimLux",C65)),mult_slim,IF(ISNUMBER(SEARCH("Velora",C65)),mult_velora,IF(ISNUMBER(SEARCH("Fuji",C65)),mult_euro,mult_sms)))) | L65: =ROUND(D65*K65,0) | M65: =IF(E65="",ROUND(L65+'อัปเดตราคาอลู'!$B$13*S65,0),ROUND(E65*K65,0)) | N65: =M65 | O65: =IF(G65="",ROUND(L65+rate_special*S65,0),ROUND(G65*mult_euro,0)) | P65: =IF(H65="",ROUND(L65+rate_woodbake*S65,0),ROUND(H65*mult_wood,0)) | Q65: =IF(I65="",ROUND(L65+rate_woodbake*S65,0),ROUND(I65*mult_wood,0)) | R65: =IF(J65="",ROUND(L65+rate_woodbake*S65,0),ROUND(J65*mult_wood,0)) | S65: =ROUND(D65/(IF(ISNUMBER(SEARCH("เมืองทอง",C65)),'อัปเดตราคาอลู'!$F$8,IF(ISNUMBER(SEARCH("SlimLux",C65)),'อัปเดตราคาอลู'!$F$6,IF(ISNUMBER(SEARCH("Velora",C65)),'อัปเดตราคาอลู'!$F$7,IF(ISNUMBER(SEARCH("Fuji",C65)),'อัปเดตราคาอลู'!$F$5,'อัปเดตราคาอลู'!$F$4))))),3) | T65: =ROUND(P65/(IF(OR(ISNUMBER(SEARCH("เมืองทอง",C65)),ISNUMBER(SEARCH("SlimLux",C65)),ISNUMBER(SEARCH("Velora",C65))),6,6.4)),3) | U65: =ROUND(L65-D65,0) | V65: =IF(D65="","",ROUND(D65+rate_anodize*S65,0))
A66: F7919 | B66: คิ้วกรอบบาน | C66: อลูมิเนียม Fuji | D66: 225 | E66: 240 | F66: =E66 | G66: 240 | H66: 295 | I66: 335 | J66: 335 | K66: =IF(ISNUMBER(SEARCH("เมืองทอง",C66)),mult_mtong,IF(ISNUMBER(SEARCH("SlimLux",C66)),mult_slim,IF(ISNUMBER(SEARCH("Velora",C66)),mult_velora,IF(ISNUMBER(SEARCH("Fuji",C66)),mult_euro,mult_sms)))) | L66: =ROUND(D66*K66,0) | M66: =IF(E66="",ROUND(L66+'อัปเดตราคาอลู'!$B$13*S66,0),ROUND(E66*K66,0)) | N66: =M66 | O66: =IF(G66="",ROUND(L66+rate_special*S66,0),ROUND(G66*mult_euro,0)) | P66: =IF(H66="",ROUND(L66+rate_woodbake*S66,0),ROUND(H66*mult_wood,0)) | Q66: =IF(I66="",ROUND(L66+rate_woodbake*S66,0),ROUND(I66*mult_wood,0)) | R66: =IF(J66="",ROUND(L66+rate_woodbake*S66,0),ROUND(J66*mult_wood,0)) | S66: =ROUND(D66/(IF(ISNUMBER(SEARCH("เมืองทอง",C66)),'อัปเดตราคาอลู'!$F$8,IF(ISNUMBER(SEARCH("SlimLux",C66)),'อัปเดตราคาอลู'!$F$6,IF(ISNUMBER(SEARCH("Velora",C66)),'อัปเดตราคาอลู'!$F$7,IF(ISNUMBER(SEARCH("Fuji",C66)),'อัปเดตราคาอลู'!$F$5,'อัปเดตราคาอลู'!$F$4))))),3) | T66: =ROUND(P66/(IF(OR(ISNUMBER(SEARCH("เมืองทอง",C66)),ISNUMBER(SEARCH("SlimLux",C66)),ISNUMBER(SEARCH("Velora",C66))),6,6.4)),3) | U66: =ROUND(L66-D66,0) | V66: =IF(D66="","",ROUND(D66+rate_anodize*S66,0))
A67: F7917 | B67: คิ้วกรอบบาน | C67: อลูมิเนียม Fuji | D67: 175 | E67: 185 | F67: =E67 | G67: 190 | H67: 255 | I67: 260 | J67: 260 | K67: =IF(ISNUMBER(SEARCH("เมืองทอง",C67)),mult_mtong,IF(ISNUMBER(SEARCH("SlimLux",C67)),mult_slim,IF(ISNUMBER(SEARCH("Velora",C67)),mult_velora,IF(ISNUMBER(SEARCH("Fuji",C67)),mult_euro,mult_sms)))) | L67: =ROUND(D67*K67,0) | M67: =IF(E67="",ROUND(L67+'อัปเดตราคาอลู'!$B$13*S67,0),ROUND(E67*K67,0)) | N67: =M67 | O67: =IF(G67="",ROUND(L67+rate_special*S67,0),ROUND(G67*mult_euro,0)) | P67: =IF(H67="",ROUND(L67+rate_woodbake*S67,0),ROUND(H67*mult_wood,0)) | Q67: =IF(I67="",ROUND(L67+rate_woodbake*S67,0),ROUND(I67*mult_wood,0)) | R67: =IF(J67="",ROUND(L67+rate_woodbake*S67,0),ROUND(J67*mult_wood,0)) | S67: =ROUND(D67/(IF(ISNUMBER(SEARCH("เมืองทอง",C67)),'อัปเดตราคาอลู'!$F$8,IF(ISNUMBER(SEARCH("SlimLux",C67)),'อัปเดตราคาอลู'!$F$6,IF(ISNUMBER(SEARCH("Velora",C67)),'อัปเดตราคาอลู'!$F$7,IF(ISNUMBER(SEARCH("Fuji",C67)),'อัปเดตราคาอลู'!$F$5,'อัปเดตราคาอลู'!$F$4))))),3) | T67: =ROUND(P67/(IF(OR(ISNUMBER(SEARCH("เมืองทอง",C67)),ISNUMBER(SEARCH("SlimLux",C67)),ISNUMBER(SEARCH("Velora",C67))),6,6.4)),3) | U67: =ROUND(L67-D67,0) | V67: =IF(D67="","",ROUND(D67+rate_anodize*S67,0))
A68: F7950 | B68: คิ้วกรอบบาน | C68: อลูมิเนียม Fuji | D68: 175 | E68: 185 | F68: =E68 | G68: 190 | H68: 255 | I68: 260 | J68: 260 | K68: =IF(ISNUMBER(SEARCH("เมืองทอง",C68)),mult_mtong,IF(ISNUMBER(SEARCH("SlimLux",C68)),mult_slim,IF(ISNUMBER(SEARCH("Velora",C68)),mult_velora,IF(ISNUMBER(SEARCH("Fuji",C68)),mult_euro,mult_sms)))) | L68: =ROUND(D68*K68,0) | M68: =IF(E68="",ROUND(L68+'อัปเดตราคาอลู'!$B$13*S68,0),ROUND(E68*K68,0)) | N68: =M68 | O68: =IF(G68="",ROUND(L68+rate_special*S68,0),ROUND(G68*mult_euro,0)) | P68: =IF(H68="",ROUND(L68+rate_woodbake*S68,0),ROUND(H68*mult_wood,0)) | Q68: =IF(I68="",ROUND(L68+rate_woodbake*S68,0),ROUND(I68*mult_wood,0)) | R68: =IF(J68="",ROUND(L68+rate_woodbake*S68,0),ROUND(J68*mult_wood,0)) | S68: =ROUND(D68/(IF(ISNUMBER(SEARCH("เมืองทอง",C68)),'อัปเดตราคาอลู'!$F$8,IF(ISNUMBER(SEARCH("SlimLux",C68)),'อัปเดตราคาอลู'!$F$6,IF(ISNUMBER(SEARCH("Velora",C68)),'อัปเดตราคาอลู'!$F$7,IF(ISNUMBER(SEARCH("Fuji",C68)),'อัปเดตราคาอลู'!$F$5,'อัปเดตราคาอลู'!$F$4))))),3) | T68: =ROUND(P68/(IF(OR(ISNUMBER(SEARCH("เมืองทอง",C68)),ISNUMBER(SEARCH("SlimLux",C68)),ISNUMBER(SEARCH("Velora",C68))),6,6.4)),3) | U68: =ROUND(L68-D68,0) | V68: =IF(D68="","",ROUND(D68+rate_anodize*S68,0))
A69: F7952 | B69: แผ่นยึดเฟรมล่าง | C69: อลูมิเนียม Fuji | D69: 585 | E69: 625 | F69: =E69 | G69: 635 | H69: 855 | I69: 885 | J69: 875 | K69: =IF(ISNUMBER(SEARCH("เมืองทอง",C69)),mult_mtong,IF(ISNUMBER(SEARCH("SlimLux",C69)),mult_slim,IF(ISNUMBER(SEARCH("Velora",C69)),mult_velora,IF(ISNUMBER(SEARCH("Fuji",C69)),mult_euro,mult_sms)))) | L69: =ROUND(D69*K69,0) | M69: =IF(E69="",ROUND(L69+'อัปเดตราคาอลู'!$B$13*S69,0),ROUND(E69*K69,0)) | N69: =M69 | O69: =IF(G69="",ROUND(L69+rate_special*S69,0),ROUND(G69*mult_euro,0)) | P69: =IF(H69="",ROUND(L69+rate_woodbake*S69,0),ROUND(H69*mult_wood,0)) | Q69: =IF(I69="",ROUND(L69+rate_woodbake*S69,0),ROUND(I69*mult_wood,0)) | R69: =IF(J69="",ROUND(L69+rate_woodbake*S69,0),ROUND(J69*mult_wood,0)) | S69: =ROUND(D69/(IF(ISNUMBER(SEARCH("เมืองทอง",C69)),'อัปเดตราคาอลู'!$F$8,IF(ISNUMBER(SEARCH("SlimLux",C69)),'อัปเดตราคาอลู'!$F$6,IF(ISNUMBER(SEARCH("Velora",C69)),'อัปเดตราคาอลู'!$F$7,IF(ISNUMBER(SEARCH("Fuji",C69)),'อัปเดตราคาอลู'!$F$5,'อัปเดตราคาอลู'!$F$4))))),3) | T69: =ROUND(P69/(IF(OR(ISNUMBER(SEARCH("เมืองทอง",C69)),ISNUMBER(SEARCH("SlimLux",C69)),ISNUMBER(SEARCH("Velora",C69))),6,6.4)),3) | U69: =ROUND(L69-D69,0) | V69: =IF(D69="","",ROUND(D69+rate_anodize*S69,0))
A70: F7879 | B70: ตบธรณีเรียบตัวกลาง | C70: อลูมิเนียม Fuji | D70: 375 | E70: 400 | F70: =E70 | G70: 405 | H70: 560 | I70: 565 | J70: 560 | K70: =IF(ISNUMBER(SEARCH("เมืองทอง",C70)),mult_mtong,IF(ISNUMBER(SEARCH("SlimLux",C70)),mult_slim,IF(ISNUMBER(SEARCH("Velora",C70)),mult_velora,IF(ISNUMBER(SEARCH("Fuji",C70)),mult_euro,mult_sms)))) | L70: =ROUND(D70*K70,0) | M70: =IF(E70="",ROUND(L70+'อัปเดตราคาอลู'!$B$13*S70,0),ROUND(E70*K70,0)) | N70: =M70 | O70: =IF(G70="",ROUND(L70+rate_special*S70,0),ROUND(G70*mult_euro,0)) | P70: =IF(H70="",ROUND(L70+rate_woodbake*S70,0),ROUND(H70*mult_wood,0)) | Q70: =IF(I70="",ROUND(L70+rate_woodbake*S70,0),ROUND(I70*mult_wood,0)) | R70: =IF(J70="",ROUND(L70+rate_woodbake*S70,0),ROUND(J70*mult_wood,0)) | S70: =ROUND(D70/(IF(ISNUMBER(SEARCH("เมืองทอง",C70)),'อัปเดตราคาอลู'!$F$8,IF(ISNUMBER(SEARCH("SlimLux",C70)),'อัปเดตราคาอลู'!$F$6,IF(ISNUMBER(SEARCH("Velora",C70)),'อัปเดตราคาอลู'!$F$7,IF(ISNUMBER(SEARCH("Fuji",C70)),'อัปเดตราคาอลู'!$F$5,'อัปเดตราคาอลู'!$F$4))))),3) | T70: =ROUND(P70/(IF(OR(ISNUMBER(SEARCH("เมืองทอง",C70)),ISNUMBER(SEARCH("SlimLux",C70)),ISNUMBER(SEARCH("Velora",C70))),6,6.4)),3) | U70: =ROUND(L70-D70,0) | V70: =IF(D70="","",ROUND(D70+rate_anodize*S70,0))
A71: F7880 | B71: ตบธรณีเรียบตัวริม | C71: อลูมิเนียม Fuji | D71: 375 | E71: 400 | F71: =E71 | G71: 405 | H71: 560 | I71: 565 | J71: 560 | K71: =IF(ISNUMBER(SEARCH("เมืองทอง",C71)),mult_mtong,IF(ISNUMBER(SEARCH("SlimLux",C71)),mult_slim,IF(ISNUMBER(SEARCH("Velora",C71)),mult_velora,IF(ISNUMBER(SEARCH("Fuji",C71)),mult_euro,mult_sms)))) | L71: =ROUND(D71*K71,0) | M71: =IF(E71="",ROUND(L71+'อัปเดตราคาอลู'!$B$13*S71,0),ROUND(E71*K71,0)) | N71: =M71 | O71: =IF(G71="",ROUND(L71+rate_special*S71,0),ROUND(G71*mult_euro,0)) | P71: =IF(H71="",ROUND(L71+rate_woodbake*S71,0),ROUND(H71*mult_wood,0)) | Q71: =IF(I71="",ROUND(L71+rate_woodbake*S71,0),ROUND(I71*mult_wood,0)) | R71: =IF(J71="",ROUND(L71+rate_woodbake*S71,0),ROUND(J71*mult_wood,0)) | S71: =ROUND(D71/(IF(ISNUMBER(SEARCH("เมืองทอง",C71)),'อัปเดตราคาอลู'!$F$8,IF(ISNUMBER(SEARCH("SlimLux",C71)),'อัปเดตราคาอลู'!$F$6,IF(ISNUMBER(SEARCH("Velora",C71)),'อัปเดตราคาอลู'!$F$7,IF(ISNUMBER(SEARCH("Fuji",C71)),'อัปเดตราคาอลู'!$F$5,'อัปเดตราคาอลู'!$F$4))))),3) | T71: =ROUND(P71/(IF(OR(ISNUMBER(SEARCH("เมืองทอง",C71)),ISNUMBER(SEARCH("SlimLux",C71)),ISNUMBER(SEARCH("Velora",C71))),6,6.4)),3) | U71: =ROUND(L71-D71,0) | V71: =IF(D71="","",ROUND(D71+rate_anodize*S71,0))
A72: F7859 | B72: เฟรมบานกระทุ้ง ไม่มีรูระบายน้ำ | C72: อลูมิเนียม Fuji | D72: 1045 | E72: 1120 | F72: =E72 | G72: 1130 | H72: 1700 | I72: 1575 | J72: 1565 | K72: =IF(ISNUMBER(SEARCH("เมืองทอง",C72)),mult_mtong,IF(ISNUMBER(SEARCH("SlimLux",C72)),mult_slim,IF(ISNUMBER(SEARCH("Velora",C72)),mult_velora,IF(ISNUMBER(SEARCH("Fuji",C72)),mult_euro,mult_sms)))) | L72: =ROUND(D72*K72,0) | M72: =IF(E72="",ROUND(L72+'อัปเดตราคาอลู'!$B$13*S72,0),ROUND(E72*K72,0)) | N72: =M72 | O72: =IF(G72="",ROUND(L72+rate_special*S72,0),ROUND(G72*mult_euro,0)) | P72: =IF(H72="",ROUND(L72+rate_woodbake*S72,0),ROUND(H72*mult_wood,0)) | Q72: =IF(I72="",ROUND(L72+rate_woodbake*S72,0),ROUND(I72*mult_wood,0)) | R72: =IF(J72="",ROUND(L72+rate_woodbake*S72,0),ROUND(J72*mult_wood,0)) | S72: =ROUND(D72/(IF(ISNUMBER(SEARCH("เมืองทอง",C72)),'อัปเดตราคาอลู'!$F$8,IF(ISNUMBER(SEARCH("SlimLux",C72)),'อัปเดตราคาอลู'!$F$6,IF(ISNUMBER(SEARCH("Velora",C72)),'อัปเดตราคาอลู'!$F$7,IF(ISNUMBER(SEARCH("Fuji",C72)),'อัปเดตราคาอลู'!$F$5,'อัปเดตราคาอลู'!$F$4))))),3) | T72: =ROUND(P72/(IF(OR(ISNUMBER(SEARCH("เมืองทอง",C72)),ISNUMBER(SEARCH("SlimLux",C72)),ISNUMBER(SEARCH("Velora",C72))),6,6.4)),3) | U72: =ROUND(L72-D72,0) | V72: =IF(D72="","",ROUND(D72+rate_anodize*S72,0))
A73: F7858 | B73: เฟรมบานตายคิ้วไม่มีรูระบายน้ำ | C73: อลูมิเนียม Fuji | D73: 1305 | E73: 1395 | F73: =E73 | G73: 1410 | H73: 2130 | I73: 1965 | J73: 1950 | K73: =IF(ISNUMBER(SEARCH("เมืองทอง",C73)),mult_mtong,IF(ISNUMBER(SEARCH("SlimLux",C73)),mult_slim,IF(ISNUMBER(SEARCH("Velora",C73)),mult_velora,IF(ISNUMBER(SEARCH("Fuji",C73)),mult_euro,mult_sms)))) | L73: =ROUND(D73*K73,0) | M73: =IF(E73="",ROUND(L73+'อัปเดตราคาอลู'!$B$13*S73,0),ROUND(E73*K73,0)) | N73: =M73 | O73: =IF(G73="",ROUND(L73+rate_special*S73,0),ROUND(G73*mult_euro,0)) | P73: =IF(H73="",ROUND(L73+rate_woodbake*S73,0),ROUND(H73*mult_wood,0)) | Q73: =IF(I73="",ROUND(L73+rate_woodbake*S73,0),ROUND(I73*mult_wood,0)) | R73: =IF(J73="",ROUND(L73+rate_woodbake*S73,0),ROUND(J73*mult_wood,0)) | S73: =ROUND(D73/(IF(ISNUMBER(SEARCH("เมืองทอง",C73)),'อัปเดตราคาอลู'!$F$8,IF(ISNUMBER(SEARCH("SlimLux",C73)),'อัปเดตราคาอลู'!$F$6,IF(ISNUMBER(SEARCH("Velora",C73)),'อัปเดตราคาอลู'!$F$7,IF(ISNUMBER(SEARCH("Fuji",C73)),'อัปเดตราคาอลู'!$F$5,'อัปเดตราคาอลู'!$F$4))))),3) | T73: =ROUND(P73/(IF(OR(ISNUMBER(SEARCH("เมืองทอง",C73)),ISNUMBER(SEARCH("SlimLux",C73)),ISNUMBER(SEARCH("Velora",C73))),6,6.4)),3) | U73: =ROUND(L73-D73,0) | V73: =IF(D73="","",ROUND(D73+rate_anodize*S73,0))
A74: F7937 | B74: เฟรมบานตายคิ้วใน | C74: อลูมิเนียม Fuji | D74: 1200 | E74: 1290 | F74: =E74 | G74: 1300 | H74: 1875 | I74: 1815 | J74: 1800 | K74: =IF(ISNUMBER(SEARCH("เมืองทอง",C74)),mult_mtong,IF(ISNUMBER(SEARCH("SlimLux",C74)),mult_slim,IF(ISNUMBER(SEARCH("Velora",C74)),mult_velora,IF(ISNUMBER(SEARCH("Fuji",C74)),mult_euro,mult_sms)))) | L74: =ROUND(D74*K74,0) | M74: =IF(E74="",ROUND(L74+'อัปเดตราคาอลู'!$B$13*S74,0),ROUND(E74*K74,0)) | N74: =M74 | O74: =IF(G74="",ROUND(L74+rate_special*S74,0),ROUND(G74*mult_euro,0)) | P74: =IF(H74="",ROUND(L74+rate_woodbake*S74,0),ROUND(H74*mult_wood,0)) | Q74: =IF(I74="",ROUND(L74+rate_woodbake*S74,0),ROUND(I74*mult_wood,0)) | R74: =IF(J74="",ROUND(L74+rate_woodbake*S74,0),ROUND(J74*mult_wood,0)) | S74: =ROUND(D74/(IF(ISNUMBER(SEARCH("เมืองทอง",C74)),'อัปเดตราคาอลู'!$F$8,IF(ISNUMBER(SEARCH("SlimLux",C74)),'อัปเดตราคาอลู'!$F$6,IF(ISNUMBER(SEARCH("Velora",C74)),'อัปเดตราคาอลู'!$F$7,IF(ISNUMBER(SEARCH("Fuji",C74)),'อัปเดตราคาอลู'!$F$5,'อัปเดตราคาอลู'!$F$4))))),3) | T74: =ROUND(P74/(IF(OR(ISNUMBER(SEARCH("เมืองทอง",C74)),ISNUMBER(SEARCH("SlimLux",C74)),ISNUMBER(SEARCH("Velora",C74))),6,6.4)),3) | U74: =ROUND(L74-D74,0) | V74: =IF(D74="","",ROUND(D74+rate_anodize*S74,0))
A75: F7871 | B75: เฟรมบานตายคิ้วใน (ตัวหนา) | C75: อลูมิเนียม Fuji | D75: 1630 | E75: 1745 | F75: =E75 | G75: 1760 | H75: 2385 | I75: 2455 | J75: 2440 | K75: =IF(ISNUMBER(SEARCH("เมืองทอง",C75)),mult_mtong,IF(ISNUMBER(SEARCH("SlimLux",C75)),mult_slim,IF(ISNUMBER(SEARCH("Velora",C75)),mult_velora,IF(ISNUMBER(SEARCH("Fuji",C75)),mult_euro,mult_sms)))) | L75: =ROUND(D75*K75,0) | M75: =IF(E75="",ROUND(L75+'อัปเดตราคาอลู'!$B$13*S75,0),ROUND(E75*K75,0)) | N75: =M75 | O75: =IF(G75="",ROUND(L75+rate_special*S75,0),ROUND(G75*mult_euro,0)) | P75: =IF(H75="",ROUND(L75+rate_woodbake*S75,0),ROUND(H75*mult_wood,0)) | Q75: =IF(I75="",ROUND(L75+rate_woodbake*S75,0),ROUND(I75*mult_wood,0)) | R75: =IF(J75="",ROUND(L75+rate_woodbake*S75,0),ROUND(J75*mult_wood,0)) | S75: =ROUND(D75/(IF(ISNUMBER(SEARCH("เมืองทอง",C75)),'อัปเดตราคาอลู'!$F$8,IF(ISNUMBER(SEARCH("SlimLux",C75)),'อัปเดตราคาอลู'!$F$6,IF(ISNUMBER(SEARCH("Velora",C75)),'อัปเดตราคาอลู'!$F$7,IF(ISNUMBER(SEARCH("Fuji",C75)),'อัปเดตราคาอลู'!$F$5,'อัปเดตราคาอลู'!$F$4))))),3) | T75: =ROUND(P75/(IF(OR(ISNUMBER(SEARCH("เมืองทอง",C75)),ISNUMBER(SEARCH("SlimLux",C75)),ISNUMBER(SEARCH("Velora",C75))),6,6.4)),3) | U75: =ROUND(L75-D75,0) | V75: =IF(D75="","",ROUND(D75+rate_anodize*S75,0))
... A108: F7975 | B108: บังใบสำหรับใส่กลอน | C108: อลูมิเนียม Fuji | D108: 575 | E108: 615 | F108: =E108 | G108: 625 | H108: 855 | I108: 870 | J108: 865 | K108: =IF(ISNUMBER(SEARCH("เมืองทอง",C108)),mult_mtong,IF(ISNUMBER(SEARCH("SlimLux",C108)),mult_slim,IF(ISNUMBER(SEARCH("Velora",C108)),mult_velora,IF(ISNUMBER(SEARCH("Fuji",C108)),mult_euro,mult_sms)))) | L108: =ROUND(D108*K108,0) | M108: =IF(E108="",ROUND(L108+'อัปเดตราคาอลู'!$B$13*S108,0),ROUND(E108*K108,0)) | N108: =M108 | O108: =IF(G108="",ROUND(L108+rate_special*S108,0),ROUND(G108*mult_euro,0)) | P108: =IF(H108="",ROUND(L108+rate_woodbake*S108,0),ROUND(H108*mult_wood,0)) | Q108: =IF(I108="",ROUND(L108+rate_woodbake*S108,0),ROUND(I108*mult_wood,0)) | R108: =IF(J108="",ROUND(L108+rate_woodbake*S108,0),ROUND(J108*mult_wood,0)) | S108: =ROUND(D108/(IF(ISNUMBER(SEARCH("เมืองทอง",C108)),'อัปเดตราคาอลู'!$F$8,IF(ISNUMBER(SEARCH("SlimLux",C108)),'อัปเดตราคาอลู'!$F$6,IF(ISNUMBER(SEARCH("Velora",C108)),'อัปเดตราคาอลู'!$F$7,IF(ISNUMBER(SEARCH("Fuji",C108)),'อัปเดตราคาอลู'!$F$5,'อัปเดตราคาอลู'!$F$4))))),3) | T108: =ROUND(P108/(IF(OR(ISNUMBER(SEARCH("เมืองทอง",C108)),ISNUMBER(SEARCH("SlimLux",C108)),ISNUMBER(SEARCH("Velora",C108))),6,6.4)),3) | U108: =ROUND(L108-D108,0) | V108: =IF(D108="","",ROUND(D108+rate_anodize*S108,0))
A109: ━ เมืองทอง ━ | F109: =E109 | K109: =IF(ISNUMBER(SEARCH("เมืองทอง",C109)),mult_mtong,IF(ISNUMBER(SEARCH("SlimLux",C109)),mult_slim,IF(ISNUMBER(SEARCH("Velora",C109)),mult_velora,IF(ISNUMBER(SEARCH("Fuji",C109)),mult_euro,mult_sms)))) | L109: =ROUND(D109*K109,0) | M109: =ROUND(E109*K109,0) | N109: =M109 | O109: =IF(G109="","",ROUND(G109*mult_euro,0)) | P109: =ROUND(H109*mult_wood,0) | Q109: =IF(I109="","",ROUND(I109*mult_wood,0)) | R109: =IF(J109="","",ROUND(J109*mult_wood,0)) | S109: =ROUND(D109/(IF(ISNUMBER(SEARCH("เมืองทอง",C109)),'อัปเดตราคาอลู'!$F$8,IF(ISNUMBER(SEARCH("SlimLux",C109)),'อัปเดตราคาอลู'!$F$6,IF(ISNUMBER(SEARCH("Velora",C109)),'อัปเดตราคาอลู'!$F$7,IF(ISNUMBER(SEARCH("Fuji",C109)),'อัปเดตราคาอลู'!$F$5,'อัปเดตราคาอลู'!$F$4))))),3) | T109: =ROUND(P109/(IF(OR(ISNUMBER(SEARCH("เมืองทอง",C109)),ISNUMBER(SEARCH("SlimLux",C109)),ISNUMBER(SEARCH("Velora",C109))),6,6.4)),3) | U109: =ROUND(L109-D109,0)
A110: 705 | B110: แป๊บ 6 หุน | C110: อลูมิเนียม เมืองทอง | D110: 222 | E110: 340 | F110: =E110 | H110: 355 | K110: =IF(ISNUMBER(SEARCH("เมืองทอง",C110)),mult_mtong,IF(ISNUMBER(SEARCH("SlimLux",C110)),mult_slim,IF(ISNUMBER(SEARCH("Velora",C110)),mult_velora,IF(ISNUMBER(SEARCH("Fuji",C110)),mult_euro,mult_sms)))) | L110: =ROUND(D110*K110,0) | M110: =IF(E110="",ROUND(L110+'อัปเดตราคาอลู'!$B$13*S110,0),ROUND(E110*K110,0)) | N110: =M110 | O110: =IF(G110="",ROUND(L110+rate_special*S110,0),ROUND(G110*mult_euro,0)) | P110: =IF(H110="",ROUND(L110+rate_woodbake*S110,0),ROUND(H110*mult_wood,0)) | Q110: =IF(I110="",ROUND(L110+rate_woodbake*S110,0),ROUND(I110*mult_wood,0)) | R110: =IF(J110="",ROUND(L110+rate_woodbake*S110,0),ROUND(J110*mult_wood,0)) | S110: =ROUND(D110/(IF(ISNUMBER(SEARCH("เมืองทอง",C110)),'อัปเดตราคาอลู'!$F$8,IF(ISNUMBER(SEARCH("SlimLux",C110)),'อัปเดตราคาอลู'!$F$6,IF(ISNUMBER(SEARCH("Velora",C110)),'อัปเดตราคาอลู'!$F$7,IF(ISNUMBER(SEARCH("Fuji",C110)),'อัปเดตราคาอลู'!$F$5,'อัปเดตราคาอลู'!$F$4))))),3) | T110: =ROUND(P110/(IF(OR(ISNUMBER(SEARCH("เมืองทอง",C110)),ISNUMBER(SEARCH("SlimLux",C110)),ISNUMBER(SEARCH("Velora",C110))),6,6.4)),3) | U110: =ROUND(L110-D110,0) | V110: =IF(D110="","",ROUND(D110+rate_anodize*S110,0))
A111: 706 | B111: แป๊บ 6 หุน | C111: อลูมิเนียม เมืองทอง | D111: 261 | E111: 400 | F111: =E111 | H111: 418 | K111: =IF(ISNUMBER(SEARCH("เมืองทอง",C111)),mult_mtong,IF(ISNUMBER(SEARCH("SlimLux",C111)),mult_slim,IF(ISNUMBER(SEARCH("Velora",C111)),mult_velora,IF(ISNUMBER(SEARCH("Fuji",C111)),mult_euro,mult_sms)))) | L111: =ROUND(D111*K111,0) | M111: =IF(E111="",ROUND(L111+'อัปเดตราคาอลู'!$B$13*S111,0),ROUND(E111*K111,0)) | N111: =M111 | O111: =IF(G111="",ROUND(L111+rate_special*S111,0),ROUND(G111*mult_euro,0)) | P111: =IF(H111="",ROUND(L111+rate_woodbake*S111,0),ROUND(H111*mult_wood,0)) | Q111: =IF(I111="",ROUND(L111+rate_woodbake*S111,0),ROUND(I111*mult_wood,0)) | R111: =IF(J111="",ROUND(L111+rate_woodbake*S111,0),ROUND(J111*mult_wood,0)) | S111: =ROUND(D111/(IF(ISNUMBER(SEARCH("เมืองทอง",C111)),'อัปเดตราคาอลู'!$F$8,IF(ISNUMBER(SEARCH("SlimLux",C111)),'อัปเดตราคาอลู'!$F$6,IF(ISNUMBER(SEARCH("Velora",C111)),'อัปเดตราคาอลู'!$F$7,IF(ISNUMBER(SEARCH("Fuji",C111)),'อัปเดตราคาอลู'!$F$5,'อัปเดตราคาอลู'!$F$4))))),3) | T111: =ROUND(P111/(IF(OR(ISNUMBER(SEARCH("เมืองทอง",C111)),ISNUMBER(SEARCH("SlimLux",C111)),ISNUMBER(SEARCH("Velora",C111))),6,6.4)),3) | U111: =ROUND(L111-D111,0) | V111: =IF(D111="","",ROUND(D111+rate_anodize*S111,0))
A112: 709 | B112: แป๊บ 1 นิ้ว | C112: อลูมิเนียม เมืองทอง | D112: 295 | E112: 452 | F112: =E112 | H112: 472 | K112: =IF(ISNUMBER(SEARCH("เมืองทอง",C112)),mult_mtong,IF(ISNUMBER(SEARCH("SlimLux",C112)),mult_slim,IF(ISNUMBER(SEARCH("Velora",C112)),mult_velora,IF(ISNUMBER(SEARCH("Fuji",C112)),mult_euro,mult_sms)))) | L112: =ROUND(D112*K112,0) | M112: =IF(E112="",ROUND(L112+'อัปเดตราคาอลู'!$B$13*S112,0),ROUND(E112*K112,0)) | N112: =M112 | O112: =IF(G112="",ROUND(L112+rate_special*S112,0),ROUND(G112*mult_euro,0)) | P112: =IF(H112="",ROUND(L112+rate_woodbake*S112,0),ROUND(H112*mult_wood,0)) | Q112: =IF(I112="",ROUND(L112+rate_woodbake*S112,0),ROUND(I112*mult_wood,0)) | R112: =IF(J112="",ROUND(L112+rate_woodbake*S112,0),ROUND(J112*mult_wood,0)) | S112: =ROUND(D112/(IF(ISNUMBER(SEARCH("เมืองทอง",C112)),'อัปเดตราคาอลู'!$F$8,IF(ISNUMBER(SEARCH("SlimLux",C112)),'อัปเดตราคาอลู'!$F$6,IF(ISNUMBER(SEARCH("Velora",C112)),'อัปเดตราคาอลู'!$F$7,IF(ISNUMBER(SEARCH("Fuji",C112)),'อัปเดตราคาอลู'!$F$5,'อัปเดตราคาอลู'!$F$4))))),3) | T112: =ROUND(P112/(IF(OR(ISNUMBER(SEARCH("เมืองทอง",C112)),ISNUMBER(SEARCH("SlimLux",C112)),ISNUMBER(SEARCH("Velora",C112))),6,6.4)),3) | U112: =ROUND(L112-D112,0) | V112: =IF(D112="","",ROUND(D112+rate_anodize*S112,0))
A113: 710 | B113: แป๊บ 1 นิ้ว | C113: อลูมิเนียม เมืองทอง | D113: 325 | E113: 498 | F113: =E113 | H113: 520 | K113: =IF(ISNUMBER(SEARCH("เมืองทอง",C113)),mult_mtong,IF(ISNUMBER(SEARCH("SlimLux",C113)),mult_slim,IF(ISNUMBER(SEARCH("Velora",C113)),mult_velora,IF(ISNUMBER(SEARCH("Fuji",C113)),mult_euro,mult_sms)))) | L113: =ROUND(D113*K113,0) | M113: =IF(E113="",ROUND(L113+'อัปเดตราคาอลู'!$B$13*S113,0),ROUND(E113*K113,0)) | N113: =M113 | O113: =IF(G113="",ROUND(L113+rate_special*S113,0),ROUND(G113*mult_euro,0)) | P113: =IF(H113="",ROUND(L113+rate_woodbake*S113,0),ROUND(H113*mult_wood,0)) | Q113: =IF(I113="",ROUND(L113+rate_woodbake*S113,0),ROUND(I113*mult_wood,0)) | R113: =IF(J113="",ROUND(L113+rate_woodbake*S113,0),ROUND(J113*mult_wood,0)) | S113: =ROUND(D113/(IF(ISNUMBER(SEARCH("เมืองทอง",C113)),'อัปเดตราคาอลู'!$F$8,IF(ISNUMBER(SEARCH("SlimLux",C113)),'อัปเดตราคาอลู'!$F$6,IF(ISNUMBER(SEARCH("Velora",C113)),'อัปเดตราคาอลู'!$F$7,IF(ISNUMBER(SEARCH("Fuji",C113)),'อัปเดตราคาอลู'!$F$5,'อัปเดตราคาอลู'!$F$4))))),3) | T113: =ROUND(P113/(IF(OR(ISNUMBER(SEARCH("เมืองทอง",C113)),ISNUMBER(SEARCH("SlimLux",C113)),ISNUMBER(SEARCH("Velora",C113))),6,6.4)),3) | U113: =ROUND(L113-D113,0) | V113: =IF(D113="","",ROUND(D113+rate_anodize*S113,0))
A114: 711 | B114: แป๊บ 1 นิ้ว | C114: อลูมิเนียม เมืองทอง | D114: 353 | E114: 541 | F114: =E114 | H114: 565 | K114: =IF(ISNUMBER(SEARCH("เมืองทอง",C114)),mult_mtong,IF(ISNUMBER(SEARCH("SlimLux",C114)),mult_slim,IF(ISNUMBER(SEARCH("Velora",C114)),mult_velora,IF(ISNUMBER(SEARCH("Fuji",C114)),mult_euro,mult_sms)))) | L114: =ROUND(D114*K114,0) | M114: =IF(E114="",ROUND(L114+'อัปเดตราคาอลู'!$B$13*S114,0),ROUND(E114*K114,0)) | N114: =M114 | O114: =IF(G114="",ROUND(L114+rate_special*S114,0),ROUND(G114*mult_euro,0)) | P114: =IF(H114="",ROUND(L114+rate_woodbake*S114,0),ROUND(H114*mult_wood,0)) | Q114: =IF(I114="",ROUND(L114+rate_woodbake*S114,0),ROUND(I114*mult_wood,0)) | R114: =IF(J114="",ROUND(L114+rate_woodbake*S114,0),ROUND(J114*mult_wood,0)) | S114: =ROUND(D114/(IF(ISNUMBER(SEARCH("เมืองทอง",C114)),'อัปเดตราคาอลู'!$F$8,IF(ISNUMBER(SEARCH("SlimLux",C114)),'อัปเดตราคาอลู'!$F$6,IF(ISNUMBER(SEARCH("Velora",C114)),'อัปเดตราคาอลู'!$F$7,IF(ISNUMBER(SEARCH("Fuji",C114)),'อัปเดตราคาอลู'!$F$5,'อัปเดตราคาอลู'!$F$4))))),3) | T114: =ROUND(P114/(IF(OR(ISNUMBER(SEARCH("เมืองทอง",C114)),ISNUMBER(SEARCH("SlimLux",C114)),ISNUMBER(SEARCH("Velora",C114))),6,6.4)),3) | U114: =ROUND(L114-D114,0) | V114: =IF(D114="","",ROUND(D114+rate_anodize*S114,0))
A115: 715 | B115: แป๊บ 1¼ นิ้ว | C115: อลูมิเนียม เมืองทอง | D115: 410 | E115: 628 | F115: =E115 | H115: 655 | K115: =IF(ISNUMBER(SEARCH("เมืองทอง",C115)),mult_mtong,IF(ISNUMBER(SEARCH("SlimLux",C115)),mult_slim,IF(ISNUMBER(SEARCH("Velora",C115)),mult_velora,IF(ISNUMBER(SEARCH("Fuji",C115)),mult_euro,mult_sms)))) | L115: =ROUND(D115*K115,0) | M115: =IF(E115="",ROUND(L115+'อัปเดตราคาอลู'!$B$13*S115,0),ROUND(E115*K115,0)) | N115: =M115 | O115: =IF(G115="",ROUND(L115+rate_special*S115,0),ROUND(G115*mult_euro,0)) | P115: =IF(H115="",ROUND(L115+rate_woodbake*S115,0),ROUND(H115*mult_wood,0)) | Q115: =IF(I115="",ROUND(L115+rate_woodbake*S115,0),ROUND(I115*mult_wood,0)) | R115: =IF(J115="",ROUND(L115+rate_woodbake*S115,0),ROUND(J115*mult_wood,0)) | S115: =ROUND(D115/(IF(ISNUMBER(SEARCH("เมืองทอง",C115)),'อัปเดตราคาอลู'!$F$8,IF(ISNUMBER(SEARCH("SlimLux",C115)),'อัปเดตราคาอลู'!$F$6,IF(ISNUMBER(SEARCH("Velora",C115)),'อัปเดตราคาอลู'!$F$7,IF(ISNUMBER(SEARCH("Fuji",C115)),'อัปเดตราคาอลู'!$F$5,'อัปเดตราคาอลู'!$F$4))))),3) | T115: =ROUND(P115/(IF(OR(ISNUMBER(SEARCH("เมืองทอง",C115)),ISNUMBER(SEARCH("SlimLux",C115)),ISNUMBER(SEARCH("Velora",C115))),6,6.4)),3) | U115: =ROUND(L115-D115,0) | V115: =IF(D115="","",ROUND(D115+rate_anodize*S115,0))
A116: 718 | B116: แป๊บ 1½ นิ้ว | C116: อลูมิเนียม เมืองทอง | D116: 494 | E116: 757 | F116: =E116 | H116: 790 | K116: =IF(ISNUMBER(SEARCH("เมืองทอง",C116)),mult_mtong,IF(ISNUMBER(SEARCH("SlimLux",C116)),mult_slim,IF(ISNUMBER(SEARCH("Velora",C116)),mult_velora,IF(ISNUMBER(SEARCH("Fuji",C116)),mult_euro,mult_sms)))) | L116: =ROUND(D116*K116,0) | M116: =IF(E116="",ROUND(L116+'อัปเดตราคาอลู'!$B$13*S116,0),ROUND(E116*K116,0)) | N116: =M116 | O116: =IF(G116="",ROUND(L116+rate_special*S116,0),ROUND(G116*mult_euro,0)) | P116: =IF(H116="",ROUND(L116+rate_woodbake*S116,0),ROUND(H116*mult_wood,0)) | Q116: =IF(I116="",ROUND(L116+rate_woodbake*S116,0),ROUND(I116*mult_wood,0)) | R116: =IF(J116="",ROUND(L116+rate_woodbake*S116,0),ROUND(J116*mult_wood,0)) | S116: =ROUND(D116/(IF(ISNUMBER(SEARCH("เมืองทอง",C116)),'อัปเดตราคาอลู'!$F$8,IF(ISNUMBER(SEARCH("SlimLux",C116)),'อัปเดตราคาอลู'!$F$6,IF(ISNUMBER(SEARCH("Velora",C116)),'อัปเดตราคาอลู'!$F$7,IF(ISNUMBER(SEARCH("Fuji",C116)),'อัปเดตราคาอลู'!$F$5,'อัปเดตราคาอลู'!$F$4))))),3) | T116: =ROUND(P116/(IF(OR(ISNUMBER(SEARCH("เมืองทอง",C116)),ISNUMBER(SEARCH("SlimLux",C116)),ISNUMBER(SEARCH("Velora",C116))),6,6.4)),3) | U116: =ROUND(L116-D116,0) | V116: =IF(D116="","",ROUND(D116+rate_anodize*S116,0))
A117: 745 | B117: แป๊บ 1½ นิ้ว | C117: อลูมิเนียม เมืองทอง | D117: 671 | E117: 1028 | F117: =E117 | H117: 1073 | K117: =IF(ISNUMBER(SEARCH("เมืองทอง",C117)),mult_mtong,IF(ISNUMBER(SEARCH("SlimLux",C117)),mult_slim,IF(ISNUMBER(SEARCH("Velora",C117)),mult_velora,IF(ISNUMBER(SEARCH("Fuji",C117)),mult_euro,mult_sms)))) | L117: =ROUND(D117*K117,0) | M117: =IF(E117="",ROUND(L117+'อัปเดตราคาอลู'!$B$13*S117,0),ROUND(E117*K117,0)) | N117: =M117 | O117: =IF(G117="",ROUND(L117+rate_special*S117,0),ROUND(G117*mult_euro,0)) | P117: =IF(H117="",ROUND(L117+rate_woodbake*S117,0),ROUND(H117*mult_wood,0)) | Q117: =IF(I117="",ROUND(L117+rate_woodbake*S117,0),ROUND(I117*mult_wood,0)) | R117: =IF(J117="",ROUND(L117+rate_woodbake*S117,0),ROUND(J117*mult_wood,0)) | S117: =ROUND(D117/(IF(ISNUMBER(SEARCH("เมืองทอง",C117)),'อัปเดตราคาอลู'!$F$8,IF(ISNUMBER(SEARCH("SlimLux",C117)),'อัปเดตราคาอลู'!$F$6,IF(ISNUMBER(SEARCH("Velora",C117)),'อัปเดตราคาอลู'!$F$7,IF(ISNUMBER(SEARCH("Fuji",C117)),'อัปเดตราคาอลู'!$F$5,'อัปเดตราคาอลู'!$F$4))))),3) | T117: =ROUND(P117/(IF(OR(ISNUMBER(SEARCH("เมืองทอง",C117)),ISNUMBER(SEARCH("SlimLux",C117)),ISNUMBER(SEARCH("Velora",C117))),6,6.4)),3) | U117: =ROUND(L117-D117,0) | V117: =IF(D117="","",ROUND(D117+rate_anodize*S117,0))
A118: 724A | B118: แป๊บ 1¾ นิ้ว | C118: อลูมิเนียม เมืองทอง | D118: 427 | E118: 654 | F118: =E118 | H118: 682 | K118: =IF(ISNUMBER(SEARCH("เมืองทอง",C118)),mult_mtong,IF(ISNUMBER(SEARCH("SlimLux",C118)),mult_slim,IF(ISNUMBER(SEARCH("Velora",C118)),mult_velora,IF(ISNUMBER(SEARCH("Fuji",C118)),mult_euro,mult_sms)))) | L118: =ROUND(D118*K118,0) | M118: =IF(E118="",ROUND(L118+'อัปเดตราคาอลู'!$B$13*S118,0),ROUND(E118*K118,0)) | N118: =M118 | O118: =IF(G118="",ROUND(L118+rate_special*S118,0),ROUND(G118*mult_euro,0)) | P118: =IF(H118="",ROUND(L118+rate_woodbake*S118,0),ROUND(H118*mult_wood,0)) | Q118: =IF(I118="",ROUND(L118+rate_woodbake*S118,0),ROUND(I118*mult_wood,0)) | R118: =IF(J118="",ROUND(L118+rate_woodbake*S118,0),ROUND(J118*mult_wood,0)) | S118: =ROUND(D118/(IF(ISNUMBER(SEARCH("เมืองทอง",C118)),'อัปเดตราคาอลู'!$F$8,IF(ISNUMBER(SEARCH("SlimLux",C118)),'อัปเดตราคาอลู'!$F$6,IF(ISNUMBER(SEARCH("Velora",C118)),'อัปเดตราคาอลู'!$F$7,IF(ISNUMBER(SEARCH("Fuji",C118)),'อัปเดตราคาอลู'!$F$5,'อัปเดตราคาอลู'!$F$4))))),3) | T118: =ROUND(P118/(IF(OR(ISNUMBER(SEARCH("เมืองทอง",C118)),ISNUMBER(SEARCH("SlimLux",C118)),ISNUMBER(SEARCH("Velora",C118))),6,6.4)),3) | U118: =ROUND(L118-D118,0) | V118: =IF(D118="","",ROUND(D118+rate_anodize*S118,0))
A119: 724B | B119: แป๊บ 1¾ นิ้ว | C119: อลูมิเนียม เมืองทอง | D119: 479 | E119: 734 | F119: =E119 | H119: 766 | K119: =IF(ISNUMBER(SEARCH("เมืองทอง",C119)),mult_mtong,IF(ISNUMBER(SEARCH("SlimLux",C119)),mult_slim,IF(ISNUMBER(SEARCH("Velora",C119)),mult_velora,IF(ISNUMBER(SEARCH("Fuji",C119)),mult_euro,mult_sms)))) | L119: =ROUND(D119*K119,0) | M119: =IF(E119="",ROUND(L119+'อัปเดตราคาอลู'!$B$13*S119,0),ROUND(E119*K119,0)) | N119: =M119 | O119: =IF(G119="",ROUND(L119+rate_special*S119,0),ROUND(G119*mult_euro,0)) | P119: =IF(H119="",ROUND(L119+rate_woodbake*S119,0),ROUND(H119*mult_wood,0)) | Q119: =IF(I119="",ROUND(L119+rate_woodbake*S119,0),ROUND(I119*mult_wood,0)) | R119: =IF(J119="",ROUND(L119+rate_woodbake*S119,0),ROUND(J119*mult_wood,0)) | S119: =ROUND(D119/(IF(ISNUMBER(SEARCH("เมืองทอง",C119)),'อัปเดตราคาอลู'!$F$8,IF(ISNUMBER(SEARCH("SlimLux",C119)),'อัปเดตราคาอลู'!$F$6,IF(ISNUMBER(SEARCH("Velora",C119)),'อัปเดตราคาอลู'!$F$7,IF(ISNUMBER(SEARCH("Fuji",C119)),'อัปเดตราคาอลู'!$F$5,'อัปเดตราคาอลู'!$F$4))))),3) | T119: =ROUND(P119/(IF(OR(ISNUMBER(SEARCH("เมืองทอง",C119)),ISNUMBER(SEARCH("SlimLux",C119)),ISNUMBER(SEARCH("Velora",C119))),6,6.4)),3) | U119: =ROUND(L119-D119,0) | V119: =IF(D119="","",ROUND(D119+rate_anodize*S119,0))
A120: 724F | B120: แป๊บ 1¾ นิ้ว | C120: อลูมิเนียม เมืองทอง | D120: 583 | E120: 893 | F120: =E120 | H120: 932 | K120: =IF(ISNUMBER(SEARCH("เมืองทอง",C120)),mult_mtong,IF(ISNUMBER(SEARCH("SlimLux",C120)),mult_slim,IF(ISNUMBER(SEARCH("Velora",C120)),mult_velora,IF(ISNUMBER(SEARCH("Fuji",C120)),mult_euro,mult_sms)))) | L120: =ROUND(D120*K120,0) | M120: =IF(E120="",ROUND(L120+'อัปเดตราคาอลู'!$B$13*S120,0),ROUND(E120*K120,0)) | N120: =M120 | O120: =IF(G120="",ROUND(L120+rate_special*S120,0),ROUND(G120*mult_euro,0)) | P120: =IF(H120="",ROUND(L120+rate_woodbake*S120,0),ROUND(H120*mult_wood,0)) | Q120: =IF(I120="",ROUND(L120+rate_woodbake*S120,0),ROUND(I120*mult_wood,0)) | R120: =IF(J120="",ROUND(L120+rate_woodbake*S120,0),ROUND(J120*mult_wood,0)) | S120: =ROUND(D120/(IF(ISNUMBER(SEARCH("เมืองทอง",C120)),'อัปเดตราคาอลู'!$F$8,IF(ISNUMBER(SEARCH("SlimLux",C120)),'อัปเดตราคาอลู'!$F$6,IF(ISNUMBER(SEARCH("Velora",C120)),'อัปเดตราคาอลู'!$F$7,IF(ISNUMBER(SEARCH("Fuji",C120)),'อัปเดตราคาอลู'!$F$5,'อัปเดตราคาอลู'!$F$4))))),3) | T120: =ROUND(P120/(IF(OR(ISNUMBER(SEARCH("เมืองทอง",C120)),ISNUMBER(SEARCH("SlimLux",C120)),ISNUMBER(SEARCH("Velora",C120))),6,6.4)),3) | U120: =ROUND(L120-D120,0) | V120: =IF(D120="","",ROUND(D120+rate_anodize*S120,0))
A121: 726A | B121: แป๊บ 1¾ นิ้ว | C121: อลูมิเนียม เมืองทอง | D121: 713 | E121: 1092 | F121: =E121 | H121: 1139 | K121: =IF(ISNUMBER(SEARCH("เมืองทอง",C121)),mult_mtong,IF(ISNUMBER(SEARCH("SlimLux",C121)),mult_slim,IF(ISNUMBER(SEARCH("Velora",C121)),mult_velora,IF(ISNUMBER(SEARCH("Fuji",C121)),mult_euro,mult_sms)))) | L121: =ROUND(D121*K121,0) | M121: =IF(E121="",ROUND(L121+'อัปเดตราคาอลู'!$B$13*S121,0),ROUND(E121*K121,0)) | N121: =M121 | O121: =IF(G121="",ROUND(L121+rate_special*S121,0),ROUND(G121*mult_euro,0)) | P121: =IF(H121="",ROUND(L121+rate_woodbake*S121,0),ROUND(H121*mult_wood,0)) | Q121: =IF(I121="",ROUND(L121+rate_woodbake*S121,0),ROUND(I121*mult_wood,0)) | R121: =IF(J121="",ROUND(L121+rate_woodbake*S121,0),ROUND(J121*mult_wood,0)) | S121: =ROUND(D121/(IF(ISNUMBER(SEARCH("เมืองทอง",C121)),'อัปเดตราคาอลู'!$F$8,IF(ISNUMBER(SEARCH("SlimLux",C121)),'อัปเดตราคาอลู'!$F$6,IF(ISNUMBER(SEARCH("Velora",C121)),'อัปเดตราคาอลู'!$F$7,IF(ISNUMBER(SEARCH("Fuji",C121)),'อัปเดตราคาอลู'!$F$5,'อัปเดตราคาอลู'!$F$4))))),3) | T121: =ROUND(P121/(IF(OR(ISNUMBER(SEARCH("เมืองทอง",C121)),ISNUMBER(SEARCH("SlimLux",C121)),ISNUMBER(SEARCH("Velora",C121))),6,6.4)),3) | U121: =ROUND(L121-D121,0) | V121: =IF(D121="","",ROUND(D121+rate_anodize*S121,0))
... A149: Z-1.6 | B149: ตัว Z 1.6 นิ้ว | C149: อลูมิเนียม เมืองทอง | D149: 75 | E149: 115 | F149: =E149 | H149: 121 | K149: =IF(ISNUMBER(SEARCH("เมืองทอง",C149)),mult_mtong,IF(ISNUMBER(SEARCH("SlimLux",C149)),mult_slim,IF(ISNUMBER(SEARCH("Velora",C149)),mult_velora,IF(ISNUMBER(SEARCH("Fuji",C149)),mult_euro,mult_sms)))) | L149: =ROUND(D149*K149,0) | M149: =IF(E149="",ROUND(L149+'อัปเดตราคาอลู'!$B$13*S149,0),ROUND(E149*K149,0)) | N149: =M149 | O149: =IF(G149="",ROUND(L149+rate_special*S149,0),ROUND(G149*mult_euro,0)) | P149: =IF(H149="",ROUND(L149+rate_woodbake*S149,0),ROUND(H149*mult_wood,0)) | Q149: =IF(I149="",ROUND(L149+rate_woodbake*S149,0),ROUND(I149*mult_wood,0)) | R149: =IF(J149="",ROUND(L149+rate_woodbake*S149,0),ROUND(J149*mult_wood,0)) | S149: =ROUND(D149/(IF(ISNUMBER(SEARCH("เมืองทอง",C149)),'อัปเดตราคาอลู'!$F$8,IF(ISNUMBER(SEARCH("SlimLux",C149)),'อัปเดตราคาอลู'!$F$6,IF(ISNUMBER(SEARCH("Velora",C149)),'อัปเดตราคาอลู'!$F$7,IF(ISNUMBER(SEARCH("Fuji",C149)),'อัปเดตราคาอลู'!$F$5,'อัปเดตราคาอลู'!$F$4))))),3) | T149: =ROUND(P149/(IF(OR(ISNUMBER(SEARCH("เมืองทอง",C149)),ISNUMBER(SEARCH("SlimLux",C149)),ISNUMBER(SEARCH("Velora",C149))),6,6.4)),3) | U149: =ROUND(L149-D149,0) | V149: =IF(D149="","",ROUND(D149+rate_anodize*S149,0))
A150: ━ SlimLux ━ | F150: =E150 | K150: =IF(ISNUMBER(SEARCH("เมืองทอง",C150)),mult_mtong,IF(ISNUMBER(SEARCH("SlimLux",C150)),mult_slim,IF(ISNUMBER(SEARCH("Velora",C150)),mult_velora,IF(ISNUMBER(SEARCH("Fuji",C150)),mult_euro,mult_sms)))) | L150: =ROUND(D150*K150,0) | M150: =ROUND(E150*K150,0) | N150: =M150 | O150: =IF(G150="","",ROUND(G150*mult_euro,0)) | P150: =ROUND(H150*mult_wood,0) | Q150: =IF(I150="","",ROUND(I150*mult_wood,0)) | R150: =IF(J150="","",ROUND(J150*mult_wood,0)) | S150: =ROUND(D150/(IF(ISNUMBER(SEARCH("เมืองทอง",C150)),'อัปเดตราคาอลู'!$F$8,IF(ISNUMBER(SEARCH("SlimLux",C150)),'อัปเดตราคาอลู'!$F$6,IF(ISNUMBER(SEARCH("Velora",C150)),'อัปเดตราคาอลู'!$F$7,IF(ISNUMBER(SEARCH("Fuji",C150)),'อัปเดตราคาอลู'!$F$5,'อัปเดตราคาอลู'!$F$4))))),3) | T150: =ROUND(P150/(IF(OR(ISNUMBER(SEARCH("เมืองทอง",C150)),ISNUMBER(SEARCH("SlimLux",C150)),ISNUMBER(SEARCH("Velora",C150))),6,6.4)),3) | U150: =ROUND(L150-D150,0)
A151: WM-K01 | B151: ไส้เสาบาน | C151: อลูมิเนียม SlimLux | D151: 502 | E151: 796 | F151: =E151 | K151: =IF(ISNUMBER(SEARCH("เมืองทอง",C151)),mult_mtong,IF(ISNUMBER(SEARCH("SlimLux",C151)),mult_slim,IF(ISNUMBER(SEARCH("Velora",C151)),mult_velora,IF(ISNUMBER(SEARCH("Fuji",C151)),mult_euro,mult_sms)))) | L151: =ROUND(D151*K151,0) | M151: =IF(E151="",ROUND(L151+'อัปเดตราคาอลู'!$B$13*S151,0),ROUND(E151*K151,0)) | N151: =M151 | O151: =IF(G151="",ROUND(L151+rate_special*S151,0),ROUND(G151*mult_euro,0)) | P151: =IF(H151="",ROUND(L151+rate_woodbake*S151,0),ROUND(H151*mult_wood,0)) | Q151: =IF(I151="",ROUND(L151+rate_woodbake*S151,0),ROUND(I151*mult_wood,0)) | R151: =IF(J151="",ROUND(L151+rate_woodbake*S151,0),ROUND(J151*mult_wood,0)) | S151: =ROUND(D151/(IF(ISNUMBER(SEARCH("เมืองทอง",C151)),'อัปเดตราคาอลู'!$F$8,IF(ISNUMBER(SEARCH("SlimLux",C151)),'อัปเดตราคาอลู'!$F$6,IF(ISNUMBER(SEARCH("Velora",C151)),'อัปเดตราคาอลู'!$F$7,IF(ISNUMBER(SEARCH("Fuji",C151)),'อัปเดตราคาอลู'!$F$5,'อัปเดตราคาอลู'!$F$4))))),3) | T151: =ROUND(P151/(IF(OR(ISNUMBER(SEARCH("เมืองทอง",C151)),ISNUMBER(SEARCH("SlimLux",C151)),ISNUMBER(SEARCH("Velora",C151))),6,6.4)),3) | U151: =ROUND(L151-D151,0) | V151: =IF(D151="","",ROUND(D151+rate_anodize*S151,0))
A152: WM-K02 | B152: ฝาเสาเรียบ | C152: อลูมิเนียม SlimLux | D152: 267 | E152: 424 | F152: =E152 | K152: =IF(ISNUMBER(SEARCH("เมืองทอง",C152)),mult_mtong,IF(ISNUMBER(SEARCH("SlimLux",C152)),mult_slim,IF(ISNUMBER(SEARCH("Velora",C152)),mult_velora,IF(ISNUMBER(SEARCH("Fuji",C152)),mult_euro,mult_sms)))) | L152: =ROUND(D152*K152,0) | M152: =IF(E152="",ROUND(L152+'อัปเดตราคาอลู'!$B$13*S152,0),ROUND(E152*K152,0)) | N152: =M152 | O152: =IF(G152="",ROUND(L152+rate_special*S152,0),ROUND(G152*mult_euro,0)) | P152: =IF(H152="",ROUND(L152+rate_woodbake*S152,0),ROUND(H152*mult_wood,0)) | Q152: =IF(I152="",ROUND(L152+rate_woodbake*S152,0),ROUND(I152*mult_wood,0)) | R152: =IF(J152="",ROUND(L152+rate_woodbake*S152,0),ROUND(J152*mult_wood,0)) | S152: =ROUND(D152/(IF(ISNUMBER(SEARCH("เมืองทอง",C152)),'อัปเดตราคาอลู'!$F$8,IF(ISNUMBER(SEARCH("SlimLux",C152)),'อัปเดตราคาอลู'!$F$6,IF(ISNUMBER(SEARCH("Velora",C152)),'อัปเดตราคาอลู'!$F$7,IF(ISNUMBER(SEARCH("Fuji",C152)),'อัปเดตราคาอลู'!$F$5,'อัปเดตราคาอลู'!$F$4))))),3) | T152: =ROUND(P152/(IF(OR(ISNUMBER(SEARCH("เมืองทอง",C152)),ISNUMBER(SEARCH("SlimLux",C152)),ISNUMBER(SEARCH("Velora",C152))),6,6.4)),3) | U152: =ROUND(L152-D152,0) | V152: =IF(D152="","",ROUND(D152+rate_anodize*S152,0))
A153: WM-K03 | B153: ฝาเสาเกี่ยว | C153: อลูมิเนียม SlimLux | D153: 288 | E153: 457 | F153: =E153 | K153: =IF(ISNUMBER(SEARCH("เมืองทอง",C153)),mult_mtong,IF(ISNUMBER(SEARCH("SlimLux",C153)),mult_slim,IF(ISNUMBER(SEARCH("Velora",C153)),mult_velora,IF(ISNUMBER(SEARCH("Fuji",C153)),mult_euro,mult_sms)))) | L153: =ROUND(D153*K153,0) | M153: =IF(E153="",ROUND(L153+'อัปเดตราคาอลู'!$B$13*S153,0),ROUND(E153*K153,0)) | N153: =M153 | O153: =IF(G153="",ROUND(L153+rate_special*S153,0),ROUND(G153*mult_euro,0)) | P153: =IF(H153="",ROUND(L153+rate_woodbake*S153,0),ROUND(H153*mult_wood,0)) | Q153: =IF(I153="",ROUND(L153+rate_woodbake*S153,0),ROUND(I153*mult_wood,0)) | R153: =IF(J153="",ROUND(L153+rate_woodbake*S153,0),ROUND(J153*mult_wood,0)) | S153: =ROUND(D153/(IF(ISNUMBER(SEARCH("เมืองทอง",C153)),'อัปเดตราคาอลู'!$F$8,IF(ISNUMBER(SEARCH("SlimLux",C153)),'อัปเดตราคาอลู'!$F$6,IF(ISNUMBER(SEARCH("Velora",C153)),'อัปเดตราคาอลู'!$F$7,IF(ISNUMBER(SEARCH("Fuji",C153)),'อัปเดตราคาอลู'!$F$5,'อัปเดตราคาอลู'!$F$4))))),3) | T153: =ROUND(P153/(IF(OR(ISNUMBER(SEARCH("เมืองทอง",C153)),ISNUMBER(SEARCH("SlimLux",C153)),ISNUMBER(SEARCH("Velora",C153))),6,6.4)),3) | U153: =ROUND(L153-D153,0) | V153: =IF(D153="","",ROUND(D153+rate_anodize*S153,0))
A154: WM-K04 | B154: ขวางบนล่าง | C154: อลูมิเนียม SlimLux | D154: 797 | E154: 1266 | F154: =E154 | K154: =IF(ISNUMBER(SEARCH("เมืองทอง",C154)),mult_mtong,IF(ISNUMBER(SEARCH("SlimLux",C154)),mult_slim,IF(ISNUMBER(SEARCH("Velora",C154)),mult_velora,IF(ISNUMBER(SEARCH("Fuji",C154)),mult_euro,mult_sms)))) | L154: =ROUND(D154*K154,0) | M154: =IF(E154="",ROUND(L154+'อัปเดตราคาอลู'!$B$13*S154,0),ROUND(E154*K154,0)) | N154: =M154 | O154: =IF(G154="",ROUND(L154+rate_special*S154,0),ROUND(G154*mult_euro,0)) | P154: =IF(H154="",ROUND(L154+rate_woodbake*S154,0),ROUND(H154*mult_wood,0)) | Q154: =IF(I154="",ROUND(L154+rate_woodbake*S154,0),ROUND(I154*mult_wood,0)) | R154: =IF(J154="",ROUND(L154+rate_woodbake*S154,0),ROUND(J154*mult_wood,0)) | S154: =ROUND(D154/(IF(ISNUMBER(SEARCH("เมืองทอง",C154)),'อัปเดตราคาอลู'!$F$8,IF(ISNUMBER(SEARCH("SlimLux",C154)),'อัปเดตราคาอลู'!$F$6,IF(ISNUMBER(SEARCH("Velora",C154)),'อัปเดตราคาอลู'!$F$7,IF(ISNUMBER(SEARCH("Fuji",C154)),'อัปเดตราคาอลู'!$F$5,'อัปเดตราคาอลู'!$F$4))))),3) | T154: =ROUND(P154/(IF(OR(ISNUMBER(SEARCH("เมืองทอง",C154)),ISNUMBER(SEARCH("SlimLux",C154)),ISNUMBER(SEARCH("Velora",C154))),6,6.4)),3) | U154: =ROUND(L154-D154,0) | V154: =IF(D154="","",ROUND(D154+rate_anodize*S154,0))
A155: - | B155: รางบน 3 ราง | C155: อลูมิเนียม SlimLux | D155: 1825 | E155: 2898 | F155: =E155 | K155: =IF(ISNUMBER(SEARCH("เมืองทอง",C155)),mult_mtong,IF(ISNUMBER(SEARCH("SlimLux",C155)),mult_slim,IF(ISNUMBER(SEARCH("Velora",C155)),mult_velora,IF(ISNUMBER(SEARCH("Fuji",C155)),mult_euro,mult_sms)))) | L155: =ROUND(D155*K155,0) | M155: =IF(E155="",ROUND(L155+'อัปเดตราคาอลู'!$B$13*S155,0),ROUND(E155*K155,0)) | N155: =M155 | O155: =IF(G155="",ROUND(L155+rate_special*S155,0),ROUND(G155*mult_euro,0)) | P155: =IF(H155="",ROUND(L155+rate_woodbake*S155,0),ROUND(H155*mult_wood,0)) | Q155: =IF(I155="",ROUND(L155+rate_woodbake*S155,0),ROUND(I155*mult_wood,0)) | R155: =IF(J155="",ROUND(L155+rate_woodbake*S155,0),ROUND(J155*mult_wood,0)) | S155: =ROUND(D155/(IF(ISNUMBER(SEARCH("เมืองทอง",C155)),'อัปเดตราคาอลู'!$F$8,IF(ISNUMBER(SEARCH("SlimLux",C155)),'อัปเดตราคาอลู'!$F$6,IF(ISNUMBER(SEARCH("Velora",C155)),'อัปเดตราคาอลู'!$F$7,IF(ISNUMBER(SEARCH("Fuji",C155)),'อัปเดตราคาอลู'!$F$5,'อัปเดตราคาอลู'!$F$4))))),3) | T155: =ROUND(P155/(IF(OR(ISNUMBER(SEARCH("เมืองทอง",C155)),ISNUMBER(SEARCH("SlimLux",C155)),ISNUMBER(SEARCH("Velora",C155))),6,6.4)),3) | U155: =ROUND(L155-D155,0) | V155: =IF(D155="","",ROUND(D155+rate_anodize*S155,0))
A156: WM-K15 | B156: รางแขวน 1 ราง | C156: อลูมิเนียม SlimLux | D156: 928 | E156: 1474 | F156: =E156 | K156: =IF(ISNUMBER(SEARCH("เมืองทอง",C156)),mult_mtong,IF(ISNUMBER(SEARCH("SlimLux",C156)),mult_slim,IF(ISNUMBER(SEARCH("Velora",C156)),mult_velora,IF(ISNUMBER(SEARCH("Fuji",C156)),mult_euro,mult_sms)))) | L156: =ROUND(D156*K156,0) | M156: =IF(E156="",ROUND(L156+'อัปเดตราคาอลู'!$B$13*S156,0),ROUND(E156*K156,0)) | N156: =M156 | O156: =IF(G156="",ROUND(L156+rate_special*S156,0),ROUND(G156*mult_euro,0)) | P156: =IF(H156="",ROUND(L156+rate_woodbake*S156,0),ROUND(H156*mult_wood,0)) | Q156: =IF(I156="",ROUND(L156+rate_woodbake*S156,0),ROUND(I156*mult_wood,0)) | R156: =IF(J156="",ROUND(L156+rate_woodbake*S156,0),ROUND(J156*mult_wood,0)) | S156: =ROUND(D156/(IF(ISNUMBER(SEARCH("เมืองทอง",C156)),'อัปเดตราคาอลู'!$F$8,IF(ISNUMBER(SEARCH("SlimLux",C156)),'อัปเดตราคาอลู'!$F$6,IF(ISNUMBER(SEARCH("Velora",C156)),'อัปเดตราคาอลู'!$F$7,IF(ISNUMBER(SEARCH("Fuji",C156)),'อัปเดตราคาอลู'!$F$5,'อัปเดตราคาอลู'!$F$4))))),3) | T156: =ROUND(P156/(IF(OR(ISNUMBER(SEARCH("เมืองทอง",C156)),ISNUMBER(SEARCH("SlimLux",C156)),ISNUMBER(SEARCH("Velora",C156))),6,6.4)),3) | U156: =ROUND(L156-D156,0) | V156: =IF(D156="","",ROUND(D156+rate_anodize*S156,0))
A157: WM-K19 | B157: ข้อต่อรางแขวน | C157: อลูมิเนียม SlimLux | D157: 116 | E157: 185 | F157: =E157 | K157: =IF(ISNUMBER(SEARCH("เมืองทอง",C157)),mult_mtong,IF(ISNUMBER(SEARCH("SlimLux",C157)),mult_slim,IF(ISNUMBER(SEARCH("Velora",C157)),mult_velora,IF(ISNUMBER(SEARCH("Fuji",C157)),mult_euro,mult_sms)))) | L157: =ROUND(D157*K157,0) | M157: =IF(E157="",ROUND(L157+'อัปเดตราคาอลู'!$B$13*S157,0),ROUND(E157*K157,0)) | N157: =M157 | O157: =IF(G157="",ROUND(L157+rate_special*S157,0),ROUND(G157*mult_euro,0)) | P157: =IF(H157="",ROUND(L157+rate_woodbake*S157,0),ROUND(H157*mult_wood,0)) | Q157: =IF(I157="",ROUND(L157+rate_woodbake*S157,0),ROUND(I157*mult_wood,0)) | R157: =IF(J157="",ROUND(L157+rate_woodbake*S157,0),ROUND(J157*mult_wood,0)) | S157: =ROUND(D157/(IF(ISNUMBER(SEARCH("เมืองทอง",C157)),'อัปเดตราคาอลู'!$F$8,IF(ISNUMBER(SEARCH("SlimLux",C157)),'อัปเดตราคาอลู'!$F$6,IF(ISNUMBER(SEARCH("Velora",C157)),'อัปเดตราคาอลู'!$F$7,IF(ISNUMBER(SEARCH("Fuji",C157)),'อัปเดตราคาอลู'!$F$5,'อัปเดตราคาอลู'!$F$4))))),3) | T157: =ROUND(P157/(IF(OR(ISNUMBER(SEARCH("เมืองทอง",C157)),ISNUMBER(SEARCH("SlimLux",C157)),ISNUMBER(SEARCH("Velora",C157))),6,6.4)),3) | U157: =ROUND(L157-D157,0) | V157: =IF(D157="","",ROUND(D157+rate_anodize*S157,0))
A158: WM-K18 | B158: ฝาปิดข้างรางแขวน | C158: อลูมิเนียม SlimLux | D158: 147 | E158: 233 | F158: =E158 | K158: =IF(ISNUMBER(SEARCH("เมืองทอง",C158)),mult_mtong,IF(ISNUMBER(SEARCH("SlimLux",C158)),mult_slim,IF(ISNUMBER(SEARCH("Velora",C158)),mult_velora,IF(ISNUMBER(SEARCH("Fuji",C158)),mult_euro,mult_sms)))) | L158: =ROUND(D158*K158,0) | M158: =IF(E158="",ROUND(L158+'อัปเดตราคาอลู'!$B$13*S158,0),ROUND(E158*K158,0)) | N158: =M158 | O158: =IF(G158="",ROUND(L158+rate_special*S158,0),ROUND(G158*mult_euro,0)) | P158: =IF(H158="",ROUND(L158+rate_woodbake*S158,0),ROUND(H158*mult_wood,0)) | Q158: =IF(I158="",ROUND(L158+rate_woodbake*S158,0),ROUND(I158*mult_wood,0)) | R158: =IF(J158="",ROUND(L158+rate_woodbake*S158,0),ROUND(J158*mult_wood,0)) | S158: =ROUND(D158/(IF(ISNUMBER(SEARCH("เมืองทอง",C158)),'อัปเดตราคาอลู'!$F$8,IF(ISNUMBER(SEARCH("SlimLux",C158)),'อัปเดตราคาอลู'!$F$6,IF(ISNUMBER(SEARCH("Velora",C158)),'อัปเดตราคาอลู'!$F$7,IF(ISNUMBER(SEARCH("Fuji",C158)),'อัปเดตราคาอลู'!$F$5,'อัปเดตราคาอลู'!$F$4))))),3) | T158: =ROUND(P158/(IF(OR(ISNUMBER(SEARCH("เมืองทอง",C158)),ISNUMBER(SEARCH("SlimLux",C158)),ISNUMBER(SEARCH("Velora",C158))),6,6.4)),3) | U158: =ROUND(L158-D158,0) | V158: =IF(D158="","",ROUND(D158+rate_anodize*S158,0))
A159: WM-K20 | B159: ฝาปิดล่างรางแขวน | C159: อลูมิเนียม SlimLux | D159: 81 | E159: 128 | F159: =E159 | K159: =IF(ISNUMBER(SEARCH("เมืองทอง",C159)),mult_mtong,IF(ISNUMBER(SEARCH("SlimLux",C159)),mult_slim,IF(ISNUMBER(SEARCH("Velora",C159)),mult_velora,IF(ISNUMBER(SEARCH("Fuji",C159)),mult_euro,mult_sms)))) | L159: =ROUND(D159*K159,0) | M159: =IF(E159="",ROUND(L159+'อัปเดตราคาอลู'!$B$13*S159,0),ROUND(E159*K159,0)) | N159: =M159 | O159: =IF(G159="",ROUND(L159+rate_special*S159,0),ROUND(G159*mult_euro,0)) | P159: =IF(H159="",ROUND(L159+rate_woodbake*S159,0),ROUND(H159*mult_wood,0)) | Q159: =IF(I159="",ROUND(L159+rate_woodbake*S159,0),ROUND(I159*mult_wood,0)) | R159: =IF(J159="",ROUND(L159+rate_woodbake*S159,0),ROUND(J159*mult_wood,0)) | S159: =ROUND(D159/(IF(ISNUMBER(SEARCH("เมืองทอง",C159)),'อัปเดตราคาอลู'!$F$8,IF(ISNUMBER(SEARCH("SlimLux",C159)),'อัปเดตราคาอลู'!$F$6,IF(ISNUMBER(SEARCH("Velora",C159)),'อัปเดตราคาอลู'!$F$7,IF(ISNUMBER(SEARCH("Fuji",C159)),'อัปเดตราคาอลู'!$F$5,'อัปเดตราคาอลู'!$F$4))))),3) | T159: =ROUND(P159/(IF(OR(ISNUMBER(SEARCH("เมืองทอง",C159)),ISNUMBER(SEARCH("SlimLux",C159)),ISNUMBER(SEARCH("Velora",C159))),6,6.4)),3) | U159: =ROUND(L159-D159,0) | V159: =IF(D159="","",ROUND(D159+rate_anodize*S159,0))
A160: WM-K21A | B160: ฝาปิดล่างรางแขวนตัวใหญ่ | C160: อลูมิเนียม SlimLux | D160: 143 | E160: 227 | F160: =E160 | K160: =IF(ISNUMBER(SEARCH("เมืองทอง",C160)),mult_mtong,IF(ISNUMBER(SEARCH("SlimLux",C160)),mult_slim,IF(ISNUMBER(SEARCH("Velora",C160)),mult_velora,IF(ISNUMBER(SEARCH("Fuji",C160)),mult_euro,mult_sms)))) | L160: =ROUND(D160*K160,0) | M160: =IF(E160="",ROUND(L160+'อัปเดตราคาอลู'!$B$13*S160,0),ROUND(E160*K160,0)) | N160: =M160 | O160: =IF(G160="",ROUND(L160+rate_special*S160,0),ROUND(G160*mult_euro,0)) | P160: =IF(H160="",ROUND(L160+rate_woodbake*S160,0),ROUND(H160*mult_wood,0)) | Q160: =IF(I160="",ROUND(L160+rate_woodbake*S160,0),ROUND(I160*mult_wood,0)) | R160: =IF(J160="",ROUND(L160+rate_woodbake*S160,0),ROUND(J160*mult_wood,0)) | S160: =ROUND(D160/(IF(ISNUMBER(SEARCH("เมืองทอง",C160)),'อัปเดตราคาอลู'!$F$8,IF(ISNUMBER(SEARCH("SlimLux",C160)),'อัปเดตราคาอลู'!$F$6,IF(ISNUMBER(SEARCH("Velora",C160)),'อัปเดตราคาอลู'!$F$7,IF(ISNUMBER(SEARCH("Fuji",C160)),'อัปเดตราคาอลู'!$F$5,'อัปเดตราคาอลู'!$F$4))))),3) | T160: =ROUND(P160/(IF(OR(ISNUMBER(SEARCH("เมืองทอง",C160)),ISNUMBER(SEARCH("SlimLux",C160)),ISNUMBER(SEARCH("Velora",C160))),6,6.4)),3) | U160: =ROUND(L160-D160,0) | V160: =IF(D160="","",ROUND(D160+rate_anodize*S160,0))
A161: - | B161: วงกบ | C161: อลูมิเนียม SlimLux | D161: 608 | E161: 966 | F161: =E161 | K161: =IF(ISNUMBER(SEARCH("เมืองทอง",C161)),mult_mtong,IF(ISNUMBER(SEARCH("SlimLux",C161)),mult_slim,IF(ISNUMBER(SEARCH("Velora",C161)),mult_velora,IF(ISNUMBER(SEARCH("Fuji",C161)),mult_euro,mult_sms)))) | L161: =ROUND(D161*K161,0) | M161: =IF(E161="",ROUND(L161+'อัปเดตราคาอลู'!$B$13*S161,0),ROUND(E161*K161,0)) | N161: =M161 | O161: =IF(G161="",ROUND(L161+rate_special*S161,0),ROUND(G161*mult_euro,0)) | P161: =IF(H161="",ROUND(L161+rate_woodbake*S161,0),ROUND(H161*mult_wood,0)) | Q161: =IF(I161="",ROUND(L161+rate_woodbake*S161,0),ROUND(I161*mult_wood,0)) | R161: =IF(J161="",ROUND(L161+rate_woodbake*S161,0),ROUND(J161*mult_wood,0)) | S161: =ROUND(D161/(IF(ISNUMBER(SEARCH("เมืองทอง",C161)),'อัปเดตราคาอลู'!$F$8,IF(ISNUMBER(SEARCH("SlimLux",C161)),'อัปเดตราคาอลู'!$F$6,IF(ISNUMBER(SEARCH("Velora",C161)),'อัปเดตราคาอลู'!$F$7,IF(ISNUMBER(SEARCH("Fuji",C161)),'อัปเดตราคาอลู'!$F$5,'อัปเดตราคาอลู'!$F$4))))),3) | T161: =ROUND(P161/(IF(OR(ISNUMBER(SEARCH("เมืองทอง",C161)),ISNUMBER(SEARCH("SlimLux",C161)),ISNUMBER(SEARCH("Velora",C161))),6,6.4)),3) | U161: =ROUND(L161-D161,0) | V161: =IF(D161="","",ROUND(D161+rate_anodize*S161,0))
A162: - | B162: ลูกฟูก | C162: อลูมิเนียม SlimLux | D162: 432 | E162: 687 | F162: =E162 | K162: =IF(ISNUMBER(SEARCH("เมืองทอง",C162)),mult_mtong,IF(ISNUMBER(SEARCH("SlimLux",C162)),mult_slim,IF(ISNUMBER(SEARCH("Velora",C162)),mult_velora,IF(ISNUMBER(SEARCH("Fuji",C162)),mult_euro,mult_sms)))) | L162: =ROUND(D162*K162,0) | M162: =IF(E162="",ROUND(L162+'อัปเดตราคาอลู'!$B$13*S162,0),ROUND(E162*K162,0)) | N162: =M162 | O162: =IF(G162="",ROUND(L162+rate_special*S162,0),ROUND(G162*mult_euro,0)) | P162: =IF(H162="",ROUND(L162+rate_woodbake*S162,0),ROUND(H162*mult_wood,0)) | Q162: =IF(I162="",ROUND(L162+rate_woodbake*S162,0),ROUND(I162*mult_wood,0)) | R162: =IF(J162="",ROUND(L162+rate_woodbake*S162,0),ROUND(J162*mult_wood,0)) | S162: =ROUND(D162/(IF(ISNUMBER(SEARCH("เมืองทอง",C162)),'อัปเดตราคาอลู'!$F$8,IF(ISNUMBER(SEARCH("SlimLux",C162)),'อัปเดตราคาอลู'!$F$6,IF(ISNUMBER(SEARCH("Velora",C162)),'อัปเดตราคาอลู'!$F$7,IF(ISNUMBER(SEARCH("Fuji",C162)),'อัปเดตราคาอลู'!$F$5,'อัปเดตราคาอลู'!$F$4))))),3) | T162: =ROUND(P162/(IF(OR(ISNUMBER(SEARCH("เมืองทอง",C162)),ISNUMBER(SEARCH("SlimLux",C162)),ISNUMBER(SEARCH("Velora",C162))),6,6.4)),3) | U162: =ROUND(L162-D162,0) | V162: =IF(D162="","",ROUND(D162+rate_anodize*S162,0))
... A165: - | B165: บาน | C165: อลูมิเนียม SlimLux | D165: 491 | E165: 779 | F165: =E165 | K165: =IF(ISNUMBER(SEARCH("เมืองทอง",C165)),mult_mtong,IF(ISNUMBER(SEARCH("SlimLux",C165)),mult_slim,IF(ISNUMBER(SEARCH("Velora",C165)),mult_velora,IF(ISNUMBER(SEARCH("Fuji",C165)),mult_euro,mult_sms)))) | L165: =ROUND(D165*K165,0) | M165: =IF(E165="",ROUND(L165+'อัปเดตราคาอลู'!$B$13*S165,0),ROUND(E165*K165,0)) | N165: =M165 | O165: =IF(G165="",ROUND(L165+rate_special*S165,0),ROUND(G165*mult_euro,0)) | P165: =IF(H165="",ROUND(L165+rate_woodbake*S165,0),ROUND(H165*mult_wood,0)) | Q165: =IF(I165="",ROUND(L165+rate_woodbake*S165,0),ROUND(I165*mult_wood,0)) | R165: =IF(J165="",ROUND(L165+rate_woodbake*S165,0),ROUND(J165*mult_wood,0)) | S165: =ROUND(D165/(IF(ISNUMBER(SEARCH("เมืองทอง",C165)),'อัปเดตราคาอลู'!$F$8,IF(ISNUMBER(SEARCH("SlimLux",C165)),'อัปเดตราคาอลู'!$F$6,IF(ISNUMBER(SEARCH("Velora",C165)),'อัปเดตราคาอลู'!$F$7,IF(ISNUMBER(SEARCH("Fuji",C165)),'อัปเดตราคาอลู'!$F$5,'อัปเดตราคาอลู'!$F$4))))),3) | T165: =ROUND(P165/(IF(OR(ISNUMBER(SEARCH("เมืองทอง",C165)),ISNUMBER(SEARCH("SlimLux",C165)),ISNUMBER(SEARCH("Velora",C165))),6,6.4)),3) | U165: =ROUND(L165-D165,0) | V165: =IF(D165="","",ROUND(D165+rate_anodize*S165,0))
A166: ━ Velora ━ | F166: =E166 | K166: =IF(ISNUMBER(SEARCH("เมืองทอง",C166)),mult_mtong,IF(ISNUMBER(SEARCH("SlimLux",C166)),mult_slim,IF(ISNUMBER(SEARCH("Velora",C166)),mult_velora,IF(ISNUMBER(SEARCH("Fuji",C166)),mult_euro,mult_sms)))) | L166: =ROUND(D166*K166,0) | M166: =ROUND(E166*K166,0) | N166: =M166 | O166: =IF(G166="","",ROUND(G166*mult_euro,0)) | P166: =ROUND(H166*mult_wood,0) | Q166: =IF(I166="","",ROUND(I166*mult_wood,0)) | R166: =IF(J166="","",ROUND(J166*mult_wood,0)) | S166: =ROUND(D166/(IF(ISNUMBER(SEARCH("เมืองทอง",C166)),'อัปเดตราคาอลู'!$F$8,IF(ISNUMBER(SEARCH("SlimLux",C166)),'อัปเดตราคาอลู'!$F$6,IF(ISNUMBER(SEARCH("Velora",C166)),'อัปเดตราคาอลู'!$F$7,IF(ISNUMBER(SEARCH("Fuji",C166)),'อัปเดตราคาอลู'!$F$5,'อัปเดตราคาอลู'!$F$4))))),3) | T166: =ROUND(P166/(IF(OR(ISNUMBER(SEARCH("เมืองทอง",C166)),ISNUMBER(SEARCH("SlimLux",C166)),ISNUMBER(SEARCH("Velora",C166))),6,6.4)),3) | U166: =ROUND(L166-D166,0)
A167: - | B167: บาน | C167: อลูมิเนียม Velora | D167: 693 | E167: 981 | F167: =E167 | K167: =IF(ISNUMBER(SEARCH("เมืองทอง",C167)),mult_mtong,IF(ISNUMBER(SEARCH("SlimLux",C167)),mult_slim,IF(ISNUMBER(SEARCH("Velora",C167)),mult_velora,IF(ISNUMBER(SEARCH("Fuji",C167)),mult_euro,mult_sms)))) | L167: =ROUND(D167*K167,0) | M167: =IF(E167="",ROUND(L167+'อัปเดตราคาอลู'!$B$13*S167,0),ROUND(E167*K167,0)) | N167: =M167 | O167: =IF(G167="",ROUND(L167+rate_special*S167,0),ROUND(G167*mult_euro,0)) | P167: =IF(H167="",ROUND(L167+rate_woodbake*S167,0),ROUND(H167*mult_wood,0)) | Q167: =IF(I167="",ROUND(L167+rate_woodbake*S167,0),ROUND(I167*mult_wood,0)) | R167: =IF(J167="",ROUND(L167+rate_woodbake*S167,0),ROUND(J167*mult_wood,0)) | S167: =ROUND(D167/(IF(ISNUMBER(SEARCH("เมืองทอง",C167)),'อัปเดตราคาอลู'!$F$8,IF(ISNUMBER(SEARCH("SlimLux",C167)),'อัปเดตราคาอลู'!$F$6,IF(ISNUMBER(SEARCH("Velora",C167)),'อัปเดตราคาอลู'!$F$7,IF(ISNUMBER(SEARCH("Fuji",C167)),'อัปเดตราคาอลู'!$F$5,'อัปเดตราคาอลู'!$F$4))))),3) | T167: =ROUND(P167/(IF(OR(ISNUMBER(SEARCH("เมืองทอง",C167)),ISNUMBER(SEARCH("SlimLux",C167)),ISNUMBER(SEARCH("Velora",C167))),6,6.4)),3) | U167: =ROUND(L167-D167,0) | V167: =IF(D167="","",ROUND(D167+rate_anodize*S167,0))
A168: - | B168: วงกบ | C168: อลูมิเนียม Velora | D168: 858 | E168: 1216 | F168: =E168 | K168: =IF(ISNUMBER(SEARCH("เมืองทอง",C168)),mult_mtong,IF(ISNUMBER(SEARCH("SlimLux",C168)),mult_slim,IF(ISNUMBER(SEARCH("Velora",C168)),mult_velora,IF(ISNUMBER(SEARCH("Fuji",C168)),mult_euro,mult_sms)))) | L168: =ROUND(D168*K168,0) | M168: =IF(E168="",ROUND(L168+'อัปเดตราคาอลู'!$B$13*S168,0),ROUND(E168*K168,0)) | N168: =M168 | O168: =IF(G168="",ROUND(L168+rate_special*S168,0),ROUND(G168*mult_euro,0)) | P168: =IF(H168="",ROUND(L168+rate_woodbake*S168,0),ROUND(H168*mult_wood,0)) | Q168: =IF(I168="",ROUND(L168+rate_woodbake*S168,0),ROUND(I168*mult_wood,0)) | R168: =IF(J168="",ROUND(L168+rate_woodbake*S168,0),ROUND(J168*mult_wood,0)) | S168: =ROUND(D168/(IF(ISNUMBER(SEARCH("เมืองทอง",C168)),'อัปเดตราคาอลู'!$F$8,IF(ISNUMBER(SEARCH("SlimLux",C168)),'อัปเดตราคาอลู'!$F$6,IF(ISNUMBER(SEARCH("Velora",C168)),'อัปเดตราคาอลู'!$F$7,IF(ISNUMBER(SEARCH("Fuji",C168)),'อัปเดตราคาอลู'!$F$5,'อัปเดตราคาอลู'!$F$4))))),3) | T168: =ROUND(P168/(IF(OR(ISNUMBER(SEARCH("เมืองทอง",C168)),ISNUMBER(SEARCH("SlimLux",C168)),ISNUMBER(SEARCH("Velora",C168))),6,6.4)),3) | U168: =ROUND(L168-D168,0) | V168: =IF(D168="","",ROUND(D168+rate_anodize*S168,0))
A169: ━ E-series ━ | F169: =E169 | K169: =IF(ISNUMBER(SEARCH("เมืองทอง",C169)),mult_mtong,IF(ISNUMBER(SEARCH("SlimLux",C169)),mult_slim,IF(ISNUMBER(SEARCH("Velora",C169)),mult_velora,IF(ISNUMBER(SEARCH("Fuji",C169)),mult_euro,mult_sms)))) | L169: =ROUND(D169*K169,0) | M169: =ROUND(E169*K169,0) | N169: =M169 | O169: =IF(G169="","",ROUND(G169*mult_euro,0)) | P169: =ROUND(H169*mult_wood,0) | Q169: =IF(I169="","",ROUND(I169*mult_wood,0)) | R169: =IF(J169="","",ROUND(J169*mult_wood,0)) | S169: =ROUND(D169/(IF(ISNUMBER(SEARCH("เมืองทอง",C169)),'อัปเดตราคาอลู'!$F$8,IF(ISNUMBER(SEARCH("SlimLux",C169)),'อัปเดตราคาอลู'!$F$6,IF(ISNUMBER(SEARCH("Velora",C169)),'อัปเดตราคาอลู'!$F$7,IF(ISNUMBER(SEARCH("Fuji",C169)),'อัปเดตราคาอลู'!$F$5,'อัปเดตราคาอลู'!$F$4))))),3) | T169: =ROUND(P169/(IF(OR(ISNUMBER(SEARCH("เมืองทอง",C169)),ISNUMBER(SEARCH("SlimLux",C169)),ISNUMBER(SEARCH("Velora",C169))),6,6.4)),3) | U169: =ROUND(L169-D169,0)
A170: E-01 | B170: - | C170: อลูมิเนียม E-series | D170: 1285 | E170: 1999 | F170: =E170 | K170: =IF(ISNUMBER(SEARCH("เมืองทอง",C170)),mult_mtong,IF(ISNUMBER(SEARCH("SlimLux",C170)),mult_slim,IF(ISNUMBER(SEARCH("Velora",C170)),mult_velora,IF(ISNUMBER(SEARCH("Fuji",C170)),mult_euro,mult_sms)))) | L170: =ROUND(D170*K170,0) | M170: =IF(E170="",ROUND(L170+'อัปเดตราคาอลู'!$B$13*S170,0),ROUND(E170*K170,0)) | N170: =M170 | O170: =IF(G170="",ROUND(L170+rate_special*S170,0),ROUND(G170*mult_euro,0)) | P170: =IF(H170="",ROUND(L170+rate_woodbake*S170,0),ROUND(H170*mult_wood,0)) | Q170: =IF(I170="",ROUND(L170+rate_woodbake*S170,0),ROUND(I170*mult_wood,0)) | R170: =IF(J170="",ROUND(L170+rate_woodbake*S170,0),ROUND(J170*mult_wood,0)) | S170: =ROUND(D170/(IF(ISNUMBER(SEARCH("เมืองทอง",C170)),'อัปเดตราคาอลู'!$F$8,IF(ISNUMBER(SEARCH("SlimLux",C170)),'อัปเดตราคาอลู'!$F$6,IF(ISNUMBER(SEARCH("Velora",C170)),'อัปเดตราคาอลู'!$F$7,IF(ISNUMBER(SEARCH("Fuji",C170)),'อัปเดตราคาอลู'!$F$5,'อัปเดตราคาอลู'!$F$4))))),3) | T170: =ROUND(P170/(IF(OR(ISNUMBER(SEARCH("เมืองทอง",C170)),ISNUMBER(SEARCH("SlimLux",C170)),ISNUMBER(SEARCH("Velora",C170))),6,6.4)),3) | U170: =ROUND(L170-D170,0) | V170: =IF(D170="","",ROUND(D170+rate_anodize*S170,0))
A171: E-01A | B171: - | C171: อลูมิเนียม E-series | D171: 155 | E171: 241 | F171: =E171 | K171: =IF(ISNUMBER(SEARCH("เมืองทอง",C171)),mult_mtong,IF(ISNUMBER(SEARCH("SlimLux",C171)),mult_slim,IF(ISNUMBER(SEARCH("Velora",C171)),mult_velora,IF(ISNUMBER(SEARCH("Fuji",C171)),mult_euro,mult_sms)))) | L171: =ROUND(D171*K171,0) | M171: =IF(E171="",ROUND(L171+'อัปเดตราคาอลู'!$B$13*S171,0),ROUND(E171*K171,0)) | N171: =M171 | O171: =IF(G171="",ROUND(L171+rate_special*S171,0),ROUND(G171*mult_euro,0)) | P171: =IF(H171="",ROUND(L171+rate_woodbake*S171,0),ROUND(H171*mult_wood,0)) | Q171: =IF(I171="",ROUND(L171+rate_woodbake*S171,0),ROUND(I171*mult_wood,0)) | R171: =IF(J171="",ROUND(L171+rate_woodbake*S171,0),ROUND(J171*mult_wood,0)) | S171: =ROUND(D171/(IF(ISNUMBER(SEARCH("เมืองทอง",C171)),'อัปเดตราคาอลู'!$F$8,IF(ISNUMBER(SEARCH("SlimLux",C171)),'อัปเดตราคาอลู'!$F$6,IF(ISNUMBER(SEARCH("Velora",C171)),'อัปเดตราคาอลู'!$F$7,IF(ISNUMBER(SEARCH("Fuji",C171)),'อัปเดตราคาอลู'!$F$5,'อัปเดตราคาอลู'!$F$4))))),3) | T171: =ROUND(P171/(IF(OR(ISNUMBER(SEARCH("เมืองทอง",C171)),ISNUMBER(SEARCH("SlimLux",C171)),ISNUMBER(SEARCH("Velora",C171))),6,6.4)),3) | U171: =ROUND(L171-D171,0) | V171: =IF(D171="","",ROUND(D171+rate_anodize*S171,0))
A172: E-03 | B172: - | C172: อลูมิเนียม E-series | D172: 1237 | E172: 1924 | F172: =E172 | K172: =IF(ISNUMBER(SEARCH("เมืองทอง",C172)),mult_mtong,IF(ISNUMBER(SEARCH("SlimLux",C172)),mult_slim,IF(ISNUMBER(SEARCH("Velora",C172)),mult_velora,IF(ISNUMBER(SEARCH("Fuji",C172)),mult_euro,mult_sms)))) | L172: =ROUND(D172*K172,0) | M172: =IF(E172="",ROUND(L172+'อัปเดตราคาอลู'!$B$13*S172,0),ROUND(E172*K172,0)) | N172: =M172 | O172: =IF(G172="",ROUND(L172+rate_special*S172,0),ROUND(G172*mult_euro,0)) | P172: =IF(H172="",ROUND(L172+rate_woodbake*S172,0),ROUND(H172*mult_wood,0)) | Q172: =IF(I172="",ROUND(L172+rate_woodbake*S172,0),ROUND(I172*mult_wood,0)) | R172: =IF(J172="",ROUND(L172+rate_woodbake*S172,0),ROUND(J172*mult_wood,0)) | S172: =ROUND(D172/(IF(ISNUMBER(SEARCH("เมืองทอง",C172)),'อัปเดตราคาอลู'!$F$8,IF(ISNUMBER(SEARCH("SlimLux",C172)),'อัปเดตราคาอลู'!$F$6,IF(ISNUMBER(SEARCH("Velora",C172)),'อัปเดตราคาอลู'!$F$7,IF(ISNUMBER(SEARCH("Fuji",C172)),'อัปเดตราคาอลู'!$F$5,'อัปเดตราคาอลู'!$F$4))))),3) | T172: =ROUND(P172/(IF(OR(ISNUMBER(SEARCH("เมืองทอง",C172)),ISNUMBER(SEARCH("SlimLux",C172)),ISNUMBER(SEARCH("Velora",C172))),6,6.4)),3) | U172: =ROUND(L172-D172,0) | V172: =IF(D172="","",ROUND(D172+rate_anodize*S172,0))
A173: E-03C | B173: - | C173: อลูมิเนียม E-series | D173: 257 | E173: 400 | F173: =E173 | K173: =IF(ISNUMBER(SEARCH("เมืองทอง",C173)),mult_mtong,IF(ISNUMBER(SEARCH("SlimLux",C173)),mult_slim,IF(ISNUMBER(SEARCH("Velora",C173)),mult_velora,IF(ISNUMBER(SEARCH("Fuji",C173)),mult_euro,mult_sms)))) | L173: =ROUND(D173*K173,0) | M173: =IF(E173="",ROUND(L173+'อัปเดตราคาอลู'!$B$13*S173,0),ROUND(E173*K173,0)) | N173: =M173 | O173: =IF(G173="",ROUND(L173+rate_special*S173,0),ROUND(G173*mult_euro,0)) | P173: =IF(H173="",ROUND(L173+rate_woodbake*S173,0),ROUND(H173*mult_wood,0)) | Q173: =IF(I173="",ROUND(L173+rate_woodbake*S173,0),ROUND(I173*mult_wood,0)) | R173: =IF(J173="",ROUND(L173+rate_woodbake*S173,0),ROUND(J173*mult_wood,0)) | S173: =ROUND(D173/(IF(ISNUMBER(SEARCH("เมืองทอง",C173)),'อัปเดตราคาอลู'!$F$8,IF(ISNUMBER(SEARCH("SlimLux",C173)),'อัปเดตราคาอลู'!$F$6,IF(ISNUMBER(SEARCH("Velora",C173)),'อัปเดตราคาอลู'!$F$7,IF(ISNUMBER(SEARCH("Fuji",C173)),'อัปเดตราคาอลู'!$F$5,'อัปเดตราคาอลู'!$F$4))))),3) | T173: =ROUND(P173/(IF(OR(ISNUMBER(SEARCH("เมืองทอง",C173)),ISNUMBER(SEARCH("SlimLux",C173)),ISNUMBER(SEARCH("Velora",C173))),6,6.4)),3) | U173: =ROUND(L173-D173,0) | V173: =IF(D173="","",ROUND(D173+rate_anodize*S173,0))
A174: E-05 | B174: - | C174: อลูมิเนียม E-series | D174: 1051 | E174: 1635 | F174: =E174 | K174: =IF(ISNUMBER(SEARCH("เมืองทอง",C174)),mult_mtong,IF(ISNUMBER(SEARCH("SlimLux",C174)),mult_slim,IF(ISNUMBER(SEARCH("Velora",C174)),mult_velora,IF(ISNUMBER(SEARCH("Fuji",C174)),mult_euro,mult_sms)))) | L174: =ROUND(D174*K174,0) | M174: =IF(E174="",ROUND(L174+'อัปเดตราคาอลู'!$B$13*S174,0),ROUND(E174*K174,0)) | N174: =M174 | O174: =IF(G174="",ROUND(L174+rate_special*S174,0),ROUND(G174*mult_euro,0)) | P174: =IF(H174="",ROUND(L174+rate_woodbake*S174,0),ROUND(H174*mult_wood,0)) | Q174: =IF(I174="",ROUND(L174+rate_woodbake*S174,0),ROUND(I174*mult_wood,0)) | R174: =IF(J174="",ROUND(L174+rate_woodbake*S174,0),ROUND(J174*mult_wood,0)) | S174: =ROUND(D174/(IF(ISNUMBER(SEARCH("เมืองทอง",C174)),'อัปเดตราคาอลู'!$F$8,IF(ISNUMBER(SEARCH("SlimLux",C174)),'อัปเดตราคาอลู'!$F$6,IF(ISNUMBER(SEARCH("Velora",C174)),'อัปเดตราคาอลู'!$F$7,IF(ISNUMBER(SEARCH("Fuji",C174)),'อัปเดตราคาอลู'!$F$5,'อัปเดตราคาอลู'!$F$4))))),3) | T174: =ROUND(P174/(IF(OR(ISNUMBER(SEARCH("เมืองทอง",C174)),ISNUMBER(SEARCH("SlimLux",C174)),ISNUMBER(SEARCH("Velora",C174))),6,6.4)),3) | U174: =ROUND(L174-D174,0) | V174: =IF(D174="","",ROUND(D174+rate_anodize*S174,0))
A175: E-02B | B175: - | C175: อลูมิเนียม E-series | D175: 1175 | E175: 1828 | F175: =E175 | K175: =IF(ISNUMBER(SEARCH("เมืองทอง",C175)),mult_mtong,IF(ISNUMBER(SEARCH("SlimLux",C175)),mult_slim,IF(ISNUMBER(SEARCH("Velora",C175)),mult_velora,IF(ISNUMBER(SEARCH("Fuji",C175)),mult_euro,mult_sms)))) | L175: =ROUND(D175*K175,0) | M175: =IF(E175="",ROUND(L175+'อัปเดตราคาอลู'!$B$13*S175,0),ROUND(E175*K175,0)) | N175: =M175 | O175: =IF(G175="",ROUND(L175+rate_special*S175,0),ROUND(G175*mult_euro,0)) | P175: =IF(H175="",ROUND(L175+rate_woodbake*S175,0),ROUND(H175*mult_wood,0)) | Q175: =IF(I175="",ROUND(L175+rate_woodbake*S175,0),ROUND(I175*mult_wood,0)) | R175: =IF(J175="",ROUND(L175+rate_woodbake*S175,0),ROUND(J175*mult_wood,0)) | S175: =ROUND(D175/(IF(ISNUMBER(SEARCH("เมืองทอง",C175)),'อัปเดตราคาอลู'!$F$8,IF(ISNUMBER(SEARCH("SlimLux",C175)),'อัปเดตราคาอลู'!$F$6,IF(ISNUMBER(SEARCH("Velora",C175)),'อัปเดตราคาอลู'!$F$7,IF(ISNUMBER(SEARCH("Fuji",C175)),'อัปเดตราคาอลู'!$F$5,'อัปเดตราคาอลู'!$F$4))))),3) | T175: =ROUND(P175/(IF(OR(ISNUMBER(SEARCH("เมืองทอง",C175)),ISNUMBER(SEARCH("SlimLux",C175)),ISNUMBER(SEARCH("Velora",C175))),6,6.4)),3) | U175: =ROUND(L175-D175,0) | V175: =IF(D175="","",ROUND(D175+rate_anodize*S175,0))
A176: E-02C | B176: - | C176: อลูมิเนียม E-series | D176: 1145 | E176: 1781 | F176: =E176 | K176: =IF(ISNUMBER(SEARCH("เมืองทอง",C176)),mult_mtong,IF(ISNUMBER(SEARCH("SlimLux",C176)),mult_slim,IF(ISNUMBER(SEARCH("Velora",C176)),mult_velora,IF(ISNUMBER(SEARCH("Fuji",C176)),mult_euro,mult_sms)))) | L176: =ROUND(D176*K176,0) | M176: =IF(E176="",ROUND(L176+'อัปเดตราคาอลู'!$B$13*S176,0),ROUND(E176*K176,0)) | N176: =M176 | O176: =IF(G176="",ROUND(L176+rate_special*S176,0),ROUND(G176*mult_euro,0)) | P176: =IF(H176="",ROUND(L176+rate_woodbake*S176,0),ROUND(H176*mult_wood,0)) | Q176: =IF(I176="",ROUND(L176+rate_woodbake*S176,0),ROUND(I176*mult_wood,0)) | R176: =IF(J176="",ROUND(L176+rate_woodbake*S176,0),ROUND(J176*mult_wood,0)) | S176: =ROUND(D176/(IF(ISNUMBER(SEARCH("เมืองทอง",C176)),'อัปเดตราคาอลู'!$F$8,IF(ISNUMBER(SEARCH("SlimLux",C176)),'อัปเดตราคาอลู'!$F$6,IF(ISNUMBER(SEARCH("Velora",C176)),'อัปเดตราคาอลู'!$F$7,IF(ISNUMBER(SEARCH("Fuji",C176)),'อัปเดตราคาอลู'!$F$5,'อัปเดตราคาอลู'!$F$4))))),3) | T176: =ROUND(P176/(IF(OR(ISNUMBER(SEARCH("เมืองทอง",C176)),ISNUMBER(SEARCH("SlimLux",C176)),ISNUMBER(SEARCH("Velora",C176))),6,6.4)),3) | U176: =ROUND(L176-D176,0) | V176: =IF(D176="","",ROUND(D176+rate_anodize*S176,0))
A177: E-04P | B177: - | C177: อลูมิเนียม E-series | D177: 952 | E177: 1481 | F177: =E177 | K177: =IF(ISNUMBER(SEARCH("เมืองทอง",C177)),mult_mtong,IF(ISNUMBER(SEARCH("SlimLux",C177)),mult_slim,IF(ISNUMBER(SEARCH("Velora",C177)),mult_velora,IF(ISNUMBER(SEARCH("Fuji",C177)),mult_euro,mult_sms)))) | L177: =ROUND(D177*K177,0) | M177: =IF(E177="",ROUND(L177+'อัปเดตราคาอลู'!$B$13*S177,0),ROUND(E177*K177,0)) | N177: =M177 | O177: =IF(G177="",ROUND(L177+rate_special*S177,0),ROUND(G177*mult_euro,0)) | P177: =IF(H177="",ROUND(L177+rate_woodbake*S177,0),ROUND(H177*mult_wood,0)) | Q177: =IF(I177="",ROUND(L177+rate_woodbake*S177,0),ROUND(I177*mult_wood,0)) | R177: =IF(J177="",ROUND(L177+rate_woodbake*S177,0),ROUND(J177*mult_wood,0)) | S177: =ROUND(D177/(IF(ISNUMBER(SEARCH("เมืองทอง",C177)),'อัปเดตราคาอลู'!$F$8,IF(ISNUMBER(SEARCH("SlimLux",C177)),'อัปเดตราคาอลู'!$F$6,IF(ISNUMBER(SEARCH("Velora",C177)),'อัปเดตราคาอลู'!$F$7,IF(ISNUMBER(SEARCH("Fuji",C177)),'อัปเดตราคาอลู'!$F$5,'อัปเดตราคาอลู'!$F$4))))),3) | T177: =ROUND(P177/(IF(OR(ISNUMBER(SEARCH("เมืองทอง",C177)),ISNUMBER(SEARCH("SlimLux",C177)),ISNUMBER(SEARCH("Velora",C177))),6,6.4)),3) | U177: =ROUND(L177-D177,0) | V177: =IF(D177="","",ROUND(D177+rate_anodize*S177,0))
A178: E-04GP | B178: - | C178: อลูมิเนียม E-series | D178: 1690 | E178: 2629 | F178: =E178 | K178: =IF(ISNUMBER(SEARCH("เมืองทอง",C178)),mult_mtong,IF(ISNUMBER(SEARCH("SlimLux",C178)),mult_slim,IF(ISNUMBER(SEARCH("Velora",C178)),mult_velora,IF(ISNUMBER(SEARCH("Fuji",C178)),mult_euro,mult_sms)))) | L178: =ROUND(D178*K178,0) | M178: =IF(E178="",ROUND(L178+'อัปเดตราคาอลู'!$B$13*S178,0),ROUND(E178*K178,0)) | N178: =M178 | O178: =IF(G178="",ROUND(L178+rate_special*S178,0),ROUND(G178*mult_euro,0)) | P178: =IF(H178="",ROUND(L178+rate_woodbake*S178,0),ROUND(H178*mult_wood,0)) | Q178: =IF(I178="",ROUND(L178+rate_woodbake*S178,0),ROUND(I178*mult_wood,0)) | R178: =IF(J178="",ROUND(L178+rate_woodbake*S178,0),ROUND(J178*mult_wood,0)) | S178: =ROUND(D178/(IF(ISNUMBER(SEARCH("เมืองทอง",C178)),'อัปเดตราคาอลู'!$F$8,IF(ISNUMBER(SEARCH("SlimLux",C178)),'อัปเดตราคาอลู'!$F$6,IF(ISNUMBER(SEARCH("Velora",C178)),'อัปเดตราคาอลู'!$F$7,IF(ISNUMBER(SEARCH("Fuji",C178)),'อัปเดตราคาอลู'!$F$5,'อัปเดตราคาอลู'!$F$4))))),3) | T178: =ROUND(P178/(IF(OR(ISNUMBER(SEARCH("เมืองทอง",C178)),ISNUMBER(SEARCH("SlimLux",C178)),ISNUMBER(SEARCH("Velora",C178))),6,6.4)),3) | U178: =ROUND(L178-D178,0) | V178: =IF(D178="","",ROUND(D178+rate_anodize*S178,0))
A179: E-07 | B179: - | C179: อลูมิเนียม E-series | D179: 1051 | E179: 1635 | F179: =E179 | K179: =IF(ISNUMBER(SEARCH("เมืองทอง",C179)),mult_mtong,IF(ISNUMBER(SEARCH("SlimLux",C179)),mult_slim,IF(ISNUMBER(SEARCH("Velora",C179)),mult_velora,IF(ISNUMBER(SEARCH("Fuji",C179)),mult_euro,mult_sms)))) | L179: =ROUND(D179*K179,0) | M179: =IF(E179="",ROUND(L179+'อัปเดตราคาอลู'!$B$13*S179,0),ROUND(E179*K179,0)) | N179: =M179 | O179: =IF(G179="",ROUND(L179+rate_special*S179,0),ROUND(G179*mult_euro,0)) | P179: =IF(H179="",ROUND(L179+rate_woodbake*S179,0),ROUND(H179*mult_wood,0)) | Q179: =IF(I179="",ROUND(L179+rate_woodbake*S179,0),ROUND(I179*mult_wood,0)) | R179: =IF(J179="",ROUND(L179+rate_woodbake*S179,0),ROUND(J179*mult_wood,0)) | S179: =ROUND(D179/(IF(ISNUMBER(SEARCH("เมืองทอง",C179)),'อัปเดตราคาอลู'!$F$8,IF(ISNUMBER(SEARCH("SlimLux",C179)),'อัปเดตราคาอลู'!$F$6,IF(ISNUMBER(SEARCH("Velora",C179)),'อัปเดตราคาอลู'!$F$7,IF(ISNUMBER(SEARCH("Fuji",C179)),'อัปเดตราคาอลู'!$F$5,'อัปเดตราคาอลู'!$F$4))))),3) | T179: =ROUND(P179/(IF(OR(ISNUMBER(SEARCH("เมืองทอง",C179)),ISNUMBER(SEARCH("SlimLux",C179)),ISNUMBER(SEARCH("Velora",C179))),6,6.4)),3) | U179: =ROUND(L179-D179,0) | V179: =IF(D179="","",ROUND(D179+rate_anodize*S179,0))
A180: E-07A | B180: - | C180: อลูมิเนียม E-series | D180: 1166 | E180: 1814 | F180: =E180 | K180: =IF(ISNUMBER(SEARCH("เมืองทอง",C180)),mult_mtong,IF(ISNUMBER(SEARCH("SlimLux",C180)),mult_slim,IF(ISNUMBER(SEARCH("Velora",C180)),mult_velora,IF(ISNUMBER(SEARCH("Fuji",C180)),mult_euro,mult_sms)))) | L180: =ROUND(D180*K180,0) | M180: =IF(E180="",ROUND(L180+'อัปเดตราคาอลู'!$B$13*S180,0),ROUND(E180*K180,0)) | N180: =M180 | O180: =IF(G180="",ROUND(L180+rate_special*S180,0),ROUND(G180*mult_euro,0)) | P180: =IF(H180="",ROUND(L180+rate_woodbake*S180,0),ROUND(H180*mult_wood,0)) | Q180: =IF(I180="",ROUND(L180+rate_woodbake*S180,0),ROUND(I180*mult_wood,0)) | R180: =IF(J180="",ROUND(L180+rate_woodbake*S180,0),ROUND(J180*mult_wood,0)) | S180: =ROUND(D180/(IF(ISNUMBER(SEARCH("เมืองทอง",C180)),'อัปเดตราคาอลู'!$F$8,IF(ISNUMBER(SEARCH("SlimLux",C180)),'อัปเดตราคาอลู'!$F$6,IF(ISNUMBER(SEARCH("Velora",C180)),'อัปเดตราคาอลู'!$F$7,IF(ISNUMBER(SEARCH("Fuji",C180)),'อัปเดตราคาอลู'!$F$5,'อัปเดตราคาอลู'!$F$4))))),3) | T180: =ROUND(P180/(IF(OR(ISNUMBER(SEARCH("เมืองทอง",C180)),ISNUMBER(SEARCH("SlimLux",C180)),ISNUMBER(SEARCH("Velora",C180))),6,6.4)),3) | U180: =ROUND(L180-D180,0) | V180: =IF(D180="","",ROUND(D180+rate_anodize*S180,0))
A181: E-04E | B181: - | C181: อลูมิเนียม E-series | D181: 617 | E181: 960 | F181: =E181 | K181: =IF(ISNUMBER(SEARCH("เมืองทอง",C181)),mult_mtong,IF(ISNUMBER(SEARCH("SlimLux",C181)),mult_slim,IF(ISNUMBER(SEARCH("Velora",C181)),mult_velora,IF(ISNUMBER(SEARCH("Fuji",C181)),mult_euro,mult_sms)))) | L181: =ROUND(D181*K181,0) | M181: =IF(E181="",ROUND(L181+'อัปเดตราคาอลู'!$B$13*S181,0),ROUND(E181*K181,0)) | N181: =M181 | O181: =IF(G181="",ROUND(L181+rate_special*S181,0),ROUND(G181*mult_euro,0)) | P181: =IF(H181="",ROUND(L181+rate_woodbake*S181,0),ROUND(H181*mult_wood,0)) | Q181: =IF(I181="",ROUND(L181+rate_woodbake*S181,0),ROUND(I181*mult_wood,0)) | R181: =IF(J181="",ROUND(L181+rate_woodbake*S181,0),ROUND(J181*mult_wood,0)) | S181: =ROUND(D181/(IF(ISNUMBER(SEARCH("เมืองทอง",C181)),'อัปเดตราคาอลู'!$F$8,IF(ISNUMBER(SEARCH("SlimLux",C181)),'อัปเดตราคาอลู'!$F$6,IF(ISNUMBER(SEARCH("Velora",C181)),'อัปเดตราคาอลู'!$F$7,IF(ISNUMBER(SEARCH("Fuji",C181)),'อัปเดตราคาอลู'!$F$5,'อัปเดตราคาอลู'!$F$4))))),3) | T181: =ROUND(P181/(IF(OR(ISNUMBER(SEARCH("เมืองทอง",C181)),ISNUMBER(SEARCH("SlimLux",C181)),ISNUMBER(SEARCH("Velora",C181))),6,6.4)),3) | U181: =ROUND(L181-D181,0) | V181: =IF(D181="","",ROUND(D181+rate_anodize*S181,0))
... A191: X-J | B191: - | C191: อลูมิเนียม E-series | D191: 295 | E191: 459 | F191: =E191 | K191: =IF(ISNUMBER(SEARCH("เมืองทอง",C191)),mult_mtong,IF(ISNUMBER(SEARCH("SlimLux",C191)),mult_slim,IF(ISNUMBER(SEARCH("Velora",C191)),mult_velora,IF(ISNUMBER(SEARCH("Fuji",C191)),mult_euro,mult_sms)))) | L191: =ROUND(D191*K191,0) | M191: =IF(E191="",ROUND(L191+'อัปเดตราคาอลู'!$B$13*S191,0),ROUND(E191*K191,0)) | N191: =M191 | O191: =IF(G191="",ROUND(L191+rate_special*S191,0),ROUND(G191*mult_euro,0)) | P191: =IF(H191="",ROUND(L191+rate_woodbake*S191,0),ROUND(H191*mult_wood,0)) | Q191: =IF(I191="",ROUND(L191+rate_woodbake*S191,0),ROUND(I191*mult_wood,0)) | R191: =IF(J191="",ROUND(L191+rate_woodbake*S191,0),ROUND(J191*mult_wood,0)) | S191: =ROUND(D191/(IF(ISNUMBER(SEARCH("เมืองทอง",C191)),'อัปเดตราคาอลู'!$F$8,IF(ISNUMBER(SEARCH("SlimLux",C191)),'อัปเดตราคาอลู'!$F$6,IF(ISNUMBER(SEARCH("Velora",C191)),'อัปเดตราคาอลู'!$F$7,IF(ISNUMBER(SEARCH("Fuji",C191)),'อัปเดตราคาอลู'!$F$5,'อัปเดตราคาอลู'!$F$4))))),3) | T191: =ROUND(P191/(IF(OR(ISNUMBER(SEARCH("เมืองทอง",C191)),ISNUMBER(SEARCH("SlimLux",C191)),ISNUMBER(SEARCH("Velora",C191))),6,6.4)),3) | U191: =ROUND(L191-D191,0) | V191: =IF(D191="","",ROUND(D191+rate_anodize*S191,0))
A192: F7971 | B192: คิ้วตบเฟรมข้าง | C192: อลูมิเนียม Fuji | D192: 520 | E192: 560 | F192: =E192 | G192: 565 | H192: 750 | I192: 785 | J192: 780 | K192: =IF(ISNUMBER(SEARCH("เมืองทอง",C192)),mult_mtong,IF(ISNUMBER(SEARCH("SlimLux",C192)),mult_slim,IF(ISNUMBER(SEARCH("Velora",C192)),mult_velora,IF(ISNUMBER(SEARCH("Fuji",C192)),mult_euro,mult_sms)))) | L192: =ROUND(D192*K192,0) | M192: =IF(E192="",ROUND(L192+'อัปเดตราคาอลู'!$B$13*S192,0),ROUND(E192*K192,0)) | N192: =M192 | O192: =IF(G192="",ROUND(L192+rate_special*S192,0),ROUND(G192*mult_euro,0)) | P192: =IF(H192="",ROUND(L192+rate_woodbake*S192,0),ROUND(H192*mult_wood,0)) | Q192: =IF(I192="",ROUND(L192+rate_woodbake*S192,0),ROUND(I192*mult_wood,0)) | R192: =IF(J192="",ROUND(L192+rate_woodbake*S192,0),ROUND(J192*mult_wood,0)) | S192: =ROUND(D192/(IF(ISNUMBER(SEARCH("เมืองทอง",C192)),'อัปเดตราคาอลู'!$F$8,IF(ISNUMBER(SEARCH("SlimLux",C192)),'อัปเดตราคาอลู'!$F$6,IF(ISNUMBER(SEARCH("Velora",C192)),'อัปเดตราคาอลู'!$F$7,IF(ISNUMBER(SEARCH("Fuji",C192)),'อัปเดตราคาอลู'!$F$5,'อัปเดตราคาอลู'!$F$4))))),3) | T192: =ROUND(P192/(IF(OR(ISNUMBER(SEARCH("เมืองทอง",C192)),ISNUMBER(SEARCH("SlimLux",C192)),ISNUMBER(SEARCH("Velora",C192))),6,6.4)),3) | U192: =ROUND(L192-D192,0) | V192: =IF(D192="","",ROUND(D192+rate_anodize*S192,0))
A193: F7935 | B193: คิ้วกระจก 5-6 มิล | C193: อลูมิเนียม Fuji | D193: 385 | E193: 410 | F193: =E193 | G193: 415 | H193: 535 | I193: 580 | J193: 575 | K193: =IF(ISNUMBER(SEARCH("เมืองทอง",C193)),mult_mtong,IF(ISNUMBER(SEARCH("SlimLux",C193)),mult_slim,IF(ISNUMBER(SEARCH("Velora",C193)),mult_velora,IF(ISNUMBER(SEARCH("Fuji",C193)),mult_euro,mult_sms)))) | L193: =ROUND(D193*K193,0) | M193: =IF(E193="",ROUND(L193+'อัปเดตราคาอลู'!$B$13*S193,0),ROUND(E193*K193,0)) | N193: =M193 | O193: =IF(G193="",ROUND(L193+rate_special*S193,0),ROUND(G193*mult_euro,0)) | P193: =IF(H193="",ROUND(L193+rate_woodbake*S193,0),ROUND(H193*mult_wood,0)) | Q193: =IF(I193="",ROUND(L193+rate_woodbake*S193,0),ROUND(I193*mult_wood,0)) | R193: =IF(J193="",ROUND(L193+rate_woodbake*S193,0),ROUND(J193*mult_wood,0)) | S193: =ROUND(D193/(IF(ISNUMBER(SEARCH("เมืองทอง",C193)),'อัปเดตราคาอลู'!$F$8,IF(ISNUMBER(SEARCH("SlimLux",C193)),'อัปเดตราคาอลู'!$F$6,IF(ISNUMBER(SEARCH("Velora",C193)),'อัปเดตราคาอลู'!$F$7,IF(ISNUMBER(SEARCH("Fuji",C193)),'อัปเดตราคาอลู'!$F$5,'อัปเดตราคาอลู'!$F$4))))),3) | T193: =ROUND(P193/(IF(OR(ISNUMBER(SEARCH("เมืองทอง",C193)),ISNUMBER(SEARCH("SlimLux",C193)),ISNUMBER(SEARCH("Velora",C193))),6,6.4)),3) | U193: =ROUND(L193-D193,0) | V193: =IF(D193="","",ROUND(D193+rate_anodize*S193,0))
A194: - | B194: เส้นคาดตาราง | C194: อลูมิเนียม SlimLux | D194: 140 | E194: 150 | G194: 130 | H194: 170 | I194: 180 | J194: 175 | M194: =IF(E194="",ROUND(L194+'อัปเดตราคาอลู'!$B$13*S194,0),ROUND(E194*K194,0)) | O194: =IF(G194="",ROUND(L194+rate_special*S194,0),ROUND(G194*mult_euro,0)) | P194: =IF(H194="",ROUND(L194+rate_woodbake*S194,0),ROUND(H194*mult_wood,0)) | Q194: =IF(I194="",ROUND(L194+rate_woodbake*S194,0),ROUND(I194*mult_wood,0)) | R194: =IF(J194="",ROUND(L194+rate_woodbake*S194,0),ROUND(J194*mult_wood,0))

Sheet บันทึกราคาขึ้น
A1: 📈 บันทึกราคาขึ้น — ทุน @ บานมาตรฐาน 150×150 ซม (2.25 ตร.ม.) | I1: 🏠 สารบัญ
A2: ทุก ครั้งที่อลู/กก. ขึ้น → มดเพิ่มคอลัมน์วันที่ใหม่ + %ขึ้น · ดูได้ว่าบานไหนขึ้นเท่าไหร่ + ตรวจว่าเพิ่มถูก (ทุน=วัสดุ อลู+กระจก+อุปกรณ์ ไม่รวมค่าแรง · อลูเท่านั้นที่ขึ้นตาม/กก.)
A4: ① ประวัติเรตอลู (บาท/กก.)
A5: วันที่ | B5: SMS | C5: ยูโร/Fuji | D5: SlimLux | E5: Velora | F5: เมืองทอง
A6: 25/6/69 | B6: ='อัปเดตราคาอลู'!B4 | C6: ='อัปเดตราคาอลู'!B5 | D6: ='อัปเดตราคาอลู'!B6 | E6: ='อัปเดตราคาอลู'!B7 | F6: ='อัปเดตราคาอลู'!B8
A9: ② ทุน @150×150 ต่อบาน (บาท)
A10: บาน | B10: config | C10: ทุนอลูฐาน | D10: กระจก+อุปกรณ์ | E10: ทุนรวม ปัจจุบัน (สูตร live) | F10: 25/6/69 (บันทึก) | G10: %ขึ้น
A11: บานเลื่อน SMS | B11: 2 บาน | C11: 7365 | D11: 1881 | E11: =ROUND(C11*mult_sms+D11,0) | F11: 9246 | G11: ฐาน
A12: บานเลื่อน ยูโร | B12: 2 บาน | C12: 11220 | D12: 2145 | E12: =ROUND(C12*mult_euro+D12,0) | F12: 13365 | G12: ฐาน
A13: บานเลื่อน SlimLux | B13: 2 บาน | C13: 5968 | D13: 6953 | E13: =ROUND(C13*mult_slim+D13,0) | F13: 12921 | G13: ฐาน
A14: บานเลื่อน Velora | B14: 2 บาน | C14: 2207 | D14: 3263 | E14: =ROUND(C14*mult_velora+D14,0) | F14: 5470 | G14: ฐาน
A15: บานเลื่อน E-series | B15: 2 บาน | C15: 11158 | D15: 1527 | E15: =ROUND(C15*mult_sms+D15,0) | F15: 12685 | G15: ฐาน
A16: บานเปิด (ยูโร) | B16: 2 บาน | C16: 8560 | D16: 3255 | E16: =ROUND(C16*mult_euro+D16,0) | F16: 11815 | G16: ฐาน
A17: PC Door | B17: 1 บาน | C17: 5430 | D17: 3044 | E17: =ROUND(C17*mult_euro+D17,0) | F17: 8474 | G17: ฐาน
A18: บานกระทุ้ง | B18: 1 บาน | C18: 4340 | D18: 1924 | E18: =ROUND(C18*mult_euro+D18,0) | F18: 6264 | G18: ฐาน
A19: บานยก | B19: 1 บาน | C19: 5005 | D19: 3419 | E19: =ROUND(C19*mult_euro+D19,0) | F19: 8424 | G19: ฐาน
A20: บานเฟี้ยม | B20: 4 บาน | C20: 10470 | D20: 6807 | E20: =ROUND(C20*mult_euro+D20,0) | F20: 17277 | G20: ฐาน
A21: เฟี้ยมยูโร | B21: 4 บาน | C21: 13294 | D21: 2917 | E21: =ROUND(C21*mult_euro+D21,0) | F21: 16211 | G21: ฐาน
A22: บานติดตาย | B22: - | C22: 3240 | D22: 764 | E22: =ROUND(C22*mult_mtong+D22,0) | F22: 4004 | G22: ฐาน
A23: ตายดัดโค้ง | B23: - | C23: 0 | D23: 5100 | E23: =ROUND(C23*mult_mtong+D23,0) | F23: 5100 | G23: ฐาน
A24: เปิดดัดโค้ง | B24: 2 บาน | C24: 0 | D24: 28077 | E24: =ROUND(C24*mult_mtong+D24,0) | F24: 28077 | G24: ฐาน
A25: บานเลื่อนรางบน | B25: 2 บาน | C25: 4770 | D25: 7803 | E25: =ROUND(2990*mult_mtong+1780*mult_sms+D25,0) | F25: 12573 | G25: ฐาน
A27: 🔧 วิธีเพิ่มรอบใหม่เมื่ออลูขึ้น:
A28: 1) แก้ราคา/กก. ที่ชีท "อัปเดตราคาอลู" → ช่อง "ทุนรวม ปัจจุบัน(สูตร)" ขยับเอง
A29: 2) มดเพิ่ม 2 คอลัมน์ใหม่ (วันที่ + %ขึ้น) คัดค่าจากช่องสูตร + เพิ่มแถวเรตใน ① → ได้ประวัติว่าบานไหนขึ้นเท่าไหร่
A30: หมายเหตุ: ตายดัดโค้ง/เปิดดัดโค้ง อลูตั้งราคาตายตัว ไม่ขึ้นตาม/กก. · รางบน/เฟี้ยม สูตร live ประมาณ (เลขเป๊ะดูคอลัมน์บันทึกวันที่)
A32: ⚠️ ทุนอลูฐาน(ส้ม)/กระจก+อุปกรณ์(เทา) = ค่าคงที่ @150×150 · ทุนรวม(เขียว) = อลูฐาน×ตัวคูณ + อื่นๆ → ขึ้นเองเมื่อ/กก.ขึ้น

Sheet ราคางานเสริม
A1: ⚠️ แก้ราคาที่นี่ → 📋 ราคาวัสดุงานเสริม — แก้ราคาที่นี่ที่เดียว (ช่องเหลือง) · ทุกชีทดึงไปใช้อัตโนมัติ | G1: 🏠 สารบัญ
A3: ▶ ฝ้ายิปซัม
A4: งาน | B4: วัสดุ | C4: หน่วย | D4: ราคา (บาท)
A5: ฝ้ายิปซัม | B5: แผ่นยิปซัม 9มม | C5: แผ่น | D5: 284
A6: ฝ้ายิปซัม | B6: โครงซีไลน์ (ฟิวริ่ง) | C6: เส้น | D6: 50
A7: ฝ้ายิปซัม | B7: โครงเคร่าหลัก (อาบ) | C7: เส้น | D7: 50
A8: ฝ้ายิปซัม | B8: ขาแขวน | C8: เส้น | D8: 50
A9: ฝ้ายิปซัม | B9: สกรูยึดแผ่น | C9: ตัว | D9: 0.5
A10: ฝ้ายิปซัม | B10: สกรูยึดโครง | C10: ตัว | D10: 0.5
A11: ฝ้ายิปซัม | B11: ปูนฉาบรอยต่อ | C11: ถุง | D11: 240
A12: ฝ้ายิปซัม | B12: เทป/ตาข่าย | C12: ม้วน | D12: 70
A13: ฝ้ายิปซัม | B13: ฉากโอบ อลู 4หุน | C13: เส้น | D13: 70
A14: ฝ้ายิปซัม | B14: ฉนวน rockwool 3" | C14: แผ่น | D14: 130
A15: ▶ งานไฟ
A16: งาน | B16: วัสดุ | C16: หน่วย | D16: ราคา (บาท)
A17: งานไฟ | B17: ไฟดาวน์ไลท์ | C17: ดวง | D17: 117
A18: งานไฟ | B18: เต้ารับ+หน้ากาก | C18: จุด | D18: 105
A19: งานไฟ | B19: สวิตช์+หน้ากาก | C19: จุด | D19: 45
A20: งานไฟ | B20: กล่องไฟ | C20: กล่อง | D20: 35
A21: งานไฟ | B21: สายไฟ THW/VAF | C21: เมตร | D21: 25
A22: งานไฟ | B22: ท่อ PVC+ข้อต่อ | C22: เมตร | D22: 6.6666667
A23: งานไฟ | B23: เทป+เบ็ดเตล็ด | C23: งาน | D23: 400
A24: ▶ สมาร์ทบอร์ด
A25: งาน | B25: วัสดุ | C25: หน่วย | D25: ราคา (บาท)
A26: สมาร์ทบอร์ด | B26: แผ่นสมาร์ทบอร์ด 12มม | C26: แผ่น | D26: 500
A27: สมาร์ทบอร์ด | B27: โครงเหล็กกรอบ 1½×3" | C27: เส้น | D27: 440
A28: สมาร์ทบอร์ด | B28: ซีไลน์ 3" ดิ่ง | C28: เส้น | D28: 62
A29: สมาร์ทบอร์ด | B29: ซีไลน์ 3" นอน | C29: เส้น | D29: 62
A30: สมาร์ทบอร์ด | B30: ฉนวน 3" | C30: แผ่น | D30: 130
A31: สมาร์ทบอร์ด | B31: สกรูยึดแผ่น | C31: ตัว | D31: 0.5
A32: สมาร์ทบอร์ด | B32: สกรูยึดโครง | C32: ตัว | D32: 0.5
A33: สมาร์ทบอร์ด | B33: ปูนฉาบรอยต่อ | C33: ถุง | D33: 240
A34: สมาร์ทบอร์ด | B34: เทป/ตาข่าย | C34: ม้วน | D34: 70
A35: ▶ ไอโซวอล
A36: งาน | B36: วัสดุ | C36: หน่วย | D36: ราคา (บาท)
A37: ไอโซวอล | B37: แผ่นไอโซวอล ≤2.4ม | C37: แผ่น | D37: 2016
A38: ไอโซวอล | B38: แผ่นไอโซวอล >2.4ม | C38: แผ่น | D38: 2520
A39: ไอโซวอล | B39: กล่อง 1.6×4" โครงรอบ | C39: เส้น | D39: 1220
A40: ไอโซวอล | B40: ฉาก 4หุน | C40: เส้น | D40: 70
A41: ไอโซวอล | B41: สกรู/รีเวท | C41: งาน | D41: 50
A42: ไอโซวอล | B42: ซิลิโคน/ซีล | C42: หลอด | D42: 90
A43: ▶ ฝ้าไม้เทียม
A44: งาน | B44: วัสดุ | C44: หน่วย | D44: ราคา (บาท)
A45: ฝ้าไม้เทียม | B45: ขาจับฝ้า (ไม้ทิพย์) | C45: เส้น | D45: 190
A46: ฝ้าไม้เทียม | B46: โครงซีไลน์ | C46: เส้น | D46: 50
A47: ▶ ครอบวงกบ (ใช้ร่วม บาน/ระแนง/มุ้ง/ตู้)
A48: ครอบวงกบ | B48: กล่องเรียบ เหมา 1 เส้น/วงกบ | C48: เส้น | D48: 1350

Sheet ราคาออโต้
A1: ⚠️ แก้ราคาที่นี่ → ราคาออโต้/มอเตอร์ (ทุน) — มดอัปเดตที่นี่ที่เดียว · ชีทบานติ๊กเลือกแล้วดึงมาใช้ | G1: 🏠 สารบัญ
A2: หมวด/บาน | B2: รุ่น/รายการ | C2: ราคา | D2: ค่าส่ง | E2: หน่วย/เงื่อนไข
A3: บานยก / เฟี้ยมยก | B3: ยก 80 กก. | C3: 4500 | D3: 1700
B4: ยก 300 กก. | C4: 12500 | D4: 1700
A5: หลังคาเลื่อน | B5: 80 กก. | C5: 4500 | D5: 1700
B6: 300 กก. | C6: 12500 | D6: 1700
B7: 1500 กก. | C7: 13325 | D7: 1700 | E7: มีฟันเฟือง+เซนเซอร์
B8: ฟันเฟือง (เฉพาะ1500) | C8: 340 | E8: บาท/ม. × ระยะยื่น
B9: เซนเซอร์กันฝน (ออป,1500) | C9: 1100 | E9: ออปชั่น
A10: บานเกล็ด 38.1 | B10: มอเตอร์บานเกล็ด | C10: 1800 | E10: ไม่มีค่าส่ง
A11: ระแนงหมุน | B11: มอเตอร์ระแนงหมุน | C11: 1800 | E11: รวมส่งแล้ว
A12: บานกระทุ้ง | B12: โช็ค เปิด 50 | C12: 3575 | D12: 1700 | E12: 2 ตัว→+อุปกรณ์พิเศษ
B13: โช็ค เปิด 80 | C13: 3725 | D13: 1700 | E13: 2 ตัว→+อุปกรณ์พิเศษ
B14: โซ่เดี่ยว 50 | C14: 1900 | D14: 1700
B15: โซ่คู่ 50 | C15: 2600 | D15: 1700
B16: อุปกรณ์พิเศษ (โช็ค 2 ตัว) | C16: 600 | E16: บวกเมื่อใช้ 2 ตัว
A17: เลื่อน SMS/ยูโร | B17: Evecca (จีน) | C17: 13480 | D17: 1700 | E17: 1 บาน
B18: สายพาน Evecca | C18: 75 | E18: บาท/ม. = กว้างช่อง×2
B19: ออป Smart lock | C19: 6500 | E19: ออปชั่น Evecca
B20: ช่างแซก | C20: 8000 | E20: ไม่มีค่าส่ง
B21: เซฟตี้ตาแมว (บังคับช่างแซก) | C21: 1000 | E21: บวกทุกชุดช่างแซก
B22: ราง ช่างแซก | C22: 950 | E22: บาท/ม. = กว้างช่อง
B23: ออป Touch Switch (ช่างแซก) | C23: 1000 | E23: ออปชั่น
B24: ออป Infrared (ช่างแซก) | C24: 9000 | E24: ออปชั่น
A25: SlimLux | B25: ชุด SlimLux (บานแรก) | C25: 6900 | D25: 1700 | E25: บานแรก
B26: บานเพิ่ม | C26: 2250 | E26: บาท/บานเพิ่ม
B27: ราง SlimLux | C27: 1100 | E27: บาท/ม. = กว้างช่อง×จำนวนบาน
B28: ออป สแกนหน้า (บังคับเลือก1) | C28: 2750 | E28: เลือก 1 ใน 2
B29: ออป Touch Switch (บังคับเลือก1) | C29: 100 | E29: เลือก 1 ใน 2

Sheet ราคาวัสดุ
A1: ⚠️ แก้ราคาที่นี่ → 📋 ราคาวัสดุกลาง — แก้ที่นี่ที่เดียวเมื่อราคาขึ้น | F1: 🏠 สารบัญ | G1: อลูเมืองทองขึ้นราคา? แก้ที่ชีท "อัปเดตราคาอลู" ช่องเมืองทอง (บาท/กก.) → จันทัน/แป/ฉาก/แซด/คาน ขยับเอง
A2: โปรไฟล์อลูมิเนียม (เส้นยาว 6 ม.) | G2: ◀ ราคาอลู (บาท/กก.) · เหล็กแก้ราคา/เส้น ในตารางเลย (สีเหลือง) | H2: 180
B3: วัสดุ | C3: หน่วย | D3: ราคา (บาท) | E3: หมายเหตุ | F3: ราคาฐาน | I3: น้ำหนัก/เส้น(กก.)
B4: กล่อง 1.6"×4" | C4: เส้น | D4: =ROUND(F4*mult_mtong,0) | E4: แกนหลัก / จันทัน | F4: 1220 | I4: =ROUND(F4/180,3)
B5: กล่อง 1.6"×1.6" | C5: เส้น | D5: =ROUND(F5*mult_mtong,0) | E5: แป — แปเดี่ยว | F5: 770 | I5: =ROUND(F5/180,3)
B6: กล่อง 1"×1½" | C6: เส้น | D6: =ROUND(F6*mult_mtong,0) | E6: แป — แปคู่ | F6: 393 | I6: =ROUND(F6/180,3)
B7: ฉาก 6 หุน | C7: เส้น | D7: =ROUND(F7*mult_mtong,0) | E7: ยึดติดผนัง | F7: 140 | I7: =ROUND(F7/180,3)
B8: แซด 4" | C8: เส้น | D8: =ROUND(F8*mult_mtong,0) | E8: ร่องน้ำ / ขอบ | F8: 140 | I8: =ROUND(F8/180,3)
B9: กล่องเหล็ก 1"×1" | C9: เส้น | D9: ='ราคาเหล็ก'!D4 | E9: เสริมโครง | F9: 170
B10: เพลทเหล็ก | C10: แผ่น | D10: 15 | E10: ยึดด้านหลัง | F10: 15
B11: กล่อง 4"×4" | C11: เส้น | D11: =ROUND(2208*mult_mtong,0) | E11: คาน T หลังคาจั่ว | F11: 2208
A12: วัสดุปิดผิว
B13: วัสดุ | C13: หน่วย | D13: ราคา (บาท) | E13: หมายเหตุ
B14: ไวนิล | C14: แผ่น (7 ม.) | D14: 1540 | E14: จันทันห่าง ≤100 ซม.
B15: ฝาครอบไวนิล | C15: เส้น (7 ม.) | D15: 245 | E15: 1 เส้น/แผ่นไวนิล
B16: ดีไลท์ | C16: แผ่น (6 ม.) | D16: 4700 | E16: ฝาครอบแถมฟรี
B17: โพลีตัน | C17: เมตร | D17: 1200 | E17: จันทันห่าง ≤122 ซม.
B18: ตัวครอบโพลีตัน | C18: จุด/จันทัน | D18: 420 | E18: 1 จุดต่อ 1 จันทัน
B19: ชินโคร์ไลท์ Heat Cut | C19: ตร.ม. | D19: 2800 | E19: รวมฝาครอบ
B20: ชินโคร์ไลท์ Superior | C20: ตร.ม. | D20: 2100 | E20: รวมฝาครอบ
B21: เมทัลชีท PU 2" Snap | C21: ตร.ม. | D21: 2200 | E21: จันทันห่าง ≤100 ซม.
B22: กระจกลามิเนต 4+4 | C22: ตร.ม. | D22: 1065 | E22: ฟิล์มเขียว/ใส 0.38
B23: กระจกลามิเนต 5+5 | C23: ตร.ม. | D23: 1270 | E23: ฟิล์มเขียว/ใส 0.38
B24: ชินโคร์ Shade 4มม. | C24: ตร.ม. | D24: 1050 | E24: กว้าง 1.38ม. · CPP 01-05-69
B25: ชินโคร์ Prime 10มม. | C25: ตร.ม. | D25: 4348 | E25: กว้าง 1.38ม. · N828/562
B26: รางหลังคาเลื่อน | C26: เส้น | D26: 4080
B27: เมทัลชีท EPS 2" | C27: ตร.ม. | D27: 1400 | E27: จันทันห่าง ไม่เกิน 100 ซม.

Sheet ราคาเหล็ก
A1: ⚠️ แก้ราคาที่นี่ → ราคาเหล็กกล่อง (เส้นยาว 6 ม.) — แก้ช่อง "ราคา/เส้น" เมื่อเหล็กขึ้น
A2: เหล็กกล่อง (โครงหลังคา / รั้ว / โครงเสริม)
A3: รายการ | B3: ขนาด (นิ้ว) | C3: ยาว/เส้น (ม.) | D3: ราคา/เส้น (บาท) | E3: ราคา/เมตร (บาท)
A4: กล่องเหล็ก | B4: 1"×1" | C4: 6 | D4: 170 | E4: =ROUND(D4/C4,2)
A5: กล่องเหล็ก | B5: 1½"×3" | C5: 6 | D5: 460 | E5: =ROUND(D5/C5,2)
A6: กล่องเหล็ก | B6: 2"×4" | C6: 6 | D6: 600 | E6: =ROUND(D6/C6,2)
A7: กล่องเหล็ก | B7: 4"×4" | C7: 6 | D7: 940 | E7: =ROUND(D7/C7,2)
A8: กล่องเหล็ก | B8: 1"×2" | C8: 6 | D8: 280 | E8: =ROUND(D8/C8,2)

Sheet ค่าแรง
A1: ⚠️ แก้ราคาที่นี่ → ค่าแรง ผลิต + ติดตั้ง (สูตร: ค่าเริ่มต้น + เรต×ตร.ม.) — จากไฟล์ค่าแรง นิด | G1: 🏠 สารบัญ
A3: เลือกแบบ → | B3: บานเลื่อน SMS
A4: พื้นที่ (ตร.ม.) → | B4: 5
A5: ค่าแรงผลิต = | B5: =MAX(0,VLOOKUP(B3,$A$12:$E$27,2,0)+VLOOKUP(B3,$A$12:$E$27,3,0)*B4)
A6: ค่าแรงติดตั้ง = | B6: =MAX(0,VLOOKUP(B3,$A$12:$E$27,4,0)+VLOOKUP(B3,$A$12:$E$27,5,0)*B4)
A7: รวมค่าแรง (ผลิต+ติดตั้ง) = | B7: =B5+B6
A10: ตารางค่าแรง (แก้ที่นี่ถ้าค่าแรงเปลี่ยน) — ค่าแรง/ชม.=87.5 | N10: 🟡 ช่องเหลือง = แก้ตรงนี้ · เทา = คิดให้อัตโนมัติ
A11: แบบบาน | B11: ผลิต: ค่าเริ่มต้น | C11: ผลิต: /ตร.ม. | D11: ติดตั้ง: ค่าเริ่มต้น | E11: ติดตั้ง: /ตร.ม. | G11: ชม.ฐานผลิต | H11: ชม.ฐานติดตั้ง | I11: ค่าแรง/ชม. | J11: ชม.เพิ่มผลิต/ตร.ม. | K11: ชม.เพิ่มติดตั้ง/ตร.ม. | L11: คนผลิต | M11: คนติดตั้ง | N11: แก้ตรงไหน
A12: บานเลื่อน SMS | B12: =G12*I12*L12 | C12: =J12*I12*L12 | D12: =H12*I12*M12 | E12: =K12*I12*M12 | G12: 5 | H12: 6.5 | I12: 87.5 | J12: 0.3333 | K12: 0.3333 | L12: 1 | M12: 1 | N12: ฐาน+เพิ่ม/ตร.ม. → แก้ G,H (ฐานชม.) · J,K (เพิ่มชม./ตร.ม.)
A13: บานเลื่อน ยูโร | B13: =G13*I13*L13 | C13: =J13*I13*L13 | D13: =H13*I13*M13 | E13: =K13*I13*M13 | G13: 7 | H13: 8 | I13: 87.5 | J13: 0.5 | K13: 0.573 | L13: 1 | M13: 1 | N13: ฐาน+เพิ่ม/ตร.ม. → แก้ G,H (ฐานชม.) · J,K (เพิ่มชม./ตร.ม.)
A14: SlimLux | B14: =G14*I14*L14 | C14: =J14*I14*L14 | D14: =H14*I14*M14 | E14: =K14*I14*M14 | G14: 11.9 | H14: 8 | I14: 87.5 | J14: 0.667 | K14: 0.667 | L14: 1 | M14: 1 | N14: ฐาน+เพิ่ม/ตร.ม. → แก้ G,H (ฐานชม.) · J,K (เพิ่มชม./ตร.ม.)
A15: Velora | B15: =G15*I15*L15 | C15: =J15*I15*L15 | D15: =H15*I15*M15 | E15: =K15*I15*M15 | G15: 4.24 | H15: 6 | I15: 87.5 | J15: 0.3333 | K15: 0.3333 | L15: 1 | M15: 1 | N15: ฐาน+เพิ่ม/ตร.ม. → แก้ G,H (ฐานชม.) · J,K (เพิ่มชม./ตร.ม.)
A16: บานเปิด (ยูโร) | B16: =G16*I16*L16 | C16: =J16*I16*L16 | D16: =H16*I16*M16 | E16: =K16*I16*M16 | G16: 6 | H16: 7.84 | I16: 87.5 | J16: 0.281 | K16: 0.542 | L16: 1 | M16: 1 | N16: ฐาน+เพิ่ม/ตร.ม. → แก้ G,H (ฐานชม.) · J,K (เพิ่มชม./ตร.ม.)
A17: บานกระทุ้ง (ยูโร) | B17: =G17*I17*L17 | C17: =J17*I17*L17 | D17: =H17*I17*M17 | E17: =K17*I17*M17 | G17: 6 | H17: 4.25 | I17: 87.5 | J17: 0.667 | K17: 0.667 | L17: 1 | M17: 1 | N17: ฐาน+เพิ่ม/ตร.ม. → แก้ G,H (ฐานชม.) · J,K (เพิ่มชม./ตร.ม.)
A18: บานเฟี้ยม (sms) | B18: =G18*I18*L18 | C18: =J18*I18*L18 | D18: =H18*I18*M18 | E18: =K18*I18*M18 | G18: 12 | H18: 14 | I18: 87.5 | J18: 1 | K18: 1 | L18: 1 | M18: 1 | N18: ฐาน+เพิ่ม/ตร.ม. → แก้ G,H (ฐานชม.) · J,K (เพิ่มชม./ตร.ม.)
A19: บานยก (เซมิ) | B19: =G19*I19*L19 | C19: =J19*I19*L19 | D19: =H19*I19*M19 | E19: =K19*I19*M19 | G19: 16 | H19: 7 | I19: 87.5 | J19: 0.3333 | K19: 0.3333 | L19: 1 | M19: 1 | N19: ฐาน+เพิ่ม/ตร.ม. → แก้ G,H (ฐานชม.) · J,K (เพิ่มชม./ตร.ม.)
A20: หลังคา | C20: 597 | E20: 852 | N20: คิด /ตร.ม. → แก้ C (ผลิต), E (ติดตั้ง)
A21: บานติดตาย | B21: =G21*I21*L21 | C21: =J21*I21*L21 | D21: =H21*I21*M21 | E21: =K21*I21*M21 | G21: 4 | H21: 4 | I21: 87.5 | J21: 0.25 | K21: 0.25 | L21: 1 | M21: 2 | N21: ฐาน+เพิ่ม/ตร.ม. → G,H (ฐานชม.) · J,K (เพิ่มชม./ตร.ม.) · L,M (คน)
A22: ตายดัดโค้ง | B22: =G22*I22*L22 | C22: =J22*I22*L22 | D22: =H22*I22*M22 | E22: =K22*I22*M22 | G22: 8 | H22: 8 | I22: 87.5 | J22: 0.25 | K22: 0.25 | L22: 1 | M22: 2 | N22: ฐาน+เพิ่ม/ตร.ม. → G,H (ฐานชม.) · J,K (เพิ่มชม./ตร.ม.) · L,M (คน)
A23: PC Door | B23: =G23*I23*L23 | C23: =J23*I23*L23 | D23: =H23*I23*M23 | E23: =K23*I23*M23 | G23: 14 | H23: 8 | I23: 87.5 | J23: 0.3333 | K23: 0.25 | L23: 1 | M23: 3 | N23: ฐาน+เพิ่ม/ตร.ม. → G,H (ฐานชม.) · J,K (เพิ่มชม./ตร.ม.) · L,M (คน)
A24: บานเฟี้ยมยูโร | B24: =G24*I24*L24 | C24: =J24*I24*L24 | D24: =H24*I24*M24 | E24: =K24*I24*M24 | G24: 18 | H24: 14 | I24: 87.5 | J24: 0.5833 | K24: 0.5 | L24: 1 | M24: 4 | N24: ฐาน+เพิ่ม/ตร.ม. → G,H (ฐานชม.) · J,K (เพิ่มชม./ตร.ม.) · L,M (คน)
A25: มุ้งเฟรมเล็ก | B25: =G25*I25*L25 | C25: =J25*I25*L25 | D25: =H25*I25*M25 | E25: =K25*I25*M25 | G25: 3 | H25: 2 | I25: 87.5 | J25: 0.1667 | K25: 0.0833 | L25: 1 | M25: 1 | N25: ฐาน+เพิ่ม/ตร.ม. → G,H (ฐานชม.) · J,K (เพิ่มชม./ตร.ม.) · L,M (คน)
A26: หลังคาจั่ว | C26: 707 | E26: 982 | N26: คิด /ตร.ม. → แก้ C (ผลิต), E (ติดตั้ง)
A27: หลังคาเลื่อน | C27: 804 | E27: 1530 | N27: คิด /ตร.ม. → แก้ C (ผลิต), E (ติดตั้ง)
A28: บานเลื่อนรางบน | B28: =G28*I28*L28 | C28: =J28*I28*L28 | D28: =H28*I28*M28 | E28: =K28*I28*M28 | G28: 8 | H28: 8 | I28: 87.5 | J28: 0.3333 | K28: 0.3333 | L28: 1 | M28: 2 | N28: ฐาน+เพิ่ม/ตร.ม. → G,H (ฐานชม.) · J,K (เพิ่มชม./ตร.ม.) · L,M (คน)
A29: บานหมุน | B29: =G29*I29*L29 | C29: =J29*I29*L29 | D29: =H29*I29*M29 | E29: =K29*I29*M29 | G29: 8 | H29: 8 | I29: 87.5 | J29: 0.4167 | K29: 0.4167 | L29: 1 | M29: 2 | N29: ฐาน+เพิ่ม/ตร.ม. → G,H (ฐานชม.) · J,K (เพิ่มชม./ตร.ม.) · L,M (คน)
A30: ▶ งานเสริม (ฝ้า/ผนัง/ไฟ) — บาท
A31: งาน | B31: ค่าแรงผลิต/หลัก | C31: ค่าแรงติดตั้ง | D31: หน่วย
A32: ฝ้ายิปซัมฉาบเรียบ | B32: — ไม่มี | C32: 280 | D32: /ตร.ม. (รวม)
A33: ฝ้าไม้เทียม | B33: — ไม่มี | C33: 352 | D33: /ตร.ม. (รวม)
A34: ผนังสมาร์ทบอร์ด | B34: 700 | C34: 400 | D34: /ตร.ม.
A35: ผนังไอโซวอล | B35: 700 | C35: 440 | D35: /ตร.ม.
A36: งานไฟ — เดินสายไฟ | B36: 90 | D36: /เมตร
A37: งานไฟ — ติดดาวน์ไลท์ | B37: 90 | D37: /ดวง
A38: พื้นสมาร์ทบอร์ด | B38: 700 | C38: 450 | D38: /ตร.ม.
A39: ▶ บาน (งานใหม่ — โซลิด/ระแนง/เฟี้ยมยก)
A40: บานโซลิด | B40: =G40*I40*L40 | C40: =J40*I40*L40 | D40: =H40*I40*M40 | E40: =K40*I40*M40 | G40: 17 | H40: 8 | I40: 87.5 | J40: 0.5833 | K40: 0.25 | L40: 1 | M40: 3 | N40: ฐาน+เพิ่ม/ตร.ม. → G,H (ฐานชม.) · J,K (เพิ่มชม./ตร.ม.) · L,M (คน)
A41: บานระแนงเลื่อน | B41: =G41*I41*L41 | C41: =J41*I41*L41 | D41: =H41*I41*M41 | E41: =K41*I41*M41 | G41: 12 | H41: 8 | I41: 87.5 | J41: 0.3333 | K41: 0.3333 | L41: 2 | M41: 2 | N41: ฐาน+เพิ่ม/ตร.ม. → G,H (ฐานชม.) · J,K (เพิ่มชม./ตร.ม.) · L,M (คน)
A42: บานเฟี้ยมยก | B42: =G42*I42*L42 | C42: =J42*I42*L42 | D42: =H42*I42*M42 | E42: =K42*I42*M42 | G42: 14 | H42: 8 | I42: 87.5 | J42: 0.4167 | K42: 0.25 | L42: 2 | M42: 2 | N42: ฐาน+เพิ่ม/ตร.ม. → G,H (ฐานชม.) · J,K (เพิ่มชม./ตร.ม.) · L,M (คน)
A43: บานตู้ Futuretech | C43: 589 | E43: 280 | N43: คิด /ตร.ม. → แก้ C (ผลิต), E (ติดตั้ง)
A44: ราวกันตก | B44: =G44*I44*L44 | C44: =J44*I44*L44 | D44: =H44*I44*M44 | E44: =K44*I44*M44 | G44: 4 | H44: 7 | I44: 87.5 | J44: 0.6667 | K44: 0.6667 | L44: 1 | M44: 2 | N44: ฐาน+เพิ่ม/ตร.ม. → G,H (ฐานชม.) · J,K (เพิ่มชม./ตร.ม.) · L,M (คน)
A45: ชุด Shower | B45: =G45*I45*L45 | C45: =J45*I45*L45 | D45: =H45*I45*M45 | E45: =K45*I45*M45 | G45: 0 | H45: 5 | I45: 87.5 | K45: 0.6667 | L45: 1 | M45: 1 | N45: ฐาน+เพิ่ม/ตร.ม. → G,H (ฐานชม.) · J,K (เพิ่มชม./ตร.ม.) · L,M (คน)
A46: บานเปลือย | C46: 0 | E46: 280 | N46: คิด /ตร.ม. → แก้ C (ผลิต), E (ติดตั้ง)
A47: ประตูรั้ว | B47: 0 | C47: 560 | D47: 0 | E47: 1120 | N47: คิด /ตร.ม. → แก้ C (ผลิต), E (ติดตั้ง)
A48: บานเกล็ด | B48: 0 | C48: 196 | D48: 0 | E48: 196 | N48: คิด /ตร.ม. → แก้ C (ผลิต), E (ติดตั้ง)
A49: เปิดดัดโค้ง | B49: 0 | C49: 90 | D49: 690 | E49: 47 | N49: คิด /ตร.ม. → แก้ C (ผลิต), E (ติดตั้ง) · D=ฐานติดตั้ง
A50: ระแนงสลับ | B50: 0 | C50: 300 | D50: 0 | E50: 600 | N50: คิด /ตร.ม. → แก้ C (ผลิต), E (ติดตั้ง)
A51: ▶ ค่าแรงระแนง/ระแนงหมุน (ต่อกล่อง)
A52: กล่อง 1×5 cm | B52: 500
A53: กล่อง 1"×1" | B53: 310
A54: กล่อง 1"×1.5" | B54: 395
A55: กล่อง 1"×1.6" | B55: 485
A56: กล่อง 1"×4" | B56: 905
A57: กล่อง 1.6"×1.6" | B57: 770
A58: กล่อง 1.6"×4" | B58: 1220

Sheet ราคามุ้ง
A1: ⚠️ แก้ราคาช่องเหลืองที่นี่ — ทุกบานลิงก์อัตโนมัติ | B1: ราคา ฿/ตร.ม. | C1: ประเภท | D1: บานที่เข้าได้ | E1: หมายเหตุ | F1: ค่าแรงติดตั้ง/ตร.ม. | G1: ไม่มีมุ้ง | H1: 🏠 สารบัญ | I1: ผ้ามุ้ง (กรอกราคา/ม้วน เหลือง → /ตร.ม.คิดเอง) | J1: ฿/ตร.ม. | K1: ราคา/ม้วน (36.6 ตร.ม.) | L1: แรงผลิต พื้นฐาน | M1: แรงผลิต เพิ่ม/ตร.ม. | N1: แรงติดตั้ง พื้นฐาน | O1: แรงติดตั้ง เพิ่ม/ตร.ม.
A2: มุ้งจีบ | B2: 1179 | C2: ซื้อสำเร็จ | D2: ALL | E2: ทุกบาน | F2: 160 | G2: มุ้งจีบ | I2: ไฟเบอร์ | J2: =ROUND(K2/36.6,0) | K2: 842 | L2: 0 | M2: 0 | N2: 120 | O2: 40
A3: มุ้งม้วน ขาว/ดำ/น้ำตาล | B3: 1300 | C3: ซื้อสำเร็จ | D3: ALL | F3: 160 | G3: มุ้งม้วน ขาว/ดำ/น้ำตาล | I3: ไนล่อน | J3: =ROUND(K3/36.6,0) | K3: 1391 | L3: 0 | M3: 0 | N3: 120 | O3: 40
A4: มุ้งม้วน ซาฮาร่า | B4: 1500 | C4: ซื้อสำเร็จ | D4: ALL | F4: 160 | G4: มุ้งม้วน ซาฮาร่า | I4: สแตนเลส | J4: =ROUND(K4/36.6,0) | K4: 12883 | L4: 0 | M4: 0 | N4: 120 | O4: 40
A5: มุ้งม้วน ลายไม้สักทอง | B5: 1600 | C5: ซื้อสำเร็จ | D5: ALL | F5: 160 | G5: มุ้งม้วน ลายไม้สักทอง | I5: กันแมว | J5: =ROUND(K5/36.6,0) | K5: 3001 | L5: 0 | M5: 0 | N5: 120 | O5: 40
A6: มุ้งม้วน ไลท์โอ๊ค | B6: 1700 | C6: ซื้อสำเร็จ | D6: ALL | F6: 160 | G6: มุ้งม้วน ไลท์โอ๊ค | L6: 0 | M6: 0 | N6: 120 | O6: 40
A7: มุ้งจีบนิรภัย ≤3ม. ขาว/ดำ | B7: 2750 | C7: ซื้อสำเร็จ | D7: ALL | F7: 180 | G7: มุ้งจีบนิรภัย ≤3ม. ขาว/ดำ | L7: 0 | M7: 0 | N7: 150 | O7: 45
A8: มุ้งจีบนิรภัย ≤3ม. ซาฮาร่า | B8: 3150 | C8: ซื้อสำเร็จ | D8: ALL | E8: +400 | F8: 180 | G8: มุ้งจีบนิรภัย ≤3ม. ซาฮาร่า | L8: 0 | M8: 0 | N8: 150 | O8: 45
A9: มุ้งจีบนิรภัย ≤3ม. สักทอง | B9: 3250 | C9: ซื้อสำเร็จ | D9: ALL | E9: +500 | F9: 180 | G9: มุ้งจีบนิรภัย ≤3ม. สักทอง | L9: 0 | M9: 0 | N9: 150 | O9: 45
A10: มุ้งจีบนิรภัย >3ม. ขาว/ดำ | B10: 4050 | C10: ซื้อสำเร็จ | D10: ALL | F10: 180 | G10: มุ้งจีบนิรภัย >3ม. ขาว/ดำ | L10: 0 | M10: 0 | N10: 150 | O10: 45
A11: มุ้งจีบนิรภัย >3ม. ซาฮาร่า | B11: 4450 | C11: ซื้อสำเร็จ | D11: ALL | E11: +400 | F11: 180 | G11: มุ้งจีบนิรภัย >3ม. ซาฮาร่า | L11: 0 | M11: 0 | N11: 150 | O11: 45
A12: มุ้งจีบนิรภัย >3ม. สักทอง | B12: 4550 | C12: ซื้อสำเร็จ | D12: ALL | E12: +500 | F12: 180 | G12: มุ้งจีบนิรภัย >3ม. สักทอง | L12: 0 | M12: 0 | N12: 150 | O12: 45
A13: มุ้งเฟรมเล็ก | B13: 0 | C13: ผลิตเอง | D13: SMS|เปิด|กระทุ้ง | E13: กรอบ+ยาง+ผ้า+ค่าแรง | F13: 0 | G13: มุ้งเฟรมเล็ก | L13: 120 | M13: 30 | N13: 70 | O13: 18
A14: มุ้งเฟรมใหญ่ | B14: 0 | C14: ผลิตเอง | D14: SMS|ยูโร|เปิด|กระทุ้ง | E14: โปรไฟล์บาน+ยาง+ผ้า+ค่าแรง | F14: 0 | G14: มุ้งเฟรมใหญ่ | L14: 140 | M14: 0 | N14: 44 | O14: 0
A15: มุ้งนิรภัย | B15: 0 | C15: ผลิตเอง | D15: SMS|ยูโร|เปิด|กระทุ้ง | E15: โปรไฟล์บาน+ยาง+ผ้านิรภัย650+ค่าแรง | F15: 0 | G15: มุ้งนิรภัย | L15: 88 | M15: 0 | N15: 44 | O15: 0
A17: 🟢 มุ้งผลิตเอง — แก้ค่ากรอบ(เหลือง)/ยาง/ผ้า · ราคาโชว์อัตโนมัติ
A18: รุ่นมุ้ง | B18: ค่ากรอบ /เส้น | C18: ผ้าที่ใช้ได้ (บาท/ตร.ม.) | D18: ยางอัด /ม. | E18: ค่าแรงผลิต | F18: ค่าแรงติดตั้ง
A19: เฟรมเล็ก | B19: 625 | C19: ="ไฟเบอร์ "&J2&" · ไนล่อน "&J3&" · สแตนเลส "&J4&" · กันแมว "&J5 | D19: 5 | E19: =L13&IF(M13>0," +"&M13&"/ตร.ม."," (เหมา)") | F19: =N13&IF(O13>0," +"&O13&"/ตร.ม."," (เหมา)")
A20: เฟรมใหญ่ | B20: ขึ้นตามเสากุญแจบาน (อัตโนมัติ) | C20: ="ไฟเบอร์ "&J2&" · ไนล่อน "&J3&" · สแตนเลส "&J4&" · กันแมว "&J5 | D20: =$D$19 | E20: =L14&IF(M14>0," +"&M14&"/ตร.ม."," (เหมา)") | F20: =N14&IF(O14>0," +"&O14&"/ตร.ม."," (เหมา)")
A21: นิรภัย | B21: 1030 | C21: สแตนเลสนิรภัย 650 | D21: =$D$19 | E21: =L15&IF(M15>0," +"&M15&"/ตร.ม."," (เหมา)") | F21: =N15&IF(O15>0," +"&O15&"/ตร.ม."," (เหมา)")
A23: 📌 แก้ราคามุ้งตรงไหน — แก้เฉพาะช่องสีเหลืองเท่านั้น
A24: ① มุ้งซื้อสำเร็จขึ้นราคา → คอลัมน์ B (ราคา/ตร.ม.) แถว 2-12
A25: ② ค่าแรงติดตั้งมุ้งสำเร็จ → คอลัมน์ F แถว 2-12
A26: ③ ราคาผ้า (ไฟเบอร์/ไนล่อน/สแตนเลส/กันแมว) → คอลัมน์ J (บล็อกส้ม)
A27: ④ ค่ากรอบมุ้งผลิตเอง → B19 (เล็ก) · B21 (นิรภัย) [เฟรมใหญ่ใช้เสากุญแจบาน ขึ้นเองตามราคาอลู]
A28: ⑤ ยางอัด → D19
A29: ค่าแรงผลิตมุ้ง = คอลัมน์ L-O (ซ่อนไว้ ไม่ค่อยเปลี่ยน · จะแก้ คลิกขวาหัวคอลัมน์→ยกเลิกซ่อน)

Sheet log กระจก
A1: log ราคากระจก — R3.9 เดิม vs ใหม่ (ร้าน×10.764) | ช่องว่าง=ยังไม่มีข้อมูลฝั่งนั้น | สี: ส้ม=อัปเดต เขียว=เพิ่ม เทา=ขาดราคา ฟ้า=PDFเกิน แดง=เดา | G1: 🏠 สารบัญ
A2: ลำดับ | B2: ชื่อรุ่น | C2: สถานะ | D2: ราคาเดิม R3.9 | E2: ราคาใหม่ ×10.764 | F2: Δ | G2: หมายเหตุ
A3: 1 | B3: เขียว 8มม. | C3: อัปเดต | D3: 646 | E3: 592 | F3: -54 | G3: เขียว8
A4: 2 | B4: เขียว 10มม. | C4: อัปเดต | D4: 754 | E4: 700 | F4: -54 | G4: เขียว10
A5: 3 | B5: ยูโรเกรย์ 10มม. | C5: อัปเดต | D5: 1023 | E5: 807 | F5: -216 | G5: 75
A6: 4 | B6: ยูโรบรอนซ์ 6มม. | C6: อัปเดต | D6: 571 | E6: 570 | F6: -1 | G6: 53
A7: 5 | B7: เทมเปอร์ 8มม.(เขียว) | C7: อัปเดต | D7: 820 | E7: 716 | F7: -104 | G7: 66.5
A8: 6 | B8: เทมเปอร์ 10มม. | C8: อัปเดต | D8: 1023 | E8: 848 | F8: -175 | G8: 78.75
A9: 7 | B9: เทมเปอร์ 12มม. | C9: อัปเดต | D9: 1159 | E9: 942 | F9: -217 | G9: 87.5
A10: 8 | B10: ชา/ฝ้า 5-6มม. | C10: อัปเดต | D10: 400 | E10: 301 | F10: -99 | G10: 28
A11: 9 | B11: เงา 5มม. | C11: อัปเดต | D11: 600 | E11: 398 | F11: -202 | G11: 37
A12: 10 | B12: ลอนแก้ว 5มม. | C12: อัปเดต | D12: 700 | E12: 646 | F12: -54 | G12: 60
A13: 11 | B13: เงาทอง | C13: อัปเดต | D13: 700 | E13: 872 | F13: +172 | G13: 81 ขึ้น!
A14: 12 | B14: ลามิเนต 4+4 0.38 | C14: อัปเดต | D14: 1065 | E14: 883 | F14: -182 | G14: 82
... A22: 20 | B22: เทมเปอร์ 6มม. | C22: ✓ มีราคา | D22: 439 | E22: 403 | F22: +0 | G22: ใบราคาร้าน (ฉิน/BGF)
A23: 21 | B23: ใส 6มม. | C23: เพิ่ม(ใส) | E23: 242 | G23: แยกใส
A24: 22 | B24: ใส 8มม. | C24: เพิ่ม(ใส) | E24: 409
A25: 23 | B25: ใส 10มม. | C25: เพิ่ม(ใส) | E25: 517
A26: 24 | B26: เทมเปอร์ใส 6มม. | C26: เพิ่ม(ใส) | E26: 403
A27: 25 | B27: เทมเปอร์ใส 8มม. | C27: เพิ่ม(ใส) | E27: 622
A28: 26 | B28: เทมเปอร์ใส 10มม. | C28: เพิ่ม(ใส) | E28: 695
A29: 27 | B29: เทมเปอร์ใส 12มม. | C29: เพิ่ม(ใส) | E29: 787
A30: 28 | B30: ลามิเนตกันเสียง 0.76 | C30: เดา⚠ | D30: 3314 | E30: 969 | F30: -2345 | G30: เดา⚠
A31: 29 | B31: ลามิเนตกันขโมย STG 1.52 | C31: เดา⚠ | D31: 4412 | E31: 1432 | F31: -2980 | G31: เดา⚠
A32: 30 | B32: เคลือบขาว 6มม. | C32: อัปเดต | D32: 915 | E32: 1023 | G32: ร้านแจ้ง 95/ฟุต
A33: 31 | B33: ยูโรบรอนซ์ 10มม. | C33: ✂ ตัดออก (ไม่ใช้) | D33: 3917 | G33: PDF ไม่มี-รอเติม
A34: 32 | B34: reflective เทา 6มม. | C34: อัปเดต | D34: 1216 | E34: 1184 | G34: CH262853 17/6/69
A35: 33 | B35: reflective เขียว 6มม. | C35: อัปเดต | D35: 1388 | E35: 1292 | G35: CH262853 17/6/69
A36: 34 | B36: reflective ฟ้า/เทา 6มม. | C36: อัปเดต | D36: 1517 | E36: 1399 | G36: CH262853 17/6/69
A37: 35 | B37: เทมเปอร์ 15มม. | C37: อัปเดต | D37: 3121 | E37: 3122 | F37: -42 | G37: CH262853 17/6/69
A38: 36 | B38: เทมเปอร์ใสพิเศษ 6มม. | C38: อัปเดต | D38: 1432 | E38: 1432 | F38: 178 | G38: CH262853 17/6/69
A39: 37 | B39: เทมเปอร์ใสพิเศษ 8มม. | C39: อัปเดต | D39: 2200 | E39: 2336 | F39: 227 | G39: CH262853 17/6/69
A40: 38 | B40: เทมเปอร์ใสพิเศษ 10มม. | C40: อัปเดต | D40: 3497 | E40: 3466 | F40: -774 | G40: CH262853 17/6/69
A41: 39 | B41: เทมเปอร์ฝ้า 6มม. | C41: อัปเดต | D41: 1076 | E41: 805 | F41: -271 | G41: ร้านส่ง 74.8/ฟุต
A42: 40 | B42: เทมเปอร์ฝ้า 8มม. | C42: อัปเดต | D42: 1937 | E42: 1113 | F42: -824 | G42: ร้านส่ง 103.4/ฟุต
A43: 41 | B43: เทมเปอร์ยูโรเกรย์ 4มม. | C43: อัปเดต | D43: 824 | E43: 646 | F43: -178 | G43: CH262853 17/6/69
A44: 42 | B44: เทมเปอร์ยูโรเกรย์ 5มม. | C44: อัปเดต | D44: 1006 | E44: 678 | F44: -328 | G44: CH262853 17/6/69
A45: 43 | B45: เทมเปอร์ยูโรเกรย์ 6มม. | C45: อัปเดต | D45: 1033 | E45: 732 | F45: -301 | G45: CH262853 17/6/69
A46: 44 | B46: เทมเปอร์ยูโรเกรย์ 10มม. | C46: อัปเดต | D46: 2637 | E46: 1423 | F46: -1214 | G46: CH262853 17/6/69
A47: 45 | B47: เทมเปอร์ยูโรบรอนซ์ 5มม. | C47: อัปเดต | D47: 1184 | E47: 732 | F47: -452 | G47: CH262853 17/6/69
A48: 46 | B48: เทมเปอร์ยูโรบรอนซ์ 6มม. | C48: อัปเดต | D48: 1291 | E48: 786 | F48: -505 | G48: CH262853 17/6/69
A49: 47 | B49: เทมเปอร์ยูโรบรอนซ์ 10มม. | C49: อัปเดต | D49: 4670 | E49: 1480 | F49: -3190 | G49: ร้านส่ง 137.5/ฟุต
A50: 48 | B50: เทมเปอร์ reflective เทา 6มม. | C50: ✓ มีราคา | D50: 1937 | E50: 2422 | G50: ใบราคาร้าน (TE/CS)
A51: 49 | B51: เทมเปอร์ reflective เขียว 6มม. | C51: ✓ มีราคา | D51: 2196 | E51: 2745 | G51: ใบราคาร้าน (TE/CS)
A52: 50 | B52: เทมเปอร์ reflective ฟ้า 6มม. | C52: ✓ มีราคา | D52: 2368 | E52: 2960 | G52: ใบราคาร้าน (TE/CS)
A53: 51 | B53: เทมเปอร์สีชาดำ 6มม. | C53: อัปเดต | D53: 1100 | E53: 700 | F53: -400 | G53: CH262853 17/6/69
A54: 52 | B54: เทมเปอร์สีชาดำ 10มม. | C54: ✓ มีราคา | D54: 1700 | E54: 6674 | G54: ใบราคาร้าน (TE/CS)
A55: 53 | B55: เทมเปอร์สีฟ้า 6มม. | C55: อัปเดต | D55: 900 | E55: 807 | F55: -93 | G55: CH262853 17/6/69
A56: 54 | B56: ลามิเนต 4+4 สูง>2.5 0.76 | C56: ✓ มีราคา | D56: 1300 | E56: 1300 | G56: PDF ไม่มี-รอเติม
A57: 55 | B57: ลามิเนต 5+5 สูง>2.5 0.76 | C57: ✓ มีราคา | D57: 1350 | E57: 1350 | G57: PDF ไม่มี-รอเติม
A58: 56 | B58: ลามิเนต 6+6 สูง>2.5 0.76 | C58: ✓ มีราคา | D58: 1600 | E58: 1600 | G58: PDF ไม่มี-รอเติม
A59: 57 | B59: อินซูเลท 6+6+6มม. | C59: อัปเดต | D59: 2195 | E59: 2260 | G59: CH262853 17/6/69
A60: 58 | B60: ลามิเนตยูโรเกรย์+ใส 6+6 | C60: ✂ ตัดออก (ไม่ใช้) | D60: 1700 | G60: PDF ไม่มี-รอเติม
A61: 59 | B61: ลามิเนตยูโรเกรย์+ยูโรเกรย์ 6+6 | C61: ✓ มีราคา | D61: 2000 | E61: 2540 | G61: PDF ไม่มี-รอเติม
A62: 60 | B62: ลามิเนตชาดำ+ใส 6+6 | C62: ✓ มีราคา | D62: 1700 | E62: 1938 | G62: PDF ไม่มี-รอเติม
A63: 61 | B63: ลามิเนตชาดำ+ชาดำ 6+6 | C63: ✓ มีราคา | D63: 2000 | E63: 2217 | G63: PDF ไม่มี-รอเติม
A64: 62 | B64: ลามิเนตคริสตัลเกรย์+ใส 6+6 | C64: ✓ มีราคา | D64: 1700 | E64: 2540 | G64: PDF ไม่มี-รอเติม
A65: 63 | B65: ลามิเนตคริสตัลเกรย์+คริสตัลเกรย์ 6+6 | C65: ✂ ตัดออก (ไม่ใช้) | D65: 2000 | G65: PDF ไม่มี-รอเติม
A66: 64 | B66: ลามิเนตสีฟ้า+ใส 6+6 | C66: ✓ มีราคา | D66: 1600 | E66: 2702 | G66: PDF ไม่มี-รอเติม
A67: 65 | B67: ลามิเนตสีฟ้า+สีฟ้า 6+6 | C67: ✓ มีราคา | D67: 1900 | E67: 3531 | G67: PDF ไม่มี-รอเติม
A68: 66 | B68: ลามิเนตยูโรบรอนซ์+ใส 6+6 | C68: ✓ มีราคา | D68: 1600 | E68: 2562 | G68: PDF ไม่มี-รอเติม
A69: 67 | B69: ลามิเนตยูโรบรอนซ์+ยูโรบรอนซ์ 6+6 | C69: ✂ ตัดออก (ไม่ใช้) | D69: 1900 | G69: PDF ไม่มี-รอเติม
A70: 68 | B70: ลามิเนต 4+4 ยูโรเกรย์ | C70: ✓ มีราคา | D70: 1700 | E70: 2282 | G70: PDF ไม่มี-รอเติม
A71: 69 | B71: ลามิเนตลอนแก้ว/เงาทอง 4+4 | C71: ✂ ตัดออก (ไม่ใช้) | D71: 2000 | G71: PDF ไม่มี-รอเติม
A72: 70 | B72: เทมเปอร์ลามิเนต 6+6 1.52 | C72: ✓ มีราคา | D72: 3000 | E72: 2454 | G72: PDF ไม่มี-รอเติม
A73: 71 | B73: กระจกดัดโค้ง 10มม. | C73: อัปเดต | D73: 6750 | E73: 5328 | G73: CH262853 17/6/69 (ไม่รวมค่าโมล)
A74: 72 | B74: ดัดโค้งลามิเนตใส 5+5 | C74: ✓ มีราคา | D74: 8750 | E74: 7158 | G74: PDF ไม่มี-รอเติม
A75: 73 | B75: ใส 5มม. | C75: PDF เกิน | E75: 205 | G75: PDF เกิน-เพิ่มได้
A76: 74 | B76: เขียว 5มม. | C76: PDF เกิน | E76: 226 | G76: PDF เกิน-เพิ่มได้
A77: 75 | B77: ยูโรเกรย์ 5มม. | C77: PDF เกิน | E77: 538 | G77: PDF เกิน-เพิ่มได้
A78: 76 | B78: ยูโรบรอนซ์ 5มม. | C78: PDF เกิน | E78: 538 | G78: PDF เกิน-เพิ่มได้
A79: 77 | B79: ชาดา 3มม. | C79: PDF เกิน | E79: 248 | G79: PDF เกิน-เพิ่มได้
A80: 78 | B80: ชาดา 5มม. | C80: PDF เกิน | E80: 258 | G80: PDF เกิน-เพิ่มได้
A81: 79 | B81: เงา 6มม. | C81: PDF เกิน | E81: 452 | G81: PDF เกิน-เพิ่มได้
A82: 80 | B82: ลามิเนต ใส5+5 0.76 | C82: PDF เกิน | E82: 1206 | G82: PDF เกิน-เพิ่มได้
A83: 81 | B83: ลามิเนต ใส5+5 1.52 | C83: PDF เกิน | E83: 1432 | G83: PDF เกิน-เพิ่มได้
A84: 82 | B84: ลามิเนต ใส6+6 1.52 | C84: PDF เกิน | E84: 1668 | G84: PDF เกิน-เพิ่มได้
A85: 83 | B85: ลามิเนต เขียว4+4 0.76 | C85: PDF เกิน | E85: 1211 | G85: PDF เกิน-เพิ่มได้
A86: 84 | B86: ลามิเนต ใส6HS SGP | C86: PDF เกิน | E86: 3079 | G86: PDF เกิน-เพิ่มได้
... A90: 88 | B90: ลามิเนตฟิล์มขาวนม-ดำทึบ 4+4 | C90: PDF เกิน | E90: 2174 | G90: PDF เกิน-เพิ่มได้

Sheet LUT_ฝ้าไม้เทียม
A1: key | B1: ร้าน | C1: รุ่น | D1: width_m | E1: len_m | F1: price | G1: 🏠 สารบัญ | H1: edge_p | I1: edge_len | J1: carrier | K1: bundled | N1: ร้าน
A2: ไม้ทิพย์|สีพื้น | B2: ไม้ทิพย์ | C2: สีพื้น | D2: 0.085 | E2: 6 | F2: 420 | G2: เส้น | H2: 70 | I2: 6 | J2: 1 | K2: 0 | N2: ไม้ทิพย์
A3: ไม้ทิพย์|ลายไม้ | B3: ไม้ทิพย์ | C3: ลายไม้ | D3: 0.085 | E3: 6 | F3: 580 | G3: เส้น | H3: 70 | I3: 6 | J3: 1 | K3: 0 | N3: fameline
A4: fameline|สีมาตรฐาน | B4: fameline | C4: สีมาตรฐาน | D4: 0.085 | E4: 6 | F4: 1300 | G4: ตร.ม. | H4: 0 | I4: 1 | J4: 0 | K4: 1 | N4: HIGO
A5: fameline|สีอื่น | B5: fameline | C5: สีอื่น | D5: 0.085 | E5: 6 | F5: 1400 | G5: ตร.ม. | H5: 0 | I5: 1 | J5: 0 | K5: 1 | N5: remood
A6: HIGO|C19 (ใน) | B6: HIGO | C6: C19 (ใน) | D6: 0.204 | E6: 3 | F6: 140 | G6: เส้น | H6: 130 | I6: 3 | J6: 0 | K6: 0
A7: HIGO|G15 (ใน) | B7: HIGO | C7: G15 (ใน) | D7: 0.153 | E7: 3 | F7: 140 | G7: เส้น | H7: 130 | I7: 3 | J7: 0 | K7: 0
A8: HIGO|R16 (ใน) | B8: HIGO | C8: R16 (ใน) | D8: 0.16 | E8: 3 | F8: 140 | G8: เส้น | H8: 130 | I8: 3 | J8: 0 | K8: 0
A9: HIGO|Y18 (ใน) | B9: HIGO | C9: Y18 (ใน) | D9: 0.158 | E9: 3 | F9: 140 | G9: เส้น | H9: 130 | I9: 3 | J9: 0 | K9: 0
A10: HIGO|P155 (นอก) | B10: HIGO | C10: P155 (นอก) | D10: 0.1524 | E10: 2.9 | F10: 310 | G10: เส้น | H10: 275 | I10: 2.9 | J10: 0 | K10: 0
A11: HIGO|WH200 (นอก) | B11: HIGO | C11: WH200 (นอก) | D11: 0.185 | E11: 2.9 | F11: 310 | G11: เส้น | H11: 275 | I11: 2.9 | J11: 0 | K11: 0
A12: remood|Entree เรียบ | B12: remood | C12: Entree เรียบ | D12: 0.14 | E12: 2.8 | F12: 500 | G12: แผ่น | H12: 300 | I12: 2.8 | J12: 0 | K12: 0
A13: remood|Entree มีลาย | B13: remood | C13: Entree มีลาย | D13: 0.165 | E13: 2.8 | F13: 600 | G13: แผ่น | H13: 300 | I13: 2.8 | J13: 0 | K13: 0
A14: remood|Entree ชักร่อง | B14: remood | C14: Entree ชักร่อง | D14: 0.219 | E14: 2.8 | F14: 950 | G14: แผ่น | H14: 300 | I14: 2.8 | J14: 0 | K14: 0
A15: remood|Duratech+ เรียบ13 | B15: remood | C15: Duratech+ เรียบ13 | D15: 0.13 | E15: 2.8 | F15: 730 | G15: แผ่น | H15: 300 | I15: 2.8 | J15: 0 | K15: 0
A16: remood|Duratech+ เรียบ16 | B16: remood | C16: Duratech+ เรียบ16 | D16: 0.162 | E16: 2.8 | F16: 900 | G16: แผ่น | H16: 300 | I16: 2.8 | J16: 0 | K16: 0
A17: remood|Duratech+ เรียบ14 | B17: remood | C17: Duratech+ เรียบ14 | D17: 0.14 | E17: 2.8 | F17: 850 | G17: แผ่น | H17: 300 | I17: 2.8 | J17: 0 | K17: 0
... A25: remood|Duralight+ ชักร่อง | B25: remood | C25: Duralight+ ชักร่อง | D25: 0.116 | E25: 2.8 | F25: 2100 | G25: แผ่น | H25: 300 | I25: 2.8 | J25: 0 | K25: 0

Sheet น้ำหนักโปรไฟล์
A1: น้ำหนักโปรไฟล์อลูมิเนียม — เอาไปเสียบระบบ ราคาเส้น = น้ำหนัก × ราคา/กก. | G1: 🏠 สารบัญ
B2: แบรนด์ | C2: รหัส | D2: หนา/ขนาด | E2: ชื่อ/รายการ | F2: ยาว(ม.) | G2: กก./ม. | H2: กก./เส้น | I2: หมายเหตุ
B3: เมืองทอง — กล่องสี่เหลี่ยมด้านเท่า (ยาว 6 ม.)
B4: เมืองทอง | C4: 705 | D4: 1.00 มม. | E4: แป๊บ 6 หุน | F4: 6 | G4: 0.196 | H4: 1.18
B5: เมืองทอง | C5: 706 | D5: 1.20 มม. | E5: แป๊บ 6 หุน | F5: 6 | G5: 0.232 | H5: 1.39
B6: เมืองทอง | C6: 709 | D6: 1.00 มม. | E6: แป๊บ 1 นิ้ว | F6: 6 | G6: 0.262 | H6: 1.57
B7: เมืองทอง | C7: 710 | D7: 1.10 มม. | E7: แป๊บ 1 นิ้ว | F7: 6 | G7: 0.288 | H7: 1.73
B8: เมืองทอง | C8: 711 | D8: 1.20 มม. | E8: แป๊บ 1 นิ้ว | F8: 6 | G8: 0.314 | H8: 1.88
B9: เมืองทอง | C9: 715 | D9: 1.10 มม. | E9: แป๊บ 1¼ นิ้ว | F9: 6 | G9: 0.363 | H9: 2.18
B10: เมืองทอง | C10: 718 | D10: 1.10 มม. | E10: แป๊บ 1½ นิ้ว | F10: 6 | G10: 0.438 | H10: 2.63
B11: เมืองทอง | C11: 745 | D11: 1.50 มม. | E11: แป๊บ 1½ นิ้ว | F11: 6 | G11: 0.595 | H11: 3.57
B12: เมืองทอง | C12: 724A | D12: 0.80 มม. | E12: แป๊บ 1¾ นิ้ว | F12: 6 | G12: 0.379 | H12: 2.27
B13: เมืองทอง | C13: 724B | D13: 0.90 มม. | E13: แป๊บ 1¾ นิ้ว | F13: 6 | G13: 0.425 | H13: 2.55
B14: เมืองทอง | C14: 724F | D14: 1.10 มม. | E14: แป๊บ 1¾ นิ้ว | F14: 6 | G14: 0.517 | H14: 3.1
B15: เมืองทอง | C15: 726A | D15: 1.35 มม. | E15: แป๊บ 1¾ นิ้ว | F15: 6 | G15: 0.631 | H15: 3.79
... B18: เมืองทอง | C18: 749 | D18: 1.50 มม. | E18: แป๊บ 2 นิ้ว | F18: 6 | G18: 0.801 | H18: 4.81
B19: เมืองทอง — กล่องสี่เหลี่ยมด้านไม่เท่า (ยาว 6 ม.)
B20: เมืองทอง | C20: 802 | D20: 1.00 มม. | E20: ½×1 นิ้ว | F20: 6 | G20: 0.194 | H20: 1.16
B21: เมืองทอง | C21: 808 | D21: 1.00 มม. | E21: 1½×1 นิ้ว | F21: 6 | G21: 0.332 | H21: 1.99
B22: เมืองทอง | C22: 812 | D22: 1.10 มม. | E22: 1¾×1 นิ้ว | F22: 6 | G22: 0.401 | H22: 2.41
B23: เมืองทอง | C23: 0827 | D23: 1.00 มม. | E23: 1×2 นิ้ว | F23: 6 | G23: 0.402 | H23: 2.41
B24: เมืองทอง | C24: 816 | D24: 1.20 มม. | E24: 1×2 นิ้ว | F24: 6 | G24: 0.478 | H24: 2.87
B25: เมืองทอง | C25: 820 | D25: 1.20 มม. | E25: 1×3 นิ้ว | F25: 6 | G25: 0.644 | H25: 3.86
B26: เมืองทอง | C26: 843 | D26: 1.40 มม. | E26: 1×3 นิ้ว | F26: 6 | G26: 0.75 | H26: 4.5
B27: เมืองทอง | C27: 0828 | D27: 1.10 มม. | E27: 1¾×3 นิ้ว | F27: 6 | G27: 0.706 | H27: 4.24
B28: เมืองทอง | C28: 823 | D28: 1.20 มม. | E28: 1¾×3 นิ้ว | F28: 6 | G28: 0.769 | H28: 4.61
B29: เมืองทอง | C29: 848 | D29: 1.40 มม. | E29: 1¾×3 นิ้ว | F29: 6 | G29: 0.894 | H29: 5.36
B30: เมืองทอง | C30: 0806 | D30: 1.20 มม. | E30: 1×4 นิ้ว | F30: 6 | G30: 0.81 | H30: 4.86
B31: เมืองทอง | C31: 831 | D31: 1.50 มม. | E31: 1×4 นิ้ว | F31: 6 | G31: 1.008 | H31: 6.05
... B38: เมืองทอง | C38: 0815 | D38: 2.00 มม. | E38: 2×4 นิ้ว | F38: 6 | G38: 1.873 | H38: 11.24
B39: เมืองทอง — ตัว Z
B40: เมืองทอง | C40: TRT-1419 | D40: 126.3×77.7 ×1.3 | E40: ตัว Z 4 นิ้ว | F40: 6 | G40: 0.677 | H40: 4.062
B41: สลิม KOYO (SlimLux) — ยาว 6 ม.
B42: SlimLux | C42: WM-K01 | D42: - | E42: ไส้เสาบาน | F42: 6 | G42: 0.492 | H42: 2.95 | I42: 9073 กลางบาน (เสากุญแจ)
B43: SlimLux | C43: WM-K02 | D43: - | E43: ฝาเสาเรียบ | F43: 6 | G43: 0.262 | H43: 1.57
B44: SlimLux | C44: WM-K03 | D44: - | E44: ฝาเสาเกี่ยว | F44: 6 | G44: 0.282 | H44: 1.692
B45: SlimLux | C45: WM-K04 | D45: - | E45: ขวางบนล่าง | F45: 6 | G45: 0.782 | H45: 4.69 | I45: 9072 หัวบาน (ขวางบน/ล่าง)
B46: SlimLux | C46: - | D46: - | E46: รางบน 3 ราง | F46: 6 | G46: 1.789 | H46: 10.734
B47: SlimLux | C47: WM-K15 | D47: - | E47: รางแขวน 1 ราง | F47: 6 | G47: 0.91 | H47: 5.46
B48: SlimLux | C48: WM-K19 | D48: - | E48: ข้อต่อรางแขวน | F48: 6 | G48: 0.114 | H48: 0.684
B49: SlimLux | C49: WM-K18 | D49: - | E49: ฝาปิดข้างรางแขวน | F49: 6 | G49: 0.144 | H49: 0.864
B50: SlimLux | C50: WM-K20 | D50: - | E50: ฝาปิดล่างรางแขวน | F50: 6 | G50: 0.079 | H50: 0.474
B51: SlimLux | C51: WM-K21A | D51: - | E51: ฝาปิดล่างรางแขวนตัวใหญ่ | F51: 6 | G51: 0.14 | H51: 0.84
B52: SlimLux | C52: - | D52: - | E52: วงกบ | F52: 6 | G52: 0.596 | H52: 3.576
B53: SlimLux | C53: - | D53: - | E53: ลูกฟูก | F53: 6 | G53: 0.424 | H53: 2.544
B54: SlimLux | C54: - | D54: - | E54: ซัพวงกบใน | F54: 6 | G54: 0.076 | H54: 0.456
B55: SlimLux | C55: - | D55: - | E55: ซัพวงกบนอก | F55: 6 | G55: 0.28 | H55: 1.68
B56: SlimLux | C56: - | D56: - | E56: บาน | F56: 6 | G56: 0.481 | H56: 2.886
B57: Velora — ยาว 6 ม.
B58: Velora | C58: - | D58: - | E58: บาน | F58: 6 | G58: 0.481 | H58: 2.886
B59: Velora | C59: - | D59: - | E59: วงกบ | F59: 6 | G59: 0.596 | H59: 3.576
B60: Fuji (Euro bi-fold) — เบอร์ดาย · ตรวจหน่วย/ความยาวเส้นอีกที
B61: Fuji | C61: F7968 | D61: - | E61: เฟรมบนบานเฟี้ยม A | F61: 6.4 | G61: 0.432 | H61: 2.767 | I61: ตรวจหน่วย
B62: Fuji | C62: F7969 | D62: - | E62: เฟรมล่างบานเฟี้ยม A | F62: 6.4 | G62: 0.24 | H62: 1.533 | I62: ตรวจหน่วย
B63: Fuji | C63: F7970 | D63: - | E63: เฟรมข้างบานเฟี้ยม | F63: 6.4 | G63: 0.146 | H63: 0.934 | I63: ตรวจหน่วย
B64: Fuji | C64: F7971 | D64: - | E64: คิ้วตบเฟรมข้าง | F64: 6.4 | G64: 0.062 | H64: 0.4 | I64: ตรวจหน่วย
B65: Fuji | C65: F7973 | D65: - | E65: ตบปิดเฟรม (ตั้ง) | F65: 6.4 | G65: 0.03 | H65: 0.19 | I65: ตรวจหน่วย
B66: Fuji | C66: F7972 | D66: - | E66: กรอบบานเฟี้ยม (ตั้ง) A | F66: 6.4 | G66: 0.229 | H66: 1.466 | I66: ตรวจหน่วย
B67: Fuji | C67: F7935 | D67: - | E67: คิ้วกระจก 5-12มิล | F67: 6.4 | G67: 0.045 | H67: 0.285 | I67: ตรวจหน่วย
B68: Fuji | C68: F7974 | D68: - | E68: ชนกลางบานคู่ | F68: 6.4 | G68: 0.125 | H68: 0.799 | I68: ตรวจหน่วย
B69: Fuji | C69: F7963 | D69: - | E69: รับล็อคเสาเข้ามุมบานคู่ | F69: 6.4 | G69: 0.068 | H69: 0.438 | I69: ตรวจหน่วย
B70: Fuji | C70: F7964 | D70: - | E70: เสาเข้ามุม | F70: 6.4 | G70: 0.161 | H70: 1.03 | I70: ตรวจหน่วย
B71: Fuji | C71: F7975 | D71: - | E71: บังใบ | F71: 6.4 | G71: 0.071 | H71: 0.452 | I71: ตรวจหน่วย
B72: Fuji | C72: F7961 | D72: - | E72: รับล็อคเฟรมข้างบานคู่ | F72: 6.4 | G72: 0.077 | H72: 0.496 | I72: ตรวจหน่วย
... B76: Fuji | C76: F7859 | D76: - | E76: วงกบ 3 ด้าน (บานเปิด/กระทุ้ง) | F76: 6.4 | G76: 0.877 | H76: 5.61 | I76: ยืนยัน /เส้น แล้ว
B78: SMS — บานยก/Double Hung (ยาว 6.4 ม.)
B79: SMS | C79: B28009-12 | D79: - | E79: HEAD เฟรมบน | F79: 6.4 | G79: 0.897 | H79: 5.741
B80: SMS | C80: B28010-12 | D80: - | E80: COVER HEAD ตบปิดเฟรมบน | F80: 6.4 | G80: 0.35 | H80: 2.24
B81: SMS | C81: B28011-12 | D81: - | E81: SASH กรอบบาน | F81: 6.4 | G81: 0.528 | H81: 3.379
B82: SMS | C82: B28012-12 | D82: - | E82: ADAPTOR INTERLOCK ค้ำอินเตอร์ล็อก | F82: 6.4 | G82: 0.051 | H82: 0.326
B83: SMS | C83: B28013-12 | D83: - | E83: INTERLOCK เสาเกี่ยว | F83: 6.4 | G83: 0.171 | H83: 1.094
B84: SMS | C84: B28014-12 | D84: - | E84: SILL เฟรมล่าง | F84: 6.4 | G84: 0.736 | H84: 4.71
B85: SMS | C85: B28015-12 | D85: - | E85: JAMB ADAPTOR เสาเสริมเฟรมข้าง | F85: 6.4 | G85: 1.027 | H85: 6.573
B86: SMS | C86: B10004-12 | D86: - | E86: NARROW FRAME เฟรมข้าง | F86: 6.4 | G86: 0.993 | H86: 6.355
B87: SMS — บานเฟี้ยม (B24) · ยาว 6.4 ม. (มาตรฐาน SMS)
B88: SMS(เฟี้ยม) | C88: B24001-18 | D88: 1.80 มม. | E88: Head เฟรมบนกลาง | F88: 6.4 | G88: 1.603 | H88: 10.259
B89: SMS(เฟี้ยม) | C89: B24002-14 | D89: 1.40 มม. | E89: Door Stop Head คิ้วเฟรมบน | F89: 6.4 | G89: 0.278 | H89: 1.779
B90: SMS(เฟี้ยม) | C90: B24003-15 | D90: 1.50 มม. | E90: Sill เฟรมล่าง | F90: 6.4 | G90: 1.377 | H90: 8.813
B91: SMS(เฟี้ยม) | C91: B24004-14 | D91: 1.40 มม. | E91: Door Stop Sill ตบธรณี | F91: 6.4 | G91: 0.516 | H91: 3.302
B92: SMS(เฟี้ยม) | C92: B24005-15 | D92: 1.50 มม. | E92: Jamb เฟรมข้าง | F92: 6.4 | G92: 0.893 | H92: 5.715
B93: SMS(เฟี้ยม) | C93: B24006-12 | D93: 1.20 มม. | E93: Door Stop Jamb คิ้วเฟรมข้างประตู | F93: 6.4 | G93: 0.235 | H93: 1.504
B94: SMS(เฟี้ยม) | C94: B24007-15 | D94: 1.50 มม. | E94: Sash เสาบาน | F94: 6.4 | G94: 1.106 | H94: 7.078
B95: SMS(เฟี้ยม) | C95: B24008-12 | D95: 1.20 มม. | E95: Glazing Bead คิ้วตบกระจก | F95: 6.4 | G95: 0.231 | H95: 1.478
B96: SMS(เฟี้ยม) | C96: B24009-12 | D96: 1.20 มม. | E96: Sash Stop บังใบเสาประตู | F96: 6.4 | G96: 0.226 | H96: 1.446
B97: SMS(เฟี้ยม) | C97: B24013-15 | D97: 1.50 มม. | E97: Butterfly Glazing Bead คิ้วกบ | F97: 6.4 | G97: 0.17 | H97: 1.088
B98: SMS(เฟี้ยม) | C98: B24016-12 | D98: 1.20 มม. | E98: Glazing Bead คิ้วกบ | F98: 6.4 | G98: 0.215 | H98: 1.376
B99: SMS(เฟี้ยม) | C99: B24017-15 | D99: 1.50 มม. | E99: Bifold Roller รางหู(ใหม่) | F99: 6.4 | G99: 0.281 | H99: 1.798
B100: SMS(เฟี้ยม) | C100: B24018-15 | D100: 1.50 มม. | E100: Bifold Roller รางบานเฟี้ยมภายใน | F100: 6.4 | G100: 0.788 | H100: 5.043
B101: เมืองทอง — กล่องเพิ่ม (เสา-คาน/ติดตาย/จันทัน) · ยาว 6 ม.
B102: เมืองทอง | C102: - | D102: กล่อง 4"×4" | E102: ประตูรั้ว/เสา-คาน | F102: 6 | G102: 2.159 | H102: 12.954
B103: เมืองทอง | C103: - | D103: กล่อง 1.6"×3" | E103: ติดตาย | F103: 6 | G103: 0.956 | H103: 5.736
B104: เมืองทอง | C104: - | D104: กล่อง 1.6"×4" | E104: จันทันหลังคา | F104: 6 | G104: 1.163 | H104: 6.978
B105: เมืองทอง | C105: ฉาก 6 หุน | D105: 6 หุน | E105: ฉาก 6 หุน | F105: 6 | G105: 0.743 | H105: 4.458
B106: E-series (SMS) · ยาว 6.4 ม.
B107: E-series | C107: E-01 | D107: - | E107: - | F107: 6.4 | G107: 1.115 | H107: 7.14
B108: E-series | C108: E-01A | D108: - | E108: - | F108: 6.4 | G108: 0.134 | H108: 0.86
B109: E-series | C109: E-03 | D109: - | E109: - | F109: 6.4 | G109: 1.073 | H109: 6.87
B110: E-series | C110: E-03C | D110: - | E110: - | F110: 6.4 | G110: 0.223 | H110: 1.43
B111: E-series | C111: E-05 | D111: - | E111: - | F111: 6.4 | G111: 0.912 | H111: 5.84
B112: E-series | C112: E-02B | D112: - | E112: - | F112: 6.4 | G112: 1.067 | H112: 6.53
...

Sheet ราคาวัสดุกลาง
A1: ⚠️ แก้ราคาที่นี่ → ราคาวัสดุกลาง — แก้ราคา/กก. ที่นี่ที่เดียว | G1: 🏠 สารบัญ | H1: ชื่อกระจก (R3.9 ข้อ 31.1) | I1: ทุน/ตร.ม.
H2: เขียว 6มม. | I2: 264
A3: ราคาอลู SMS (บาท/กก.) → | B3: 180 | C3: ราคาขึ้น พิมพ์เลขบาท/กก.ใหม่ ช่องเดียว ทุกอย่างขยับเอง | H3: เขียว 8มม. | I3: 592
A4: ความยาวเส้น (ม.) → | B4: 6.4 | C4: เส้นเต็ม 6.4 ม. | H4: เขียว 10มม. | I4: 700
A5: ราคาอลู ยูโร (บาท/กก.) → | B5: 185 | C5: * สำหรับบานยูโร (รอบหน้า) | H5: เคลือบขาว 6มม. | I5: 1023
H6: ยูโรเกรย์ 6มม. | I6: 517
A7: ตัวคูณสี | H7: ยูโรเกรย์ 8มม. | I7: 915
A8: อบขาว/ดำ | B8: 1 | H8: ยูโรเกรย์ 10มม. | I8: 807
A9: เทาซาฮาร่า | B9: 1.09 | H9: ยูโรบรอนซ์ 6มม. | I9: 570
A10: ลายไม้สักทอง | B10: 1.6 | H10: reflective เทา 6มม. | I10: 1184
H11: reflective เขียว 6มม. | I11: 1292
A12: รหัส Stock | B12: ชื่อโปรไฟล์ (คีย์) | C12: น้ำหนักเส้น (กก. ล็อก) | D12: น้ำหนัก/ม. | E12: ราคาเส้นขาว | F12: หมายเหตุ | H12: reflective ฟ้า/เทา 6มม. | I12: 1399
A13: B22001 | B13: เฟรมบน | C13: 6.86111 | D13: =C13/$B$4 | E13: =C13*$B$3 | H13: เทมเปอร์ 6มม. | I13: 403
A14: B22002 | B14: เฟรมข้าง | C14: 5.80556 | D14: =C14/$B$4 | E14: =C14*$B$3 | F14: Stock=1,030 ใช้ 1,045 ตามไฟล์ | H14: เทมเปอร์ 10มม. | I14: 848
A15: B20041 | B15: เฟรมล่างกันน้ำ | C15: 11.5 | D15: =C15/$B$4 | E15: =C15*$B$3 | F15: ใช้ภายนอก (เลือกในชีทคิดทุน) | H15: เทมเปอร์ 12มม. | I15: 942
A16: B20047 | B16: เฟรมล่างภายใน | C16: 4.58333 | D16: =C16/$B$4 | E16: =C16*$B$3 | F16: ใช้ภายใน (เลือกในชีทคิดทุน) | H16: เทมเปอร์ 15มม. | I16: 3122
A17: B20051 | B17: เสากุญแจ ML | C17: 4.91667 | D17: =C17/$B$4 | E17: =C17*$B$3 | F17: ชิดเฟรม 2 ต้นเสมอ | H17: เทมเปอร์ใสพิเศษ 6มม. | I17: 1432
A18: B20009 | B18: เสาเกี่ยวธรรมดา | C18: 4.13889 | D18: =C18/$B$4 | E18: =C18*$B$3 | F18: ใช้ 745 (พี่นัทเคาะ) Stock=690 | H18: เทมเปอร์ใสพิเศษ 10มม. | I18: 3466
A19: B20010 | B19: เสาเกี่ยวรับแรง | C19: 6.86111 | D19: =C19/$B$4 | E19: =C19*$B$3 | F19: เฉพาะสูง>2.4ม. | H19: เทมเปอร์ฝ้า 6มม. | I19: 805
A20: B20054 | B20: ขวางบน/ล่าง | C20: 5.88889 | D20: =C20/$B$4 | E20: =C20*$B$3 | H20: เทมเปอร์ฝ้า 8มม. | I20: 1113
A21: B20019 | B21: ตบปิดเฟรม | C21: 0.97222 | D21: =C21/$B$4 | E21: =C21*$B$3 | F21: ⚠ ยืนยันขึ้นกับจำนวนบานไหม | H21: เทมเปอร์ยูโรเกรย์ 4มม. | I21: 823
A22: B20050 | B22: ตบปิดเฟรมล่างเตี้ย | C22: 0.80556 | D22: =C22/$B$4 | E22: =C22*$B$3 | H22: เทมเปอร์ยูโรเกรย์ 5มม. | I22: 1006
A23: F7994 | B23: ตบรางล้อ | C23: 0.83333 | D23: =C23/$B$4 | E23: =C23*$B$3 | F23: F7994 เส้นรางเลื่อน (ราคา150 ตามไฟล์) | H23: เทมเปอร์ยูโรเกรย์ 6มม. | I23: 1033
H24: เทมเปอร์ยูโรเกรย์ 10มม. | I24: 1938
A25: กระจก (ทุน/ตร.ม.) | H25: เทมเปอร์ยูโรบรอนซ์ 5มม. | I25: 1098
A26: เขียว/ใส 6 มม. | B26: 264 | C26: R3.9 v11 ข้อ 31.1 (ฐานเขียว/ใส 6มม. 264) | H26: เทมเปอร์ยูโรบรอนซ์ 6มม. | I26: 1189
A27: เขียว/ใส 8 มม. | B27: 646 | H27: เทมเปอร์ยูโรบรอนซ์ 10มม. | I27: 1480
A28: เทมเปอร์ 6 มม. | B28: 439 | H28: เทมเปอร์ reflective เทา 6มม. | I28: 2422
A29: เทมเปอร์ 10 มม. | B29: 1023 | H29: เทมเปอร์ reflective เขียว 6มม. | I29: 2745
A30: ลามิเนต 4+4 (6.38) | B30: 1065 | H30: เทมเปอร์ reflective ฟ้า 6มม. | I30: 2960
A31: ยูโรเกรย์ 6 มม. | B31: 517 | H31: ลามิเนต 4+4 ฟิล์ม 0.38 | I31: 767
A32: อุปกรณ์ (ราคา/ชุด) | H32: ลามิเนต 5+5 ฟิล์ม 0.38 | I32: 1012
A33: ชุดอุปกรณ์บานเลื่อน | B33: 1700 | H33: ลามิเนตใส 4+4 ฟิล์มสี 0.38 | I33: 1329
H34: ลามิเนตใส 4+4 กันเสียง 0.76 | I34: 2583
H35: ลามิเนต 4+4 Solar Max 0.76 | I35: 1766 | J35: 240 บาท/ตร.ฟ ×10.764
A36: ยูโร — น้ำหนักเส้น + ราคาเส้นขาว (=นน.×ราคา/กก.ยูโร 185) | H36: ลามิเนตใส 4+4 STG 1.52 | I36: 3789
A37: รหัส | B37: ชื่อโปรไฟล์ (คีย์) | C37: น้ำหนักเส้น | D37: น้ำหนัก/ม. | E37: ราคาเส้นขาว | F37: หมายเหตุ | H37: อินซูเลท 6+6+6มม. | I37: 2260 | J37: 352 บาท/ตร.ฟ ×10.764
A38: F7869 | B38: กรอบเฟรมบน/ล่างนอก | C38: 14.13514 | D38: =C38/$B$4 | E38: =C38*$B$5 | H38: กระจกชา/ฝ้า/ลายผ้า 5-6มม. | I38: 301
A39: F7978 | B39: เฟรมข้าง | C39: 5.05405 | D39: =C39/$B$4 | E39: =C39*$B$5 | H39: กระจกเงา 5มม. | I39: 398
A40: F7902 | B40: เฟรมล่างใน | C40: 6.21622 | D40: =C40/$B$4 | E40: =C40*$B$5 | H40: กระจกลอนแก้ว 5มม. | I40: 646
A41: F7980 | B41: กรอบบาน | C41: 7.81081 | D41: =C41/$B$4 | E41: =C41*$B$5 | F41: วิ่งรอบบาน เสา+ขวาง รหัสเดียว | H41: เทมเปอร์ 8มม. | I41: 716
A42: F7919 | B42: คิ้วกระจก | C42: 1.08108 | D42: =C42/$B$4 | E42: =C42*$B$5 | F42: เท่ากรอบบาน | H42: เทมเปอร์สีชาดำ 6มม. | I42: 1033
A43: F7986 | B43: เดือยเฟรมข้าง | C43: 1.54054 | D43: =C43/$B$4 | E43: =C43*$B$5 | H43: เทมเปอร์สีชาดำ 10มม. | I43: 6674
A44: F7983 | B44: ตบเกี่ยว | C44: 2.51351 | D44: =C44/$B$4 | E44: =C44*$B$5 | H44: เทมเปอร์สีฟ้า 6มม. | I44: 1507
A45: F7988 | B45: ตบปิดน๊อต | C45: 0.48649 | D45: =C45/$B$4 | E45: =C45*$B$5 | H45: เทมเปอร์ใสพิเศษ 8มม. | I45: 2336
A46: F7993 | B46: ตบปิดรางล้อ | C46: 0.48649 | D46: =C46/$B$4 | E46: =C46*$B$5 | H46: ลามิเนต 6+6 ฟิล์ม 0.38 | I46: 1259
A47: F7994 | B47: ตบรางล้อ(ยูโร) | C47: 0.64865 | D47: =C47/$B$4 | E47: =C47*$B$5 | H47: ลามิเนต 4+4 สูง>2.5ม. 0.76 | I47: 1300
A48: F7992 | B48: ตบปิดร่องข้างเฟรมบน | C48: 2.72973 | D48: =C48/$B$4 | E48: =C48*$B$5 | H48: ลามิเนต 5+5 สูง>2.5ม. 0.76 | I48: 1350
A49: F7951 | B49: โหนกเกี่ยว | C49: 10.91892 | D49: =C49/$B$4 | E49: =C49*$B$5 | F49: เสริมแรง เมื่อสูง>3ม. | H49: ลามิเนต 6+6 สูง>2.5ม. 0.76 | I49: 1600
A50: F7855 | B50: ชนกลาง | C50: 6.64865 | D50: =C50/$B$4 | E50: =C50*$B$5 | F50: จุดบานชนกลาง (เปิดคู่กลาง) | H50: ลามิเนตยูโรเกรย์+ยูโรเกรย์ 6+6 | I50: 2540
A51: F7880 | B51: ตบปิดเฟรมร่องใน | C51: 1.86486 | D51: =C51/$B$4 | E51: =C51*$B$5 | H51: ลามิเนตชาดำ+ใส 6+6 | I51: 1938
A52: F7879 | B52: ตบปิดเฟรมร่องกลาง | C52: 1.91892 | D52: =C52/$B$4 | E52: =C52*$B$5 | H52: ลามิเนตชาดำ+ชาดำ 6+6 | I52: 2217
H53: ลามิเนตคริสตัลเกรย์+ใส 6+6 | I53: 2540
A54: B24009 ต่อกลาง — แก้ราคาที่นี่ที่เดียว | H54: ลามิเนตสีฟ้า+ใส 6+6 | I54: 2702
A55: ขาว/ดำ | B55: 325 | H55: ลามิเนตสีฟ้า+สีฟ้า 6+6 | I55: 3531
A56: เทาซาฮาร่า | B56: 355 | H56: ลามิเนตยูโรบรอนซ์+ใส 6+6 | I56: 2562
A57: ลายไม้สักทอง | B57: 495 | H57: กระจกดัดโค้ง 10มม. | I57: 5328
H58: กระจกดัดโค้งลามิเนตใส 5+5 | I58: 7158
H59: ลามิเนต 4+4 ยูโรเกรย์ | I59: 2282
H60: กระจกเงาทอง | I60: 872
H61: เทมเปอร์ลามิเนต 6+6 PVB 1.52 | I61: 2454
H62: ใส 6มม. | I62: 242
H63: ใส 8มม. | I63: 409
H64: ใส 10มม. | I64: 517
H65: เทมเปอร์ใส 6มม. | I65: 403
H66: เทมเปอร์ใส 8มม. | I66: 622
H67: เทมเปอร์ใส 10มม. | I67: 695
H68: เทมเปอร์ใส 12มม. | I68: 787
H69: ใส 5มม. | I69: 205
... H80: ลามิเนต ใส6HS SGP0.89 | I80: 3079
H81: ลามิเนต ใส5+5 SGP0.89 | I81: 1830 | J81: 272 บาท/ตร.ฟ ×10.764
H82: ลามิเนตฟิล์มฝ้า 4+4 | I82: 710 | J82: 352 บาท/ตร.ฟ ×10.764
H83: ลามิเนตฟิล์มสีทั่วไป 4+4 | I83: 904
H84: ลามิเนตฟิล์มขาวนม-ดำทึบ 4+4 | I84: 2174
H85: ลามิเนตลอนแก้วเล็ก เงาทอง 5+5 | I85: 4898
H86: ลามิเนตลอนแก้วกลาง เงาทอง 5+5 | I86: 4898
H87: ลามิเนตลอนแก้วใหญ่ เงาทอง 5+5 | I87: 4898
H88: ลามิเนตลอนแก้วเล็ก เงาทอง 5+6 | I88: 5005
H89: ลามิเนตลอนแก้วกลาง เงาทอง 5+6 | I89: 5005
H90: ลามิเนตลอนแก้วใหญ่ เงาทอง 5+6 | I90: 5005
H91: เทมเปอร์ยูโรบรอนซ์ 8มม. | I91: 1738
H92: เทมเปอร์ใสพ่นสีขาว 6มม. | I92: 592
H93: เทมเปอร์ใสพ่นสีขาว 8มม. | I93: 915
H94: กระจกเส้นลวดใส 6มม. | I94: 3800
... H106: ลามิเนตลอนแก้วใส+เงาชาทอง 5+5 | I106: 5974

Sheet คิดทุน SMS
A1: คิดทุนบานเลื่อน SMS — เลือกรูปแบบ + อุปกรณ์แยกชิ้น | G1: 🏠 สารบัญ
A2: กว้างรวม (ซม.) → | B2: 600 | E2: เลื่อน(ล้อ)= | F2: =IF(B5="อิสระ",B4,IF(B5="ลากจูง",B4-1,B4-2))
A3: สูง (ซม.) → | B3: 300 | E3: มือจับบาน= | F3: =IF(B5="ลากจูง",1,2)
A4: จำนวนบาน → | B4: 3 | E4: ล็อคบาน= | F4: =IF(B5="อิสระ",2,1)
A5: รูปแบบ → (อิสระ/ลากจูง/เปิดคู่กลาง) | B5: อิสระ | E5: เสากุญแจ= | F5: =IF(B5="เปิดคู่กลาง",4,2)
A6: พื้นที่ (ตร.ม.) = | B6: =(B2/100)*(B3/100) | E6: รอยต่อ= | F6: =IF(B5="เปิดคู่กลาง",B4-2,B4-1)
A7: บวกกำไร % → | B7: 100 | E7: รางล่าง → | F7: ภายนอก
A8: ราคาซิลิโคน/หลอด → | B8: 90
A9: กระจก → | B9: เขียว 6มม. | C9: =INDEX(ราคาวัสดุกลาง!$I$2:$I$106,MATCH(B9,ราคาวัสดุกลาง!$H$2:$H$106,0)) | D9: ← ราคากระจก/ตร.ม. (อัตโนมัติ) | E9: สี → | F9: สีอบขาว/ดำ
A10: วัสดุ | B10: จำนวน | C10: ราคา/หน่วย | D10: ทุน(บาท)
A11: เฟรมบน | B11: =(1*(B2/100)/6.4)*buf_scrap | C11: =IF(F9="สีอบขาว/ดำ",IFERROR(VLOOKUP("B22001",ราคาสี!$A:$D,4,0),1235),IF(OR(F9="เทาซาฮาร่า",F9="สีดำซาฮาร่า"),VLOOKUP("B22001",ราคาสี!$A:$F,5,0),IF(F9="ลายไม้ stock",(VLOOKUP("B22001",ราคาสี!$A:$H,8,0)*mult_wood/mult_sms),IFERROR(VLOOKUP("B22001",ราคาสี!$A:$D,4,0),1235)+IF(F9="สีอบพิเศษ",rate_special,rate_woodbake)*6.86111))) | D11: =B11*C11*mult_sms
A12: เฟรมข้าง | B12: =(2*(B3/100)/6.4)*buf_scrap | C12: =IF(F9="สีอบขาว/ดำ",IFERROR(VLOOKUP("B22002",ราคาสี!$A:$D,4,0),1045),IF(OR(F9="เทาซาฮาร่า",F9="สีดำซาฮาร่า"),VLOOKUP("B22002",ราคาสี!$A:$F,5,0),IF(F9="ลายไม้ stock",(VLOOKUP("B22002",ราคาสี!$A:$H,8,0)*mult_wood/mult_sms),IFERROR(VLOOKUP("B22002",ราคาสี!$A:$D,4,0),1045)+IF(F9="สีอบพิเศษ",rate_special,rate_woodbake)*5.80556))) | D12: =B12*C12*mult_sms
A13: เฟรมล่างกันน้ำ | B13: =(1*(B2/100)/6.4)*buf_scrap | C13: =IF(F9="สีอบขาว/ดำ",IF($F$7="ภายใน",825,2070),IF(OR(F9="เทาซาฮาร่า",F9="สีดำซาฮาร่า"),IF($F$7="ภายใน",VLOOKUP("B20047",ราคาสี!$A:$F,5,0),VLOOKUP("B20041",ราคาสี!$A:$F,5,0)),IF(F9="ลายไม้ stock",IF($F$7="ภายใน",(VLOOKUP("B20047",ราคาสี!$A:$H,8,0)*mult_wood/mult_sms),(VLOOKUP("B20041",ราคาสี!$A:$H,8,0)*mult_wood/mult_sms)),IF($F$7="ภายใน",825,2070)+IF(F9="สีอบพิเศษ",rate_special,rate_woodbake)*IF($F$7="ภายใน",4.58333,11.5)))) | D13: =B13*C13*mult_sms
A14: เสากุญแจ ML | B14: =($F$5*(B3/100)/6.4)*buf_scrap | C14: =IF(F9="สีอบขาว/ดำ",IFERROR(VLOOKUP("B20051",ราคาสี!$A:$D,4,0),885),IF(OR(F9="เทาซาฮาร่า",F9="สีดำซาฮาร่า"),VLOOKUP("B20051",ราคาสี!$A:$F,5,0),IF(F9="ลายไม้ stock",(VLOOKUP("B20051",ราคาสี!$A:$H,8,0)*mult_wood/mult_sms),IFERROR(VLOOKUP("B20051",ราคาสี!$A:$D,4,0),885)+IF(F9="สีอบพิเศษ",rate_special,rate_woodbake)*4.91667))) | D14: =B14*C14*mult_sms
A15: เสาเกี่ยวธรรมดา | B15: =(IF((B3/100)>2.4,$F$6,2*$F$6)*(B3/100)/6.4)*buf_scrap | C15: =IF(F9="สีอบขาว/ดำ",IFERROR(VLOOKUP("B20009",ราคาสี!$A:$D,4,0),745),IF(OR(F9="เทาซาฮาร่า",F9="สีดำซาฮาร่า"),VLOOKUP("B20009",ราคาสี!$A:$F,5,0),IF(F9="ลายไม้ stock",(VLOOKUP("B20009",ราคาสี!$A:$H,8,0)*mult_wood/mult_sms),IFERROR(VLOOKUP("B20009",ราคาสี!$A:$D,4,0),745)+IF(F9="สีอบพิเศษ",rate_special,rate_woodbake)*4.13889))) | D15: =B15*C15*mult_sms
A16: เสาเกี่ยวรับแรง | B16: =(IF((B3/100)>2.4,$F$6,0)*(B3/100)/6.4)*buf_scrap | C16: =IF(F9="สีอบขาว/ดำ",IFERROR(VLOOKUP("B20010",ราคาสี!$A:$D,4,0),1235),IF(OR(F9="เทาซาฮาร่า",F9="สีดำซาฮาร่า"),VLOOKUP("B20010",ราคาสี!$A:$F,5,0),IF(F9="ลายไม้ stock",(VLOOKUP("B20010",ราคาสี!$A:$H,8,0)*mult_wood/mult_sms),IFERROR(VLOOKUP("B20010",ราคาสี!$A:$D,4,0),1235)+IF(F9="สีอบพิเศษ",rate_special,rate_woodbake)*6.86111))) | D16: =B16*C16*mult_sms
A17: ขวางบน/ล่าง | B17: =(2*(B2/100)/6.4)*buf_scrap | C17: =IF(F9="สีอบขาว/ดำ",IFERROR(VLOOKUP("B20054",ราคาสี!$A:$D,4,0),1060),IF(OR(F9="เทาซาฮาร่า",F9="สีดำซาฮาร่า"),VLOOKUP("B20054",ราคาสี!$A:$F,5,0),IF(F9="ลายไม้ stock",(VLOOKUP("B20054",ราคาสี!$A:$H,8,0)*mult_wood/mult_sms),IFERROR(VLOOKUP("B20054",ราคาสี!$A:$D,4,0),1060)+IF(F9="สีอบพิเศษ",rate_special,rate_woodbake)*5.88889))) | D17: =B17*C17*mult_sms
A18: ตบปิดเฟรม | B18: =(4*(B3/100)/6.4)*buf_scrap | C18: =IF(F9="สีอบขาว/ดำ",IFERROR(VLOOKUP("B20019",ราคาสี!$A:$D,4,0),175),IF(OR(F9="เทาซาฮาร่า",F9="สีดำซาฮาร่า"),VLOOKUP("B20019",ราคาสี!$A:$F,5,0),IF(F9="ลายไม้ stock",(VLOOKUP("B20019",ราคาสี!$A:$H,8,0)*mult_wood/mult_sms),IFERROR(VLOOKUP("B20019",ราคาสี!$A:$D,4,0),175)+IF(F9="สีอบพิเศษ",rate_special,rate_woodbake)*0.97222))) | D18: =B18*C18*mult_sms
A19: ตบราง(นอก)/ตบปิดรางเตี้ย20050(ใน) | B19: =IF(F7="ภายใน",(2*(B2/100)/6.4)*buf_scrap,($F$2*(B2/100)/6.4)*buf_scrap) | C19: =IF(F7="ภายใน",IF(F9="สีอบขาว/ดำ",IFERROR(VLOOKUP("B20050",ราคาสี!$A:$D,4,0),145),IF(OR(F9="เทาซาฮาร่า",F9="สีดำซาฮาร่า"),VLOOKUP("B20050",ราคาสี!$A:$F,5,0),IF(F9="ลายไม้ stock",(VLOOKUP("B20050",ราคาสี!$A:$H,8,0)*mult_wood/mult_sms),IFERROR(VLOOKUP("B20050",ราคาสี!$A:$D,4,0),145)+IF(F9="สีอบพิเศษ",rate_special,rate_woodbake)*0.81))),150) | D19: =B19*C19*mult_sms
A20: กระจก (ตร.ม.) | B20: =((B2/100)+(B4-1)*0.1)*(B3/100) | C20: =INDEX(ราคาวัสดุกลาง!$I$2:$I$106,MATCH(B9,ราคาวัสดุกลาง!$H$2:$H$106,0)) | D20: =B20*C20
A21: ล้อ 27 (2/บาน) | B21: =2*$F$2 | C21: 80 | D21: =B21*C21
A22: มือจับ Align (2/บาน) | B22: =2*$F$3 | C22: 99 | D22: =B22*C22
A23: ชุดล็อค | B23: =$F$4 | C23: 189 | D23: =B23*C23
A24: สักหลาด (ม.) | B24: =6*(B3/100)+9*(B2/100)+2*($F$5+$F$6)*(B3/100) | C24: 1.5 | D24: =B24*C24
A25: น็อต | B25: =8+4*B4 | C25: 1 | D25: =B25*C25
A26: ซิลิโคน (หลอด) ใน+นอก | B26: =ROUNDUP(2*((B2/100)+(B3/100))*2/12.5,0) | C26: =B8 | D26: =B26*C26
A27: ค่าเปิดตู้อบ | B27: =IF(OR(F9="สีอบพิเศษ",F9="สีลายไม้อบพิเศษ"),1,0) | C27: 2000 | D27: =B27*C27 | E27: สีอบพิเศษ / ลายไม้อบพิเศษ เท่านั้น
A28: ทุนรวม | D28: =SUM(D11:D27)+D57+D36+D37+D38+D39 | F28: 🔍 แยกก้อนต้นทุน
A29: ทุน/ตร.ม. | D29: =IFERROR(D28/B6,0) | F29: ทุนอลู (×ราคา/กก.) | G29: =SUM(D11:D19)
A30: ราคาขาย/ตร.ม. (ทุน+กำไร%) | D30: =ROUNDUP(D28*(1+B7/100)/100,0)*100 | F30: ทุนกระจก | G30: =D20
A31: %กำไรจริง | D31: =IFERROR((D30-D28)/D28,0) | F31: ทุนอุปกรณ์+ซิลิโคน | G31: =SUM(D21:D27)
A32: ราคาขายรวม/ชุด | D32: =D30 | F32: รวมวัสดุ | G32: =SUM(G29:G31)
A33: — มุ้ง (ออปชั่น) — บวกเข้าทุน — | F33: อลูเท่านั้นที่ ×ราคา/กก. · กระจก/อุปกรณ์คงที่
A34: เลือกมุ้ง → | B34: ไม่มีมุ้ง | C34: =IF(B34="ไม่มีมุ้ง","—",IF(H35=1,"✓ ใช้ได้","⚠ ใช้กับบานนี้ไม่ได้(ทุน=0)")) | D34: =IF(B34="ไม่มีมุ้ง","",H40&" บาน") | H34: =IFERROR(VLOOKUP(B34,ราคามุ้ง!$A$2:$O$15,3,0),"")
A35: ชนิดผ้า / สี → | B35: ไฟเบอร์ | C35: เทา | H35: =IF(B34="ไม่มีมุ้ง",0,IF(OR(IFERROR(VLOOKUP(B34,ราคามุ้ง!$A$2:$O$15,4,0),"ALL")="ALL",ISNUMBER(SEARCH("SMS",IFERROR(VLOOKUP(B34,ราคามุ้ง!$A$2:$O$15,4,0),"")))),1,0))
A36: › เสา (เส้น 6ม.) | B36: =IF(AND(H35=1,H36=1),ROUND(H40*2*H39/6,2),0) | C36: =IF(B34="มุ้งเฟรมเล็ก",'ราคามุ้ง'!$B$19,IF(B34="มุ้งเฟรมใหญ่",ROUND(C14*mult_sms,0),IF(B34="มุ้งนิรภัย",'ราคามุ้ง'!$B$21,0))) | D36: =ROUND(B36*C36,0) | H36: =IF(OR(B34="มุ้งเฟรมเล็ก",B34="มุ้งเฟรมใหญ่",B34="มุ้งนิรภัย"),1,0)
A37: › ขวาง (เส้น 6ม.) | B37: =IF(AND(H35=1,H36=1),ROUND(H40*2*H38/6,2),0) | C37: =IF(B34="มุ้งเฟรมเล็ก",'ราคามุ้ง'!$B$19,IF(B34="มุ้งเฟรมใหญ่",ROUND(C14*mult_sms,0),IF(B34="มุ้งนิรภัย",'ราคามุ้ง'!$B$21,0))) | D37: =ROUND(B37*C37,0) | H37: =IFERROR(VLOOKUP(B35,ราคามุ้ง!$I$2:$J$5,2,0),0)
A38: › ยางอัด (ม.) | B38: =IF(AND(H35=1,H36=1),ROUND(H40*2*(H38+H39),2),0) | C38: ='ราคามุ้ง'!$D$19 | D38: =ROUND(B38*C38,0) | H38: =B2/(B4*100)
A39: › ผ้า / มุ้งสำเร็จ | B39: =IF(H35=0,0,ROUND(H40*H38*H39,2)) | C39: =IF(B34="มุ้งนิรภัย",650,IF(OR(B34="มุ้งเฟรมเล็ก",B34="มุ้งเฟรมใหญ่"),H37,IF(H34="ซื้อสำเร็จ",IFERROR(VLOOKUP(B34,ราคามุ้ง!$A$2:$O$15,2,0),0),0))) | D39: =ROUND(B39*C39,0) | H39: =B3/100
A40: › ค่าแรงผลิตมุ้ง | D40: =IF(H35=0,0,ROUND(H40*(VLOOKUP(B34,ราคามุ้ง!$A$2:$O$15,12,0)+VLOOKUP(B34,ราคามุ้ง!$A$2:$O$15,13,0)*H38*H39),0)) | H40: =IF(AND(B5="อิสระ",B4=2),1,F2)
A41: › ค่าแรงติดตั้งมุ้ง | D41: =IF(H35=0,0,ROUND(H40*(VLOOKUP(B34,ราคามุ้ง!$A$2:$O$15,14,0)+VLOOKUP(B34,ราคามุ้ง!$A$2:$O$15,15,0)*H38*H39),0)) | E41: รวมมุ้ง → | F41: =SUM(D36:D41)
A42: — ผูกค่าแรง (ราคาขายรวมค่าแรง) —
A43: ค่าแรงผลิต (จากชีทค่าแรง) | D43: =MAX(0,VLOOKUP("บานเลื่อน SMS",'ค่าแรง'!$A$12:$E$27,2,0)+VLOOKUP("บานเลื่อน SMS",'ค่าแรง'!$A$12:$E$27,3,0)*B6)
A44: ค่าแรงติดตั้ง (จากชีทค่าแรง) | D44: =MAX(0,VLOOKUP("บานเลื่อน SMS",'ค่าแรง'!$A$12:$E$27,4,0)+VLOOKUP("บานเลื่อน SMS",'ค่าแรง'!$A$12:$E$27,5,0)*B6)
A45: กำไรติดตั้ง % → | B45: 100
A46: ราคาขาย ผลิตอย่างเดียว | D46: =ROUNDUP((D28+D43+D40)*(1+B7/100)/100,0)*100
A47: ราคาขาย ผลิต+ติดตั้ง | D47: =D46+ROUNDUP((D44+D41)*(1+B45/100)/100,0)*100
A48: %กำไรจริง (ผลิต+ติดตั้ง) | D48: =(D47-(D28+D43+D44+D40+D41))/(D28+D43+D44+D40+D41)
A50: — ชุด auto (ออปชั่น) — บวกเข้าทุน × กำไ%
A51: ใส่ auto? → | B51: ไม่มี | F51: Evecca base | G51: =INDEX(ราคาออโต้!$C:$C,MATCH("Evecca (จีน)",ราคาออโต้!$B:$B,0))
A52: ชุด auto → | B52: Evecca (จีน) | F52: สายพาน/ม | G52: =INDEX(ราคาออโต้!$C:$C,MATCH("สายพาน Evecca",ราคาออโต้!$B:$B,0))
A53: ออป Smart lock (Evecca) → | B53: ไม่มี | F53: ส่ง Evecca | G53: =INDEX(ราคาออโต้!$D:$D,MATCH("Evecca (จีน)",ราคาออโต้!$B:$B,0))
A54: ออป Touch (ช่างแซก) → | B54: ไม่มี | F54: Smart lock | G54: =INDEX(ราคาออโต้!$C:$C,MATCH("ออป Smart lock",ราคาออโต้!$B:$B,0))
A55: ออป Infrared (ช่างแซก) → | B55: ไม่มี | F55: ช่างแซก base | G55: =INDEX(ราคาออโต้!$C:$C,MATCH("ช่างแซก",ราคาออโต้!$B:$B,0))
F56: เซฟตี้ตาแมว | G56: =INDEX(ราคาออโต้!$C:$C,MATCH("เซฟตี้ตาแมว (บังคับช่างแซก)",ราคาออโต้!$B:$B,0))
A57: ทุนชุด auto | D57: =IF(B51="ไม่มี",0,IF(B52="Evecca (จีน)",G51+ROUND(G52*B2*2/100,0)+G53+IF(B53="มี",G54,0),(G55+G56+ROUND(G57*B2/100,0)+IF(B54="มี",G58,0)+IF(B55="มี",G59,0))*IF(B5="เปิดคู่กลาง",1,MIN(B4,3)))) | F57: ราง/ม | G57: =INDEX(ราคาออโต้!$C:$C,MATCH("ราง ช่างแซก",ราคาออโต้!$B:$B,0))
F58: Touch | G58: =INDEX(ราคาออโต้!$C:$C,MATCH("ออป Touch Switch (ช่างแซก)",ราคาออโต้!$B:$B,0))
F59: Infrared | G59: =INDEX(ราคาออโต้!$C:$C,MATCH("ออป Infrared (ช่างแซก)",ราคาออโต้!$B:$B,0))

Sheet คิดทุน ยูโร
A1: คิดทุนบานเลื่อนยูโร — เลือกรูปแบบ + อุปกรณ์แยกชิ้น | G1: 🏠 สารบัญ
A2: กว้างรวม (ซม.) → | B2: 600 | E2: เลื่อน(ล้อ)= | F2: =IF(B5="อิสระ",B4,IF(B5="ลากจูง",B4-1,B4-2))
A3: สูง (ซม.) → | B3: 300 | E3: มือจับบาน= | F3: =IF(B5="ลากจูง",1,2)
A4: จำนวนบาน → | B4: 3 | E4: ล็อคบาน= | F4: =IF(B5="อิสระ",2,1)
A5: รูปแบบ → (อิสระ/ลากจูง/เปิดคู่กลาง) | B5: อิสระ | E5: เสากุญแจ= | F5: =IF(B5="เปิดคู่กลาง",4,2)
A6: พื้นที่ (ตร.ม.) = | B6: =(B2/100)*(B3/100) | E6: รอยต่อ= | F6: =IF(B5="เปิดคู่กลาง",B4-2,B4-1)
A7: บวกกำไร % → | B7: 100 | E7: รางล่าง → | F7: ภายนอก
A8: ราคาซิลิโคน/หลอด → | B8: 90
A9: กระจก → | B9: เขียว 6มม. | C9: =INDEX(ราคาวัสดุกลาง!$I$2:$I$106,MATCH(B9,ราคาวัสดุกลาง!$H$2:$H$106,0)) | D9: ← ราคากระจก/ตร.ม. (อัตโนมัติ) | E9: สี → | F9: สีอบขาว/ดำ
A10: วัสดุ | B10: จำนวน | C10: ราคา/หน่วย | D10: ทุน(บาท)
A11: กรอบบาน (รอบ) | B11: =((2*(B3/100)*B4+2*(B2/100))/6.4)*buf_scrap | C11: =IF(F9="สีอบขาว/ดำ",IFERROR(VLOOKUP("F7980",ราคาสี!$A:$D,4,0),1445),IF(OR(F9="เทาซาฮาร่า",F9="สีดำซาฮาร่า"),VLOOKUP("F7980",ราคาสี!$A:$F,5,0),IF(F9="แอทแทคเกรย์",VLOOKUP("F7980",ราคาสี!$A:$J,7,0),IF(F9="ลายไม้สักทอง",(VLOOKUP("F7980",ราคาสี!$A:$H,8,0)*mult_wood/mult_euro),IF(F9="ลายไม้มะฮอกกานี",(VLOOKUP("F7980",ราคาสี!$A:$J,9,0)*mult_wood/mult_euro),IF(F9="ลายไม้ไวท์โอ๊ค",(VLOOKUP("F7980",ราคาสี!$A:$J,10,0)*mult_wood/mult_euro),IFERROR(VLOOKUP("F7980",ราคาสี!$A:$D,4,0),1445)+IF(F9="สีอบพิเศษ",rate_special,rate_woodbake)*7.81081)))))) | D11: =B11*C11*mult_euro
A12: คิ้วกระจก | B12: =((2*(B3/100)*B4+2*(B2/100))/6.4)*buf_scrap | C12: =IF(F9="สีอบขาว/ดำ",IFERROR(VLOOKUP("F7919",ราคาสี!$A:$D,4,0),200),IF(OR(F9="เทาซาฮาร่า",F9="สีดำซาฮาร่า"),VLOOKUP("F7919",ราคาสี!$A:$F,5,0),IF(F9="แอทแทคเกรย์",VLOOKUP("F7919",ราคาสี!$A:$J,7,0),IF(F9="ลายไม้สักทอง",(VLOOKUP("F7919",ราคาสี!$A:$H,8,0)*mult_wood/mult_euro),IF(F9="ลายไม้มะฮอกกานี",(VLOOKUP("F7919",ราคาสี!$A:$J,9,0)*mult_wood/mult_euro),IF(F9="ลายไม้ไวท์โอ๊ค",(VLOOKUP("F7919",ราคาสี!$A:$J,10,0)*mult_wood/mult_euro),IFERROR(VLOOKUP("F7919",ราคาสี!$A:$D,4,0),200)+IF(F9="สีอบพิเศษ",rate_special,rate_woodbake)*1.08108)))))) | D12: =B12*C12*mult_euro
A13: เฟรมบน+ล่างนอก (F7869 ตัดรวม) | B13: =((2*(B2/100))/6.4)*buf_scrap | C13: =IF(F9="สีอบขาว/ดำ",IFERROR(VLOOKUP("F7869",ราคาสี!$A:$D,4,0),2615),IF(OR(F9="เทาซาฮาร่า",F9="สีดำซาฮาร่า"),VLOOKUP("F7869",ราคาสี!$A:$F,5,0),IF(F9="แอทแทคเกรย์",VLOOKUP("F7869",ราคาสี!$A:$J,7,0),IF(F9="ลายไม้สักทอง",(VLOOKUP("F7869",ราคาสี!$A:$H,8,0)*mult_wood/mult_euro),IF(F9="ลายไม้มะฮอกกานี",(VLOOKUP("F7869",ราคาสี!$A:$J,9,0)*mult_wood/mult_euro),IF(F9="ลายไม้ไวท์โอ๊ค",(VLOOKUP("F7869",ราคาสี!$A:$J,10,0)*mult_wood/mult_euro),IFERROR(VLOOKUP("F7869",ราคาสี!$A:$D,4,0),2615)+IF(F9="สีอบพิเศษ",rate_special,rate_woodbake)*14.13514)))))) | D13: =B13*C13*mult_euro
A14: └ รวมกับเฟรมบนแล้ว | B14: 0 | C14: =IF(F9="สีอบขาว/ดำ",IFERROR(VLOOKUP("F7869",ราคาสี!$A:$D,4,0),2615),IF(OR(F9="เทาซาฮาร่า",F9="สีดำซาฮาร่า"),VLOOKUP("F7869",ราคาสี!$A:$F,5,0),IF(F9="แอทแทคเกรย์",VLOOKUP("F7869",ราคาสี!$A:$J,7,0),IF(F9="ลายไม้สักทอง",(VLOOKUP("F7869",ราคาสี!$A:$H,8,0)*mult_wood/mult_euro),IF(F9="ลายไม้มะฮอกกานี",(VLOOKUP("F7869",ราคาสี!$A:$J,9,0)*mult_wood/mult_euro),IF(F9="ลายไม้ไวท์โอ๊ค",(VLOOKUP("F7869",ราคาสี!$A:$J,10,0)*mult_wood/mult_euro),IFERROR(VLOOKUP("F7869",ราคาสี!$A:$D,4,0),2615)+IF(F9="สีอบพิเศษ",rate_special,rate_woodbake)*14.13514)))))) | D14: =B14*C14*mult_euro
A15: เฟรมข้าง | B15: =(2*(B3/100)/6.4)*buf_scrap | C15: =IF(F9="สีอบขาว/ดำ",IFERROR(VLOOKUP("F7978",ราคาสี!$A:$D,4,0),935),IF(OR(F9="เทาซาฮาร่า",F9="สีดำซาฮาร่า"),VLOOKUP("F7978",ราคาสี!$A:$F,5,0),IF(F9="แอทแทคเกรย์",VLOOKUP("F7978",ราคาสี!$A:$J,7,0),IF(F9="ลายไม้สักทอง",(VLOOKUP("F7978",ราคาสี!$A:$H,8,0)*mult_wood/mult_euro),IF(F9="ลายไม้มะฮอกกานี",(VLOOKUP("F7978",ราคาสี!$A:$J,9,0)*mult_wood/mult_euro),IF(F9="ลายไม้ไวท์โอ๊ค",(VLOOKUP("F7978",ราคาสี!$A:$J,10,0)*mult_wood/mult_euro),IFERROR(VLOOKUP("F7978",ราคาสี!$A:$D,4,0),935)+IF(F9="สีอบพิเศษ",rate_special,rate_woodbake)*5.05405)))))) | D15: =B15*C15*mult_euro
A16: เดือย | B16: =1 | C16: =IF(F9="สีอบขาว/ดำ",IFERROR(VLOOKUP("F7986",ราคาสี!$A:$D,4,0),285),IF(OR(F9="เทาซาฮาร่า",F9="สีดำซาฮาร่า"),VLOOKUP("F7986",ราคาสี!$A:$F,5,0),IF(F9="แอทแทคเกรย์",VLOOKUP("F7986",ราคาสี!$A:$J,7,0),IF(F9="ลายไม้สักทอง",(VLOOKUP("F7986",ราคาสี!$A:$H,8,0)*mult_wood/mult_euro),IF(F9="ลายไม้มะฮอกกานี",(VLOOKUP("F7986",ราคาสี!$A:$J,9,0)*mult_wood/mult_euro),IF(F9="ลายไม้ไวท์โอ๊ค",(VLOOKUP("F7986",ราคาสี!$A:$J,10,0)*mult_wood/mult_euro),IFERROR(VLOOKUP("F7986",ราคาสี!$A:$D,4,0),285)+IF(F9="สีอบพิเศษ",rate_special,rate_woodbake)*1.54054)))))) | D16: =B16*C16*mult_euro
A17: ตบเกี่ยว | B17: =IF(B5="เปิดคู่กลาง",2,B4-1) | C17: =IF(F9="สีอบขาว/ดำ",IFERROR(VLOOKUP("F7983",ราคาสี!$A:$D,4,0),465),IF(OR(F9="เทาซาฮาร่า",F9="สีดำซาฮาร่า"),VLOOKUP("F7983",ราคาสี!$A:$F,5,0),IF(F9="แอทแทคเกรย์",VLOOKUP("F7983",ราคาสี!$A:$J,7,0),IF(F9="ลายไม้สักทอง",(VLOOKUP("F7983",ราคาสี!$A:$H,8,0)*mult_wood/mult_euro),IF(F9="ลายไม้มะฮอกกานี",(VLOOKUP("F7983",ราคาสี!$A:$J,9,0)*mult_wood/mult_euro),IF(F9="ลายไม้ไวท์โอ๊ค",(VLOOKUP("F7983",ราคาสี!$A:$J,10,0)*mult_wood/mult_euro),IFERROR(VLOOKUP("F7983",ราคาสี!$A:$D,4,0),465)+IF(F9="สีอบพิเศษ",rate_special,rate_woodbake)*2.51351)))))) | D17: =B17*C17*mult_euro
A18: โหนกเกี่ยว(≥3ม.) | B18: =IF((B3/100)>=3,$F$6,0) | C18: =IF(F9="สีอบขาว/ดำ",IFERROR(VLOOKUP("F7951",ราคาสี!$A:$D,4,0),2020),IF(OR(F9="เทาซาฮาร่า",F9="สีดำซาฮาร่า"),VLOOKUP("F7951",ราคาสี!$A:$F,5,0),IF(F9="แอทแทคเกรย์",VLOOKUP("F7951",ราคาสี!$A:$J,7,0),IF(F9="ลายไม้สักทอง",(VLOOKUP("F7951",ราคาสี!$A:$H,8,0)*mult_wood/mult_euro),IF(F9="ลายไม้มะฮอกกานี",(VLOOKUP("F7951",ราคาสี!$A:$J,9,0)*mult_wood/mult_euro),IF(F9="ลายไม้ไวท์โอ๊ค",(VLOOKUP("F7951",ราคาสี!$A:$J,10,0)*mult_wood/mult_euro),IFERROR(VLOOKUP("F7951",ราคาสี!$A:$D,4,0),2020)+IF(F9="สีอบพิเศษ",rate_special,rate_woodbake)*10.91892)))))) | D18: =B18*C18*mult_euro
A19: ตบปิดน๊อต F7988 | B19: =2*MAX(B4-1,0) | C19: =IF(F9="สีอบขาว/ดำ",IFERROR(VLOOKUP("F7988",ราคาสี!$A:$D,4,0),120),IF(OR(F9="เทาซาฮาร่า",F9="สีดำซาฮาร่า"),VLOOKUP("F7988",ราคาสี!$A:$F,5,0),IF(F9="แอทแทคเกรย์",VLOOKUP("F7988",ราคาสี!$A:$J,7,0),IF(F9="ลายไม้สักทอง",(VLOOKUP("F7988",ราคาสี!$A:$H,8,0)*mult_wood/mult_euro),IF(F9="ลายไม้มะฮอกกานี",(VLOOKUP("F7988",ราคาสี!$A:$J,9,0)*mult_wood/mult_euro),IF(F9="ลายไม้ไวท์โอ๊ค",(VLOOKUP("F7988",ราคาสี!$A:$J,10,0)*mult_wood/mult_euro),IFERROR(VLOOKUP("F7988",ราคาสี!$A:$D,4,0),120)+IF(F9="สีอบพิเศษ",rate_special,rate_woodbake)*0.66667)))))) | D19: =B19*C19*mult_euro
A20: ตบปิดราง F7993 | B20: =($F$2*(B2/100)/6.4)*buf_scrap | C20: =IF(F9="สีอบขาว/ดำ",IFERROR(VLOOKUP("F7993",ราคาสี!$A:$D,4,0),120),IF(OR(F9="เทาซาฮาร่า",F9="สีดำซาฮาร่า"),VLOOKUP("F7993",ราคาสี!$A:$F,5,0),IF(F9="แอทแทคเกรย์",VLOOKUP("F7993",ราคาสี!$A:$J,7,0),IF(F9="ลายไม้สักทอง",(VLOOKUP("F7993",ราคาสี!$A:$H,8,0)*mult_wood/mult_euro),IF(F9="ลายไม้มะฮอกกานี",(VLOOKUP("F7993",ราคาสี!$A:$J,9,0)*mult_wood/mult_euro),IF(F9="ลายไม้ไวท์โอ๊ค",(VLOOKUP("F7993",ราคาสี!$A:$J,10,0)*mult_wood/mult_euro),IFERROR(VLOOKUP("F7993",ราคาสี!$A:$D,4,0),120)+IF(F9="สีอบพิเศษ",rate_special,rate_woodbake)*0.66667)))))) | D20: =B20*C20*mult_euro
A21: ตบราง F7994 | B21: =($F$2*(B2/100)/6.4)*buf_scrap | C21: =IF(F9="สีอบขาว/ดำ",IFERROR(VLOOKUP("F7994",ราคาสี!$A:$D,4,0),150),IF(OR(F9="เทาซาฮาร่า",F9="สีดำซาฮาร่า"),VLOOKUP("F7994",ราคาสี!$A:$F,5,0),IF(F9="แอทแทคเกรย์",VLOOKUP("F7994",ราคาสี!$A:$J,7,0),IF(F9="ลายไม้สักทอง",(VLOOKUP("F7994",ราคาสี!$A:$H,8,0)*mult_wood/mult_euro),IF(F9="ลายไม้มะฮอกกานี",(VLOOKUP("F7994",ราคาสี!$A:$J,9,0)*mult_wood/mult_euro),IF(F9="ลายไม้ไวท์โอ๊ค",(VLOOKUP("F7994",ราคาสี!$A:$J,10,0)*mult_wood/mult_euro),IFERROR(VLOOKUP("F7994",ราคาสี!$A:$D,4,0),150)+IF(F9="สีอบพิเศษ",rate_special,rate_woodbake)*0.83333)))))) | D21: =B21*C21*mult_euro
A22: ตบปิดร่องบน | B22: =1 | C22: =IF(F9="สีอบขาว/ดำ",IFERROR(VLOOKUP("F7992",ราคาสี!$A:$D,4,0),505),IF(OR(F9="เทาซาฮาร่า",F9="สีดำซาฮาร่า"),VLOOKUP("F7992",ราคาสี!$A:$F,5,0),IF(F9="แอทแทคเกรย์",VLOOKUP("F7992",ราคาสี!$A:$J,7,0),IF(F9="ลายไม้สักทอง",(VLOOKUP("F7992",ราคาสี!$A:$H,8,0)*mult_wood/mult_euro),IF(F9="ลายไม้มะฮอกกานี",(VLOOKUP("F7992",ราคาสี!$A:$J,9,0)*mult_wood/mult_euro),IF(F9="ลายไม้ไวท์โอ๊ค",(VLOOKUP("F7992",ราคาสี!$A:$J,10,0)*mult_wood/mult_euro),IFERROR(VLOOKUP("F7992",ราคาสี!$A:$D,4,0),505)+IF(F9="สีอบพิเศษ",rate_special,rate_woodbake)*2.72973)))))) | D22: =B22*C22*mult_euro
A23: ชนกลาง(เปิดคู่กลาง) | B23: =IF(B5="เปิดคู่กลาง",1,0) | C23: =IF(F9="สีอบขาว/ดำ",IFERROR(VLOOKUP("F7855",ราคาสี!$A:$D,4,0),1230),IF(OR(F9="เทาซาฮาร่า",F9="สีดำซาฮาร่า"),VLOOKUP("F7855",ราคาสี!$A:$F,5,0),IF(F9="แอทแทคเกรย์",VLOOKUP("F7855",ราคาสี!$A:$J,7,0),IF(F9="ลายไม้สักทอง",(VLOOKUP("F7855",ราคาสี!$A:$H,8,0)*mult_wood/mult_euro),IF(F9="ลายไม้มะฮอกกานี",(VLOOKUP("F7855",ราคาสี!$A:$J,9,0)*mult_wood/mult_euro),IF(F9="ลายไม้ไวท์โอ๊ค",(VLOOKUP("F7855",ราคาสี!$A:$J,10,0)*mult_wood/mult_euro),IFERROR(VLOOKUP("F7855",ราคาสี!$A:$D,4,0),1230)+IF(F9="สีอบพิเศษ",rate_special,rate_woodbake)*6.64865)))))) | D23: =B23*C23*mult_euro
A24: ตบปิดเฟรมร่องใน | B24: =IF(B5="เปิดคู่กลาง",2,0) | C24: =IF(F9="สีอบขาว/ดำ",IFERROR(VLOOKUP("F7880",ราคาสี!$A:$D,4,0),345),IF(OR(F9="เทาซาฮาร่า",F9="สีดำซาฮาร่า"),VLOOKUP("F7880",ราคาสี!$A:$F,5,0),IF(F9="แอทแทคเกรย์",VLOOKUP("F7880",ราคาสี!$A:$J,7,0),IF(F9="ลายไม้สักทอง",(VLOOKUP("F7880",ราคาสี!$A:$H,8,0)*mult_wood/mult_euro),IF(F9="ลายไม้มะฮอกกานี",(VLOOKUP("F7880",ราคาสี!$A:$J,9,0)*mult_wood/mult_euro),IF(F9="ลายไม้ไวท์โอ๊ค",(VLOOKUP("F7880",ราคาสี!$A:$J,10,0)*mult_wood/mult_euro),IFERROR(VLOOKUP("F7880",ราคาสี!$A:$D,4,0),345)+IF(F9="สีอบพิเศษ",rate_special,rate_woodbake)*1.86486)))))) | D24: =B24*C24*mult_euro
A25: ตบปิดเฟรมร่องกลาง | B25: =IF(B5="เปิดคู่กลาง",2,0) | C25: =IF(F9="สีอบขาว/ดำ",IFERROR(VLOOKUP("F7879",ราคาสี!$A:$D,4,0),355),IF(OR(F9="เทาซาฮาร่า",F9="สีดำซาฮาร่า"),VLOOKUP("F7879",ราคาสี!$A:$F,5,0),IF(F9="แอทแทคเกรย์",VLOOKUP("F7879",ราคาสี!$A:$J,7,0),IF(F9="ลายไม้สักทอง",(VLOOKUP("F7879",ราคาสี!$A:$H,8,0)*mult_wood/mult_euro),IF(F9="ลายไม้มะฮอกกานี",(VLOOKUP("F7879",ราคาสี!$A:$J,9,0)*mult_wood/mult_euro),IF(F9="ลายไม้ไวท์โอ๊ค",(VLOOKUP("F7879",ราคาสี!$A:$J,10,0)*mult_wood/mult_euro),IFERROR(VLOOKUP("F7879",ราคาสี!$A:$D,4,0),355)+IF(F9="สีอบพิเศษ",rate_special,rate_woodbake)*1.91892)))))) | D25: =B25*C25*mult_euro
A26: กระจก (ตร.ม.) | B26: =((B2/100)+(B4-1)*0.1)*(B3/100) | C26: =INDEX(ราคาวัสดุกลาง!$I$2:$I$106,MATCH(B9,ราคาวัสดุกลาง!$H$2:$H$106,0)) | D26: =B26*C26
A27: ล้อ 27 (2/บาน) | B27: =2*$F$2 | C27: 80 | D27: =B27*C27
A28: มือจับ Align (2/บาน) | B28: =2*$F$3 | C28: 99 | D28: =B28*C28
A29: ชุดล็อค | B29: =$F$4 | C29: 189 | D29: =B29*C29
A30: มุมเลื่อน (8/บาน) | B30: =8*B4 | C30: 2 | D30: =B30*C30
A31: สปริงก็อต (4/บาน) | B31: =4*B4 | C31: 29 | D31: =B31*C31
A32: สักหลาด (ม.) | B32: =6*(B3/100)+9*(B2/100)+2*($F$5+$F$6)*(B3/100) | C32: 1.5 | D32: =B32*C32
A33: น็อต | B33: =8+4*B4 | C33: 1 | D33: =B33*C33
A34: ซิลิโคน (หลอด) ใน+นอก | B34: =ROUNDUP(2*((B2/100)+(B3/100))*2/12.5,0) | C34: =B8 | D34: =B34*C34
A35: ค่าเปิดตู้อบ | B35: =IF(OR(F9="สีอบพิเศษ",F9="สีลายไม้อบพิเศษ"),1,0) | C35: 2000 | D35: =B35*C35 | E35: สีอบพิเศษ / ลายไม้อบพิเศษ เท่านั้น
A36: ทุนรวม | D36: =SUM(D11:D35)+D57+D64+D65+D66+D67
A37: ทุน/ตร.ม. | D37: =IFERROR(D36/B6,0)
A38: ราคาขาย/ตร.ม. (ทุน+กำไร%) | D38: =ROUNDUP(D36*(1+B7/100)/100,0)*100
A39: %กำไรจริง | D39: =IFERROR((D38-D36)/D36,0)
A40: ราคาขายรวม/ชุด | D40: =D38
A42: — ผูกค่าแรง (ราคาขายรวมค่าแรง) —
A43: ค่าแรงผลิต (จากชีทค่าแรง) | D43: =MAX(0,VLOOKUP("บานเลื่อน ยูโร",'ค่าแรง'!$A$12:$E$27,2,0)+VLOOKUP("บานเลื่อน ยูโร",'ค่าแรง'!$A$12:$E$27,3,0)*B6)
A44: ค่าแรงติดตั้ง (จากชีทค่าแรง) | D44: =MAX(0,VLOOKUP("บานเลื่อน ยูโร",'ค่าแรง'!$A$12:$E$27,4,0)+VLOOKUP("บานเลื่อน ยูโร",'ค่าแรง'!$A$12:$E$27,5,0)*B6)
A45: กำไรติดตั้ง % → | B45: 100
A46: ราคาขาย ผลิตอย่างเดียว | D46: =ROUNDUP((D36+D43+D68)*(1+B7/100)/100,0)*100
A47: ราคาขาย ผลิต+ติดตั้ง | D47: =D46+ROUNDUP((D44+D69)*(1+B45/100)/100,0)*100
A48: %กำไรจริง (ผลิต+ติดตั้ง) | D48: =(D47-(D36+D43+D44+D68+D69))/(D36+D43+D44+D68+D69)
A50: — ชุด auto (ออปชั่น) — บวกเข้าทุน × กำไร%
A51: ใส่ auto? → | B51: ไม่มี | F51: Evecca base | G51: =INDEX(ราคาออโต้!$C:$C,MATCH("Evecca (จีน)",ราคาออโต้!$B:$B,0))
A52: ชุด auto → | B52: Evecca (จีน) | F52: สายพาน/ม | G52: =INDEX(ราคาออโต้!$C:$C,MATCH("สายพาน Evecca",ราคาออโต้!$B:$B,0))
A53: ออป Smart lock (Evecca) → | B53: ไม่มี | F53: ส่ง Evecca | G53: =INDEX(ราคาออโต้!$D:$D,MATCH("Evecca (จีน)",ราคาออโต้!$B:$B,0))
A54: ออป Touch (ช่างแซก) → | B54: ไม่มี | F54: Smart lock | G54: =INDEX(ราคาออโต้!$C:$C,MATCH("ออป Smart lock",ราคาออโต้!$B:$B,0))
A55: ออป Infrared (ช่างแซก) → | B55: ไม่มี | F55: ช่างแซก base | G55: =INDEX(ราคาออโต้!$C:$C,MATCH("ช่างแซก",ราคาออโต้!$B:$B,0))
F56: เซฟตี้ตาแมว | G56: =INDEX(ราคาออโต้!$C:$C,MATCH("เซฟตี้ตาแมว (บังคับช่างแซก)",ราคาออโต้!$B:$B,0))
A57: ทุนชุด auto | D57: =IF(B51="ไม่มี",0,IF(B52="Evecca (จีน)",G51+ROUND(G52*B2*2/100,0)+G53+IF(B53="มี",G54,0),(G55+G56+ROUND(G57*B2/100,0)+IF(B54="มี",G58,0)+IF(B55="มี",G59,0))*IF(B5="เปิดคู่กลาง",1,MIN(B4,3)))) | F57: ราง/ม | G57: =INDEX(ราคาออโต้!$C:$C,MATCH("ราง ช่างแซก",ราคาออโต้!$B:$B,0))
F58: Touch | G58: =INDEX(ราคาออโต้!$C:$C,MATCH("ออป Touch Switch (ช่างแซก)",ราคาออโต้!$B:$B,0))
F59: Infrared | G59: =INDEX(ราคาออโต้!$C:$C,MATCH("ออป Infrared (ช่างแซก)",ราคาออโต้!$B:$B,0))
A61: — มุ้ง (ออปชั่น) — บวกเข้าทุน —
A62: เลือกมุ้ง → | B62: ไม่มีมุ้ง | C62: =IF(B62="ไม่มีมุ้ง","—",IF(H63=1,"✓ ใช้ได้","⚠ ใช้กับบานนี้ไม่ได้(ทุน=0)")) | D62: =IF(B62="ไม่มีมุ้ง","",H68&" บาน") | H62: =IFERROR(VLOOKUP(B62,ราคามุ้ง!$A$2:$O$15,3,0),"")
A63: ชนิดผ้า / สี → | B63: ไฟเบอร์ | C63: เทา | H63: =IF(B62="ไม่มีมุ้ง",0,IF(OR(IFERROR(VLOOKUP(B62,ราคามุ้ง!$A$2:$O$15,4,0),"ALL")="ALL",ISNUMBER(SEARCH("ยูโร",IFERROR(VLOOKUP(B62,ราคามุ้ง!$A$2:$O$15,4,0),"")))),1,0))
A64: › เสา (เส้น 6ม.) | B64: =IF(AND(H63=1,H64=1),ROUND(H68*2*H67/6,2),0) | C64: =IF(B62="มุ้งเฟรมเล็ก",'ราคามุ้ง'!$B$19,IF(B62="มุ้งเฟรมใหญ่",ROUND(C11*mult_euro,0),IF(B62="มุ้งนิรภัย",'ราคามุ้ง'!$B$21,0))) | D64: =ROUND(B64*C64,0) | H64: =IF(OR(B62="มุ้งเฟรมเล็ก",B62="มุ้งเฟรมใหญ่",B62="มุ้งนิรภัย"),1,0)
A65: › ขวาง (เส้น 6ม.) | B65: =IF(AND(H63=1,H64=1),ROUND(H68*2*H66/6,2),0) | C65: =IF(B62="มุ้งเฟรมเล็ก",'ราคามุ้ง'!$B$19,IF(B62="มุ้งเฟรมใหญ่",ROUND(C11*mult_euro,0),IF(B62="มุ้งนิรภัย",'ราคามุ้ง'!$B$21,0))) | D65: =ROUND(B65*C65,0) | H65: =IFERROR(VLOOKUP(B63,ราคามุ้ง!$I$2:$J$5,2,0),0)
A66: › ยางอัด (ม.) | B66: =IF(AND(H63=1,H64=1),ROUND(H68*2*(H66+H67),2),0) | C66: ='ราคามุ้ง'!$D$19 | D66: =ROUND(B66*C66,0) | H66: =B2/(B4*100)
A67: › ผ้า / มุ้งสำเร็จ | B67: =IF(H63=0,0,ROUND(H68*H66*H67,2)) | C67: =IF(B62="มุ้งนิรภัย",650,IF(OR(B62="มุ้งเฟรมเล็ก",B62="มุ้งเฟรมใหญ่"),H65,IF(H62="ซื้อสำเร็จ",IFERROR(VLOOKUP(B62,ราคามุ้ง!$A$2:$O$15,2,0),0),0))) | D67: =ROUND(B67*C67,0) | H67: =B3/100
A68: › ค่าแรงผลิตมุ้ง | D68: =IF(H63=0,0,ROUND(H68*(VLOOKUP(B62,ราคามุ้ง!$A$2:$O$15,12,0)+VLOOKUP(B62,ราคามุ้ง!$A$2:$O$15,13,0)*H66*H67),0)) | H68: =IF(AND(B5="อิสระ",B4=2),1,F2)
A69: › ค่าแรงติดตั้งมุ้ง | D69: =IF(H63=0,0,ROUND(H68*(VLOOKUP(B62,ราคามุ้ง!$A$2:$O$15,14,0)+VLOOKUP(B62,ราคามุ้ง!$A$2:$O$15,15,0)*H66*H67),0))
A70: รวมราคามุ้ง (บวกเข้าทุนแล้ว) | D70: =SUM(D64:D69)
A78: 🔍 แยกก้อนต้นทุน
A79: ทุนอลู (×ราคา/กก.) | B79: =D11+D13+D14+D15+D16+D17+D18+D19+D20+D21+D22+D23+D24+D25+D34
A80: ทุนกระจก | B80: =D12+D26
A81: ทุนอุปกรณ์+ซิลิโคน | B81: =D27+D28+D29+D30+D31+D32+D33+D35
A82: รวมวัสดุ | B82: =B79+B80+B81

Sheet คิดทุน SlimLux
A1: คิดทุนบานเลื่อน SlimLux — เลือกรูปแบบ + จำนวนบาน | H1: 🏠 สารบัญ | AA1: เทมเปอร์ 6มม.
A2: รูปแบบ → | B2: อิสระ | E2: =B2&"-"&B3 | AA2: เทมเปอร์ใสพิเศษ 6มม.
A3: จำนวนบาน → | B3: 2 | C3: =IF(ISNA(MATCH(E2,G41:G48,0)),"⚠ "&B2&" "&B3&" บาน ไม่มีในระบบ — อิสระ 2-5 · ลากจูง 3-5 · เปิดคู่กลาง 4,6","") | AA3: เทมเปอร์ฝ้า 6มม.
A4: กว้างรวม (ซม.) → | B4: 200 | AA4: เทมเปอร์ฝ้า 8มม.
A5: สูง (ซม.) → | B5: 200 | AA5: เทมเปอร์ยูโรเกรย์ 4มม.
A6: พื้นที่ (ตร.ม.) = | B6: =(B4/100)*(B5/100) | AA6: เทมเปอร์ยูโรเกรย์ 5มม.
A7: มือจับ → | B7: มือจับล็อค | AA7: เทมเปอร์ยูโรเกรย์ 6มม.
A8: บวกกำไร % → | B8: 100 | AA8: เทมเปอร์ยูโรบรอนซ์ 5มม.
A9: ราคาซิลิโคน/หลอด → | B9: 90 | AA9: เทมเปอร์ยูโรบรอนซ์ 6มม.
A10: กระจก → | B10: เทมเปอร์ 6มม. | C10: =INDEX(ราคาวัสดุกลาง!$I$2:$I$106,MATCH(B10,ราคาวัสดุกลาง!$H$2:$H$106,0)) | D10: ← ราคากระจก/ตร.ม. (อัตโนมัติ) | E10: สี → | F10: สีอบขาว/ดำ | AA10: เทมเปอร์ reflective เทา 6มม.
A11: วัสดุ | B11: จำนวน | C11: ราคา/หน่วย | D11: ทุน(บาท) | AA11: เทมเปอร์ reflective เขียว 6มม.
A12: ขวางบน/ล่าง (WM-K04) | B12: =(IFERROR('SlimLux_ตัด'!E22*'SlimLux_ตัด'!F22,0))/640*buf_scrap | C12: =IF(F10="สีอบขาว/ดำ",750,IF(F10="เทาซาฮาร่า",750+rate_grey*4.7,750+IF(F10="สีอบพิเศษ",rate_special,rate_woodbake)*4.7)) | D12: =B12*C12*mult_slim | AA12: เทมเปอร์ reflective ฟ้า 6มม.
A13: เสาบาน (WM-K01) | B13: =(IFERROR('SlimLux_ตัด'!E23*'SlimLux_ตัด'!F23,0))/640*buf_scrap | C13: =IF(F10="สีอบขาว/ดำ",850,IF(F10="เทาซาฮาร่า",850+rate_grey*2.95,850+IF(F10="สีอบพิเศษ",rate_special,rate_woodbake)*2.95)) | D13: =B13*C13*mult_slim | AA13: เทมเปอร์ 8มม.
A14: ตบเรียบ (WM-K02) | B14: =(IFERROR('SlimLux_ตัด'!E24*'SlimLux_ตัด'!F24,0)+IFERROR('SlimLux_ตัด'!E25*'SlimLux_ตัด'!F25,0))/640*buf_scrap | C14: =IF(F10="สีอบขาว/ดำ",343,IF(F10="เทาซาฮาร่า",343+rate_grey*1.57,343+IF(F10="สีอบพิเศษ",rate_special,rate_woodbake)*1.57)) | D14: =B14*C14*mult_slim | AA14: เทมเปอร์สีชาดำ 6มม.
A15: ตบเกี่ยว (WM-K03) | B15: =(IFERROR('SlimLux_ตัด'!E26*'SlimLux_ตัด'!F26,0))/640*buf_scrap | C15: =IF(F10="สีอบขาว/ดำ",343,IF(F10="เทาซาฮาร่า",343+rate_grey*1.69,343+IF(F10="สีอบพิเศษ",rate_special,rate_woodbake)*1.69)) | D15: =B15*C15*mult_slim | AA15: เทมเปอร์สีฟ้า 6มม.
A16: รางแขวน (WM-K15) | B16: =(IFERROR('SlimLux_ตัด'!E19*'SlimLux_ตัด'!F19,0))/640*buf_scrap | C16: 988 | D16: =B16*C16 | AA16: เทมเปอร์ใสพิเศษ 8มม.
A17: ฝาล่างเล็ก (WM-K20) | B17: =(IFERROR('SlimLux_ตัด'!E29*'SlimLux_ตัด'!F29,0)+IFERROR('SlimLux_ตัด'!E30*'SlimLux_ตัด'!F30,0))/640*buf_scrap | C17: =IF(F10="สีอบขาว/ดำ",197,IF(F10="เทาซาฮาร่า",197+rate_grey*0.5,197+IF(F10="สีอบพิเศษ",rate_special,rate_woodbake)*0.5)) | D17: =B17*C17*mult_slim | AA17: เทมเปอร์ใส 6มม.
A18: บังใบ 4หุน | B18: =(IFERROR('SlimLux_ตัด'!E21*'SlimLux_ตัด'!F21,0))/640*buf_scrap | C18: 170 | D18: =B18*C18*mult_slim | AA18: เทมเปอร์ใส 8มม.
A19: ฉากปิดราง | B19: =(IFERROR('SlimLux_ตัด'!E28*'SlimLux_ตัด'!F28,0))/640*buf_scrap | C19: =IF(F10="สีอบขาว/ดำ",320,IF(F10="เทาซาฮาร่า",320+rate_grey*1,320+IF(F10="สีอบพิเศษ",rate_special,rate_woodbake)*1)) | D19: =B19*C19*mult_slim | AA19: เทมเปอร์ยูโรบรอนซ์ 8มม.
A20: กล่องเฟรม/คาน | B20: =(IFERROR('SlimLux_ตัด'!E18*'SlimLux_ตัด'!F18,0)+IFERROR('SlimLux_ตัด'!E20*'SlimLux_ตัด'!F20,0))/640*buf_scrap | C20: =IF(F10="สีอบขาว/ดำ",1400,IF(F10="เทาซาฮาร่า",1400+rate_grey*5.98,1400+IF(F10="สีอบพิเศษ",rate_special,rate_woodbake)*5.98)) | D20: =B20*C20*mult_slim | AA20: เทมเปอร์ใสพ่นสีขาว 6มม.
AA21: เทมเปอร์ใสพ่นสีขาว 8มม.
A23: ตัวต่อ+สักหลาด (ชุด) | B23: =IFERROR(INDEX($T$40:$T$48,MATCH($E$2,$G$40:$G$48,0)),0) | C23: 100 | D23: =B23*C23
A24: ข้อต่อบาน | B24: =IFERROR(INDEX($U$40:$U$48,MATCH($E$2,$G$40:$G$48,0)),0) | C24: 42 | D24: =B24*C24
A25: ล้อล่าง (ตัว) | B25: =IFERROR(INDEX($V$40:$V$48,MATCH($E$2,$G$40:$G$48,0)),0) | C25: 100 | D25: =B25*C25
A26: soft close (ชุด) | B26: =IFERROR(INDEX($W$40:$W$48,MATCH($E$2,$G$40:$G$48,0)),0) | C26: 650 | D26: =B26*C26
A27: สลิง (ชุด) | B27: =IFERROR(INDEX($X$40:$X$48,MATCH($E$2,$G$40:$G$48,0)),0) | C27: 700 | D27: =B27*C27
A28: มือจับ | B28: =IFERROR(INDEX($S$40:$S$48,MATCH($E$2,$G$40:$G$48,0)),0) | C28: =IF(B7="มือจับล็อค",200,IF(B7="X-J",860,0)) | D28: =B28*C28 | E28: มือจับล็อค=200/ชุด · X-J=860/บาน · ลูกค้าเตรียมเอง=0
A29: ซิลิโคน (หลอด) | B29: =ROUNDUP(2*(B4+B5)/100*2/12.5,0) | C29: =B9 | D29: =B29*C29
A30: กระจก (ตร.ม.) | B30: =B6 | C30: =INDEX(ราคาวัสดุกลาง!$I$2:$I$106,MATCH(B10,ราคาวัสดุกลาง!$H$2:$H$106,0)) | D30: =B30*C30
A31: ค่าเปิดตู้อบ | B31: =IF(OR(F10="สีอบพิเศษ",F10="สีลายไม้อบพิเศษ"),1,0) | C31: 2000 | D31: =B31*C31 | E31: สีอบพิเศษ / ลายไม้อบพิเศษ เท่านั้น
A32: ทุนรวม | D32: =SUM(D12:D31)+D58+D63+D64+D65+D66 | E32: =IF(COUNTIFS(B12:B31,">0",C12:C31,0)+COUNTIFS(B12:B31,">0",C12:C31,"")>0,"⚠ ราคาบางรายการ = 0 (เช็ค dropdown/รหัส)","✅ ราคาครบ")
A33: ทุน/ตร.ม. | D33: =IFERROR(D32/B6,0)
A34: ราคาขาย/ตร.ม. (markup%) | D34: =ROUNDUP(D32*(1+B8/100)/100,0)*100
A35: ราคาขายรวม/ชุด | D35: =D34
A36: %กำไรจริง (บนทุน) | D36: =IFERROR((D34-D32)/D32,0)
A37: อิสระ: 2/3/4/5 บาน · ลากจูง: 3/4/5 บาน · เปิดคู่กลาง: 4/6 บาน
A39: — ผูกค่าแรง (ราคาขายรวมค่าแรง) —
A40: ค่าแรงผลิต (จากชีทค่าแรง) | D40: =MAX(0,VLOOKUP("SlimLux",'ค่าแรง'!$A$12:$E$27,2,0)+VLOOKUP("SlimLux",'ค่าแรง'!$A$12:$E$27,3,0)*B6)
A41: ค่าแรงติดตั้ง (จากชีทค่าแรง) | D41: =MAX(0,VLOOKUP("SlimLux",'ค่าแรง'!$A$12:$E$27,4,0)+VLOOKUP("SlimLux",'ค่าแรง'!$A$12:$E$27,5,0)*B6) | G41: อิสระ-2 | H41: 1 | I41: 2 | J41: 1 | K41: 1 | L41: 1 | M41: 1 | N41: 1 | O41: 1 | P41: 2 | Q41: 2 | R41: 1 | S41: 2 | T41: 1 | U41: 8 | V41: 4 | W41: 2 | X41: 0
A42: กำไรติดตั้ง % → | B42: 100 | G42: อิสระ-3 | H42: 1 | I42: 3 | J42: 1 | K42: 2 | L42: 2 | M42: 2 | N42: 1 | O42: 1 | P42: 2 | Q42: 2 | R42: 1 | S42: 1 | T42: 1 | U42: 12 | V42: 6 | W42: 2 | X42: 1
A43: ราคาขาย ผลิตอย่างเดียว | D43: =ROUNDUP((D32+D40+D67)*(1+B8/100)/100,0)*100 | G43: อิสระ-4 | H43: 2 | I43: 4 | J43: 1 | K43: 3 | L43: 3 | M43: 2 | N43: 2 | O43: 2 | P43: 2 | Q43: 2 | R43: 1 | S43: 1 | T43: 1 | U43: 16 | V43: 8 | W43: 2 | X43: 1
A44: ราคาขาย ผลิต+ติดตั้ง | D44: =D43+ROUNDUP((D41+D68)*(1+B42/100)/100,0)*100 | G44: อิสระ-5 | H44: 2 | I44: 5 | J44: 1 | K44: 4 | L44: 4 | M44: 2 | N44: 3 | O44: 2 | P44: 3 | Q44: 2 | R44: 2 | S44: 1 | T44: 1 | U44: 20 | V44: 10 | W44: 2 | X44: 1
A45: %กำไรจริง (ผลิต+ติดตั้ง) | D45: =(D44-(D32+D40+D41+D67+D68))/(D32+D40+D41+D67+D68) | G45: ลากจูง-3 | H45: 1 | I45: 3 | J45: 1 | K45: 1 | L45: 2 | M45: 1 | N45: 1 | O45: 1 | P45: 2 | Q45: 1 | R45: 1 | S45: 1 | T45: 1 | U45: 8 | V45: 4 | W45: 1 | X45: 1
G46: ลากจูง-4 | H46: 2 | I46: 4 | J46: 1 | K46: 2 | L46: 3 | M46: 2 | N46: 2 | O46: 2 | P46: 2 | Q46: 1 | R46: 1 | S46: 1 | T46: 1 | U46: 12 | V46: 6 | W46: 1 | X46: 1
G47: ลากจูง-5 | H47: 2 | I47: 5 | J47: 1 | K47: 3 | L47: 4 | M47: 2 | N47: 2 | O47: 2 | P47: 2 | Q47: 1 | R47: 2 | S47: 1 | T47: 1 | U47: 16 | V47: 8 | W47: 1 | X47: 1
G48: เปิดคู่กลาง-4 | H48: 2 | I48: 4 | J48: 2 | K48: 2 | L48: 2 | M48: 1 | N48: 2 | O48: 2 | P48: 2 | Q48: 2 | R48: 1 | S48: 2 | T48: 1 | U48: 8 | V48: 4 | W48: 2 | X48: 0
G49: เปิดคู่กลาง-6 | H49: 2 | I49: 6 | J49: 2 | K49: 4 | L49: 4 | M49: 2 | N49: 3 | O49: 2 | P49: 2 | Q49: 2 | R49: 1 | S49: 2 | T49: 1 | U49: 16 | V49: 8 | W49: 2 | X49: 1
A51: — ชุด auto (ออปชั่น) — บวกเข้าทุน × กำไร%
A52: ใส่ auto? → | B52: ไม่มี
A53: ชุด auto → | B53: ชุด SlimLux
A54: ออป SlimLux (บังคับเลือก1) → | B54: สแกนหน้า
A55: ออป Touch (ช่างแซก) → | B55: ไม่มี
A56: ออป Infrared (ช่างแซก) → | B56: ไม่มี
A58: ทุนชุด auto | D58: =IF(B52="ไม่มี",0,IF(B53="ชุด SlimLux",INDEX(ราคาออโต้!$C:$C,MATCH("ชุด SlimLux (บานแรก)",ราคาออโต้!$B:$B,0))+INDEX(ราคาออโต้!$C:$C,MATCH("บานเพิ่ม",ราคาออโต้!$B:$B,0))*(B3-1)+ROUND(INDEX(ราคาออโต้!$C:$C,MATCH("ราง SlimLux",ราคาออโต้!$B:$B,0))*B4/100*B3,0)+IF(B54="สแกนหน้า",INDEX(ราคาออโต้!$C:$C,MATCH("ออป สแกนหน้า (บังคับเลือก1)",ราคาออโต้!$B:$B,0)),INDEX(ราคาออโต้!$C:$C,MATCH("ออป Touch Switch (บังคับเลือก1)",ราคาออโต้!$B:$B,0)))+INDEX(ราคาออโต้!$D:$D,MATCH("ชุด SlimLux (บานแรก)",ราคาออโต้!$B:$B,0)),INDEX(ราคาออโต้!$C:$C,MATCH("ช่างแซก",ราคาออโต้!$B:$B,0))+INDEX(ราคาออโต้!$C:$C,MATCH("เซฟตี้ตาแมว (บังคับช่างแซก)",ราคาออโต้!$B:$B,0))+ROUND(INDEX(ราคาออโต้!$C:$C,MATCH("ราง ช่างแซก",ราคาออโต้!$B:$B,0))*B4/100,0)+IF(B55="มี",INDEX(ราคาออโต้!$C:$C,MATCH("ออป Touch Switch (ช่างแซก)",ราคาออโต้!$B:$B,0)),0)+IF(B56="มี",INDEX(ราคาออโต้!$C:$C,MATCH("ออป Infrared (ช่างแซก)",ราคาออโต้!$B:$B,0)),0)))
A60: — มุ้ง (ออปชั่น) — บวกเข้าทุน —
A61: เลือกมุ้ง → | B61: ไม่มีมุ้ง | C61: =IF(B61="ไม่มีมุ้ง","—",IF(AC62=1,"✓ ใช้ได้","⚠ ใช้กับบานนี้ไม่ได้(ทุน=0)")) | D61: =IF(B61="ไม่มีมุ้ง","",AC67&" บาน") | AC61: =IFERROR(VLOOKUP(B61,ราคามุ้ง!$A$2:$O$15,3,0),"")
A62: ชนิดผ้า / สี → | B62: ไฟเบอร์ | C62: เทา | AC62: =IF(B61="ไม่มีมุ้ง",0,IF(OR(IFERROR(VLOOKUP(B61,ราคามุ้ง!$A$2:$O$15,4,0),"ALL")="ALL",ISNUMBER(SEARCH("SlimLux",IFERROR(VLOOKUP(B61,ราคามุ้ง!$A$2:$O$15,4,0),"")))),1,0))
A63: › เสา (เส้น 6ม.) | B63: =IF(AND(AC62=1,AC63=1),ROUND(AC67*2*AC66/6,2),0) | C63: =IF(B61="มุ้งเฟรมเล็ก",'ราคามุ้ง'!$B$19,IF(B61="มุ้งเฟรมใหญ่",0,IF(B61="มุ้งนิรภัย",'ราคามุ้ง'!$B$21,0))) | D63: =ROUND(B63*C63,0) | AC63: =IF(OR(B61="มุ้งเฟรมเล็ก",B61="มุ้งเฟรมใหญ่",B61="มุ้งนิรภัย"),1,0)
A64: › ขวาง (เส้น 6ม.) | B64: =IF(AND(AC62=1,AC63=1),ROUND(AC67*2*AC65/6,2),0) | C64: =IF(B61="มุ้งเฟรมเล็ก",'ราคามุ้ง'!$B$19,IF(B61="มุ้งเฟรมใหญ่",0,IF(B61="มุ้งนิรภัย",'ราคามุ้ง'!$B$21,0))) | D64: =ROUND(B64*C64,0) | AC64: =IFERROR(VLOOKUP(B62,ราคามุ้ง!$I$2:$J$5,2,0),0)
A65: › ยางอัด (ม.) | B65: =IF(AND(AC62=1,AC63=1),ROUND(AC67*2*(AC65+AC66),2),0) | C65: ='ราคามุ้ง'!$D$19 | D65: =ROUND(B65*C65,0) | AC65: =IF(AC67>0,B4/(AC67*100),0)
A66: › ผ้า / มุ้งสำเร็จ | B66: =IF(AC62=0,0,ROUND(AC67*AC65*AC66,2)) | C66: =IF(B61="มุ้งนิรภัย",650,IF(OR(B61="มุ้งเฟรมเล็ก",B61="มุ้งเฟรมใหญ่"),AC64,IF(AC61="ซื้อสำเร็จ",IFERROR(VLOOKUP(B61,ราคามุ้ง!$A$2:$O$15,2,0),0),0))) | D66: =ROUND(B66*C66,0) | AC66: =B5/100
A67: › ค่าแรงผลิตมุ้ง | D67: =IF(AC62=0,0,ROUND(AC67*(VLOOKUP(B61,ราคามุ้ง!$A$2:$O$15,12,0)+VLOOKUP(B61,ราคามุ้ง!$A$2:$O$15,13,0)*AC65*AC66),0)) | AC67: =IF(AND(B2="อิสระ",B3=2),1,IF(B2="อิสระ",B3,IF(B2="ลากจูง",B3-1,B3-2)))
A68: › ค่าแรงติดตั้งมุ้ง | D68: =IF(AC62=0,0,ROUND(AC67*(VLOOKUP(B61,ราคามุ้ง!$A$2:$O$15,14,0)+VLOOKUP(B61,ราคามุ้ง!$A$2:$O$15,15,0)*AC65*AC66),0))
A69: รวมราคามุ้ง (บวกเข้าทุนแล้ว) | D69: =SUM(D63:D68)
A77: 🔍 แยกก้อนต้นทุน
A78: ทุนอลู (×ราคา/กก.) | B78: =D12+D13+D14+D15+D16+D17+D18+D19+D20
A79: ทุนกระจก | B79: =D30
A80: ทุนอุปกรณ์+ซิลิโคน | B80: =D21+D22+D23+D24+D25+D26+D27+D28+D29+D31
A81: รวมวัสดุ | B81: =B78+B79+B80

Sheet คิดทุน บานเลื่อนรางบน
A1: คิดทุน บานเลื่อนรางบน (Hafele · เลื่อนซ้อน) — ข้อ14 | G1: 🏠 สารบัญ
A2: กว้างช่อง (ซม.) → | B2: 360 | E2: กว้าง/บาน= | F2: =B2/B4
A3: สูงช่อง (ซม.) → | B3: 240 | E3: พื้นที่ ตร.ม.= | F3: =(B2/100)*(B3/100)
A4: จำนวนบาน → | B4: 2 | E4: ราง/บาน (เส้น6ม.)= | F4: =ROUNDUP(B2*2/600,0)
A5: สีอลู → | B5: สีอบขาว/ดำ | E5: ราคากระจก/ตร.ม.= | F5: =INDEX(ราคาวัสดุกลาง!$I$2:$I$106,MATCH(B6,ราคาวัสดุกลาง!$H$2:$H$106,0))
A6: กระจก → | B6: เขียว 6มม. | E6: สีพิเศษ?= | F6: =IF(OR(B5="สีอบพิเศษ",B5="สีลายไม้อบพิเศษ"),1,0)
A7: บวกกำไร % → | B7: 100 | E7: เสากุญแจ/เส้น(สี)= | F7: =IF(B5="สีอบขาว/ดำ",IFERROR(VLOOKUP("B20051",ราคาสี!$A:$D,4,0),885),IF(OR(B5="เทาซาฮาร่า",B5="สีดำซาฮาร่า"),VLOOKUP("B20051",ราคาสี!$A:$F,5,0),IF(B5="ลายไม้ stock",VLOOKUP("B20051",ราคาสี!$A:$H,8,0),IFERROR(VLOOKUP("B20051",ราคาสี!$A:$D,4,0),885)+IF(B5="สีอบพิเศษ",rate_special,rate_woodbake)*4.91667)))
A8: ราคาซิลิโคน/หลอด → | B8: 90 | E8: ปัจจัยสีกล่อง= | F8: =IF(B5="สีอบขาว/ดำ",mult_mtong,IF(OR(B5="เทาซาฮาร่า",B5="สีดำซาฮาร่า"),mult_mtong+rate_grey/192,IF(B5="ลายไม้ stock",mult_mtong+rate_woodstock/192,IF(B5="สีอบพิเศษ",mult_mtong+rate_special/192,mult_mtong+rate_woodbake/192))))
A10: รายการวัสดุ | B10: จำนวน | C10: ราคา/หน่วย | D10: ทุน (บาท)
A11: รางบน Hafele (กว้าง×2/บาน · เส้น6ม.) | B11: =F4*B4 | C11: 2010 | D11: =B11*C11
A12: ล้อ Hafele (1 กล่อง/บาน) | B12: =B4 | C12: 1170 | D12: =B12*C12
A13: เสารับ 1"×4" (1 ต้น · ยาว=สูง) | B13: =(B3/600)*buf_scrap | C13: =ROUND(905*$F$8/5,0)*5 | D13: =B13*C13
A14: คานรับราง 1.6"×4" (1 เส้น · ยาว=ราง) | B14: =(B2*2/600)*buf_scrap | C14: =ROUND(1220*$F$8/5,0)*5 | D14: =B14*C14
A15: กรอบบาน เสากุญแจ 20051 (รอบ4ด้าน×บาน) | B15: =(2*(B2+B4*B3)/600)*buf_scrap | C15: =ROUND(F7*mult_sms/5,0)*5 | D15: =B15*C15
A16: กระจก (ตร.ม.) | B16: =F3 | C16: =F5 | D16: =B16*C16
A17: ชนกลางรับบาน (1 ท่อน · ยาว=สูง) | B17: =(B3/600)*buf_scrap | C17: =ROUND(300*$F$8/5,0)*5 | D17: =B17*C17
A18: ฉาก 4" ปิดราง (2 ท่อน · ยาว=ราง) | B18: =2*(B2*2/600)*buf_scrap | C18: =ROUND(280*$F$8/5,0)*5 | D18: =B18*C18
A19: มือจับ Align (2/บาน) | B19: =2*B4 | C19: 99 | D19: =B19*C19
A20: ชุดล็อค (1/บาน) | B20: =B4 | C20: 189 | D20: =B20*C20
A21: ซิลิโคน (หลอด) ใน+นอก | B21: =ROUNDUP(2*(B2+B3)/100*2/12.5,0) | C21: =B8 | D21: =B21*C21
A22: ค่าเปิดตู้อบ (สีพิเศษ) | B22: =F6 | C22: 2000 | D22: =B22*C22
A23: ทุนรวม | D23: =SUM(D11:D22)
A24: ทุน/ตร.ม. | D24: =IFERROR(ROUND(D23/F3,0),0)
A25: ราคาขาย/ตร.ม. (ทุน+กำไร%) | D25: =ROUNDUP(D23*(1+B7/100)/100,0)*100
A26: ราคาขายรวม/ชุด | D26: =D25*F3
A27: %กำไรจริง | D27: =IFERROR((D25-D23/F3)/(D23/F3),0)
A28: หมายเหตุ: เพิ่มบาน=เพิ่มราง+ล้อ (รางบน 1 บาน/ราง) · ราง/ฉาก/คานคิดเส้น 6ม. · เสากุญแจ20051 คิด นน.×ราคา/กก.(mult_sms) ราคาสีในช่อง F7 · ค่าแรงยังไม่รวม (รอเรต)
A30: — ค่าแรง (ผลิต 6ชม×1 · ติดตั้ง 2คน×4ชม · เพิ่ม/ตร.ม. อ้าง SMS) —
A31: ค่าแรงผลิต | D31: =MAX(0,VLOOKUP("บานเลื่อนรางบน",ค่าแรง!$A$12:$E$28,2,0)+VLOOKUP("บานเลื่อนรางบน",ค่าแรง!$A$12:$E$28,3,0)*F3)
A32: ค่าแรงติดตั้ง | D32: =MAX(0,VLOOKUP("บานเลื่อนรางบน",ค่าแรง!$A$12:$E$28,4,0)+VLOOKUP("บานเลื่อนรางบน",ค่าแรง!$A$12:$E$28,5,0)*F3)
A33: ราคาขาย ผลิต+ติดตั้ง (ทุน×2) | D33: =ROUNDUP((D23+D31+D32)*(1+B7/100)/100,0)*100
A41: 🔍 แยกก้อนต้นทุน
A42: ทุนอลู (×ราคา/กก.) | B42: =D11+D12+D13+D14+D15+D18+D21
A43: ทุนกระจก | B43: =D16
A44: ทุนอุปกรณ์+ซิลิโคน | B44: =D17+D19+D20+D22
A45: รวมวัสดุ | B45: =B42+B43+B44

Sheet คิดทุน บานเปิด
A1: คิดทุนบานเปิด (Fuji, ขาวดำ) — นับเส้นเต็ม | G1: 🏠 สารบัญ
A3: กว้างรวม (ซม.) → | B3: 150
A4: สูง (ซม.) → | B4: 200
A5: จำนวนบาน → | B5: 1
A6: ธรณี (มี/ไม่มี) → | B6: มี
A7: พื้นที่ (ตร.ม.) = | B7: =(B3/100)*(B4/100)
A8: บวกกำไร % → | B8: 100
A9: ราคาซิลิโคน/หลอด → | B9: 90
A10: กระจก → | B10: เขียว 6มม. | C10: =INDEX(ราคาวัสดุกลาง!$I$2:$I$106,MATCH(B10,ราคาวัสดุกลาง!$H$2:$H$106,0)) | D10: ← ราคากระจก/ตร.ม. (อัตโนมัติ) | E10: สี → | F10: สีอบขาว/ดำ
A11: วัสดุ | B11: จำนวน | C11: ราคา/หน่วย | D11: ทุน(บาท)
A12: วงกบ 3 ด้าน F7859 | B12: =((B3+2*B4)/640)*buf_scrap | C12: =IF(F10="สีอบขาว/ดำ",IFERROR(VLOOKUP("F7859",ราคาสี!$A:$D,4,0),1100),IF(OR(F10="เทาซาฮาร่า",F10="สีดำซาฮาร่า"),VLOOKUP("F7859",ราคาสี!$A:$F,5,0),IF(F10="แอทแทคเกรย์",VLOOKUP("F7859",ราคาสี!$A:$J,7,0),IF(F10="ลายไม้สักทอง",(VLOOKUP("F7859",ราคาสี!$A:$H,8,0)*mult_wood/mult_euro),IF(F10="ลายไม้มะฮอกกานี",(VLOOKUP("F7859",ราคาสี!$A:$J,9,0)*mult_wood/mult_euro),IF(F10="ลายไม้ไวท์โอ๊ค",(VLOOKUP("F7859",ราคาสี!$A:$J,10,0)*mult_wood/mult_euro),IFERROR(VLOOKUP("F7859",ราคาสี!$A:$D,4,0),1100)+IF(F10="สีอบพิเศษ",rate_special,rate_woodbake)*6.11111)))))) | D12: =B12*C12*mult_euro
A13: ธรณี F7938B | B13: =IF(B6="มี",(B3/640)*buf_scrap,0) | C13: =IF(F10="สีอบขาว/ดำ",IFERROR(VLOOKUP("F7938B",ราคาสี!$A:$D,4,0),1400),IF(OR(F10="เทาซาฮาร่า",F10="สีดำซาฮาร่า"),VLOOKUP("F7938B",ราคาสี!$A:$F,5,0),IF(F10="แอทแทคเกรย์",VLOOKUP("F7938B",ราคาสี!$A:$J,7,0),IF(F10="ลายไม้สักทอง",(VLOOKUP("F7938B",ราคาสี!$A:$H,8,0)*mult_wood/mult_euro),IF(F10="ลายไม้มะฮอกกานี",(VLOOKUP("F7938B",ราคาสี!$A:$J,9,0)*mult_wood/mult_euro),IF(F10="ลายไม้ไวท์โอ๊ค",(VLOOKUP("F7938B",ราคาสี!$A:$J,10,0)*mult_wood/mult_euro),IFERROR(VLOOKUP("F7938B",ราคาสี!$A:$D,4,0),1400)+IF(F10="สีอบพิเศษ",rate_special,rate_woodbake)*7.77778)))))) | D13: =B13*C13*mult_euro
A14: ตบธรณี F7960 | B14: =IF(B6="มี",(B3/640)*buf_scrap,0) | C14: =IF(F10="สีอบขาว/ดำ",IFERROR(VLOOKUP("F7960",ราคาสี!$A:$D,4,0),575),IF(OR(F10="เทาซาฮาร่า",F10="สีดำซาฮาร่า"),VLOOKUP("F7960",ราคาสี!$A:$F,5,0),IF(F10="แอทแทคเกรย์",VLOOKUP("F7960",ราคาสี!$A:$J,7,0),IF(F10="ลายไม้สักทอง",(VLOOKUP("F7960",ราคาสี!$A:$H,8,0)*mult_wood/mult_euro),IF(F10="ลายไม้มะฮอกกานี",(VLOOKUP("F7960",ราคาสี!$A:$J,9,0)*mult_wood/mult_euro),IF(F10="ลายไม้ไวท์โอ๊ค",(VLOOKUP("F7960",ราคาสี!$A:$J,10,0)*mult_wood/mult_euro),IFERROR(VLOOKUP("F7960",ราคาสี!$A:$D,4,0),575)+IF(F10="สีอบพิเศษ",rate_special,rate_woodbake)*3.19444)))))) | D14: =B14*C14*mult_euro
A15: เสริมใต้บาน F7863 | B15: =IF(B6="ไม่มี",(B3/640)*buf_scrap,0) | C15: =IF(F10="สีอบขาว/ดำ",435,IF(OR(F10="เทาซาฮาร่า",F10="สีดำซาฮาร่า"),435+rate_grey*2.41667,IF(F10="แอทแทคเกรย์",435+rate_grey*2.41667,IF(F10="ลายไม้สักทอง",645,IF(F10="ลายไม้มะฮอกกานี",645,IF(F10="ลายไม้ไวท์โอ๊ค",645,435+IF(F10="สีอบพิเศษ",rate_special,rate_woodbake)*2.41667)))))) | D15: =B15*C15*mult_euro
