Workbook
Name buf_roof: อัปเดตราคาอลู!$B$23
Name buf_scrap: อัปเดตราคาอลู!$B$22
Name ClothList: ราคามุ้ง!$I$2:$I$5
Name GlassNames: ราคากระจก!$A$3:$A$112
Name mult_euro: อัปเดตราคาอลู!$C$5
Name mult_mtong: อัปเดตราคาอลู!$C$8
Name mult_slim: อัปเดตราคาอลู!$C$6
Name mult_sms: อัปเดตราคาอลู!$C$4
Name mult_velora: อัปเดตราคาอลู!$C$7
Name mult_wood: อัปเดตราคาอลู!$C$20
Name MungList: ราคามุ้ง!$G$1:$G$15
Name MungReady: ราคามุ้ง!$G$1:$G$12
Name rate_anodize: อัปเดตราคาอลู!$B$18
Name rate_grey: อัปเดตราคาอลู!$B$13
Name rate_special: อัปเดตราคาอลู!$B$14
Name rate_woodbake: อัปเดตราคาอลู!$B$15
Name rate_woodstock: อัปเดตราคาอลู!$B$16
Name SlimLuxGlass: 'คิดทุน SlimLux'!$AA$1:$AA$21

Sheet สารบัญ
B1: 📑 สารบัญ — กดลิงก์กระโดดไปหน้าที่ต้องการ
B2: 🟡 เหลือง = แก้ราคาที่นี่ (แก้แล้วทุกชีทขยับเอง) ⬜ เทา = ดูอย่างเดียว ห้ามแก้
B3: 🔶 ปรับราคา / ค่าวัสดุ — 🟡 เหลือง = แก้ราคาที่นี่ ทุกชีทขยับเอง
B4: ▶ อัปเดตราคาอลู | C4: ราคาอลู/กก. ทุกแบรนด์ + ค่าอบสี ★
B5: ▶ ราคาสี | C5: ราคาสีอบ / เทาซาฮาร่า / ลายไม้ — ราคา/เส้น
B6: ▶ ราคากระจก | C6: ราคากระจก 105 รุ่น (ทุน/ตร.ม.) + ประวัติราคาอยู่ด้านล่าง ★
B7: ▶ ราคาหลังคา | C7: แผ่นหลังคา ไวนิล/ดีไลท์/โพลีตัน/ชินโคร์/เมทัลชีท + ราง
B8: ▶ ราคาออโต้ | C8: มอเตอร์ / ชุดออโต้
B9: ▶ ราคามุ้ง | C9: มุ้งซื้อสำเร็จ + ค่าแรงติดตั้ง
B10: ▶ ราคาเหล็ก | C10: เหล็กกล่อง / ยูเหล็ก
B11: ▶ ราคางานเสริม | C11: งานเสริม ฝ้า/ผนัง/ไฟ
B12: ▶ ค่าแรง | C12: ค่าแรงผลิต + ติดตั้ง ทุกแบบ ★
B13: ▶ น้ำหนักโปรไฟล์ | C13: น้ำหนัก กก./เส้น ทุกโปรไฟล์
B14: ▶ ชีทอุปกรณ์ | C14: ราคาอุปกรณ์กลาง (บานพับ/ล้อ/มือจับ)
B15: ▶ ราคาฝ้าไม้เทียม | C15: ราคาฝ้าไม้เทียม 24 รุ่น 4 ร้าน
B16: ▶ บันทึกราคาขึ้น | C16: ประวัติการขึ้นราคา — 👁 ดูอย่างเดียว ไม่ใช่หน้าแก้ราคา
B18: 📊 สรุป / ภาพรวม
B19: ▶ หน้าตารางรวม | D19: ▶ สรุปงานเสริม | F19: ▶ สรุปค่าแรง
B21: 🚪 คิดทุน — ประตู / หน้าต่าง / บาน
B22: ▶ SMS | D22: ▶ ยูโร | F22: ▶ SlimLux
B23: ▶ Velora | D23: ▶ E-series | F23: ▶ PC Door
B24: ▶ บานเปิด | D24: ▶ กระทุ้ง | F24: ▶ บานยก
B25: ▶ บานหมุน | D25: ▶ บานเลื่อนรางบน | F25: ▶ บานระแนงเลื่อน
B26: ▶ เฟี้ยม | D26: ▶ เฟี้ยมยูโร | F26: ▶ เฟี้ยมยก
B27: ▶ ติดตาย | D27: ▶ บานโซลิด | F27: ▶ บานเปลือย
B28: ▶ บานตู้ Futuretech | D28: ▶ ชุด Shower | F28: ▶ ราวกันตก
B29: ▶ YKK / Tostem (บานสำเร็จ)
B31: 🌀 คิดทุน — ดัดโค้ง
B32: ▶ ตายดัดโค้ง | D32: ▶ เปิดดัดโค้ง
B34: ▦ คิดทุน — ระแนง / ประตูรั้ว
B35: ▶ ระแนง | D35: ▶ ระแนงสลับ | F35: ▶ ระแนงสลับ_ประตู
B36: ▶ ประตูรั้ว | D36: ▶ บานเกล็ด | F36: ▶ ระแนงหมุน
B38: 🏠 คิดทุน — หลังคา
B39: ▶ หลังคา (รวม) | D39: ▶ หลังคา 🔒 | F39: ▶ หลังคาจั่ว 🔒
B40: ▶ หลังคาเลื่อน 🔒
B42: 🧱 คิดทุน — ฝ้า / ผนัง / พื้น / งานไฟ
B43: ▶ ฝ้ายิปซัม | D43: ▶ ฝ้าไม้เทียม | F43: ▶ สีฝ้าไม้เทียม
B44: ▶ สมาร์ทบอร์ด | D44: ▶ สมาร์ทบอร์ดพื้น | F44: ▶ ไอโซวอล
B45: ▶ งานไฟ
B47: 📐 เทียบราคา / ตรวจสอบ
B48: ▶ เช็กขนาดกระจก
B51: 🧰 ชีทช่วยคำนวณ — 🔒 = ชีทถูกซ่อนอยู่ ต้องเลิกซ่อนก่อนถึงกดเข้าได้
B52: ▶ SlimLux_ตัด 🔒 | D52: ▶ Velora_ตัด 🔒
B54: 💡 ทุกชีทคิดทุนมีบล็อก ⚙ ตั้งค่ากำไร ท้ายชีท — แก้ % กำไร วัสดุ/ผลิต/ติดตั้ง ได้ที่นั่น
B56: 📖 วิธีใช้ v17 — อ่านตรงนี้ก่อน
B57: 🟡 ช่องเหลือง | C57: กรอกได้ — ขนาด/ตัวเลือกสินค้า และ "🎯 กำไรสุทธิที่ต้องการ %" ท้ายชีท
B58: ⬜ ช่องเทา | C58: คำนวณให้เอง — ล็อกไว้ กันกรอกผิดช่อง (เห็นได้ปกติ)
B59: ช่องอื่นที่ไม่ทาสี | C59: ล็อกทั้งหมด — ทุน ราคาขาย สูตร
B60: ชีทข้อมูลกลาง | C60: ไม่ล็อก — ราคาอลู · สี · กระจก · ค่าแรง · อุปกรณ์ แก้ได้ตามปกติ
B61: ถ้าจำเป็นต้องแก้ช่องล็อก | C61: Review › Unprotect Sheet (ไม่มีรหัสผ่าน)
B63: 🎯 กำไรสุทธิที่ต้องการ % | C63: กรอกช่องเดียว → กำไรวัสดุ/ผลิต/ติดตั้ง คำนวณให้เองตามสัดส่วนที่ตั้งไว้
C64: เป็นกำไร "หลังหักค่าดำเนินการ 30% แล้ว" — ตัวเลขที่เห็นคือกำไรจริง
C65: ค่าเริ่มต้นตั้งไว้เท่าของเดิมทุกชีท → เปิดมาราคาไม่ขยับสักบาท

Sheet อัปเดตราคาอลู
A1: ⚠️ แก้ราคาที่นี่ → 📈 อัปเดตราคาวัสดุ — กรอก "ราคา/กก. ตอนนี้" ทับเมื่อราคาขึ้น (วิธีที่ 1) | G1: 🏠 สารบัญ
A2: วันที่อัปเดตล่าสุด → | B2: 24/8/69 | C2: พิมพ์วันที่ทุกครั้งที่แก้ราคา/กก. → ชีทบันทึกราคาขึ้นดึงไปแสดงเอง
A3: แบรนด์ | B3: ราคาอลู/กก. ตอนนี้ | C3: ตัวคูณ | D3: ครอบคลุมบาน | F3: ตั้งต้น (ล็อก-อย่าแก้)
A4: SMS | B4: 187 | C4: =B4/F4 -> 1 | D4: SMS · E-series · บานเลื่อนรางบน · บานระแนงเลื่อน | F4: 187
A5: ยูโรฟูจิ | B5: 187 | C5: =B5/F5 -> 1 | D5: ยูโร · บานเปิด · บานหมุน · กระทุ้ง · เฟี้ยม · เฟี้ยมยูโร · เฟี้ยมยก · PC Door · บานยก · บานโซลิด | F5: 187
A6: SlimLux | B6: 164 | C6: =B6/F6 -> 1 | D6: SlimLux (อย่างเดียว) | F6: 164 | G6: ตั้งต้นคิดจากใบ KOYO: (764.8+480+272+284.8+868.8+84.8) ÷ 16.836 กก. = 163.7
A7: Velora | B7: 230 | C7: =B7/F7 -> 1 | D7: Velora (อย่างเดียว) | F7: 230 | G7: ตั้งต้นคิดจากใบ KOYO: (768+720) ÷ 6.462 กก. = 230.3
A8: เมืองทอง (กล่อง/ฉาก/Z) | B8: 188 | C8: =B8/F8 -> 1 | D8: ระแนง · ระแนงหมุน · ประตูรั้ว · บานเกล็ด · ติดตาย · บานเลื่อนรางบน · หลังคาทุกชีท · ลูกฟูก (บานโซลิด/บานระแนงเลื่อน) | F8: 188
A10: วิธีใช้: ร้านอลูขึ้นราคา → พิมพ์ราคา/กก. ใหม่ทับช่อง B (เช่น เมืองทอง 188→196) → ทุกโปรไฟล์แบรนด์นั้นขยับ % เท่ากันอัตโนมัติ
A12: ค่าอบสี / ลายไม้ — ราคา บาท/กก. (กรอกทับเมื่อขึ้น · ชุดเดียวทุกแบรนด์)
A13: เทาซาฮาร่า | B13: 100 | C13: ค่าอบเทา 100/กก. (ไม่มีค่าล้างสี)
A14: สีอบพิเศษ | B14: 173 | C14: 138 ค่าอบ + 35 ค่าล้างสี (พี่นัทเคาะ 18 มิ.ย.)
A15: สีลายไม้อบพิเศษ | B15: 190 | C15: 155 ค่าอบ + 35 ค่าล้างสี (พี่นัทเคาะ 18 มิ.ย.)
A16: ลายไม้ stock | B16: 112.5 | C16: factor กล่องเมืองทอง · SMS/ยูโร ลายไม้=ราคาตรงต่อเส้น
A17: ค่าเปิดตู้อบ | B17: 2000 | C17: บาท/งาน · เฉพาะสีอบพิเศษ/ลายไม้อบพิเศษ (คงที่ ไม่ขึ้นตาม กก.) · แก้ที่เดียว ทุกชีทขยับ
A18: ค่าชุบเหมา (อโนไดซ์) | B18: 200 | C18: บาท/กก. · บวกบนราคาขาว-ดำ · แก้ที่เดียว
A19: ── ตัวคูณลายไม้สต็อค (เส้น SMS/ยูโร) — แยกจากเนื้ออลู ──
A20: ลายไม้สต็อค บาท/กก. | B20: 277 | C20: =B20/F20 -> 1 | D20: ตอนนี้ 277 (ของจริง) ÷ ตั้งต้น 258 (ที่ฝังไว้) = ตัวคูณลายไม้ | F20: 277
A22: เผื่อเศษอลู (× ตัดเท่าไหร่คิดเท่านั้น) | B22: 1.3 | C22: แก้ที่เดียว · 1.30 = เผื่อเศษ 30%
A23: เผื่อเศษแผ่นหลังคา (ตัดเสีย/ซ้อนแผ่น) | B23: 1.2 | C23: 1.20 = เผื่อเศษ 20% · ใช้กับแผ่นหลังคาทุกชนิด — แก้ที่นี่ที่เดียว

Sheet ราคาสี
A1: ⚠️ แก้ราคาที่นี่ → ราคาสี/เส้น (จาก Stock.xlsx · ลายไม้เอา max กับที่น้องพิมพ์) — อบพิเศษ/ลายไม้พิเศษ คิดสูตร base+ค่าอบ×นน. · เพิ่มเมืองทอง/SlimLux/Velora/E-series (ราคาประเมิน นน×เรต+ค่าอบ) | K1: ⬛ ช่องเทา = ไม่มีสีนั้นขาย (ถ้าจะใช้ ให้เลือก "สีอบพิเศษ" ในดรอปดาวน์หน้าคิดทุน ระบบคิดค่าอบให้เอง) | L1: ⬅ คอลัมน์นี้บอกว่าราคาแถวนั้นถูกชีทไหนดึงไปใช้ · แถวสีแดง = ยังไม่มีชีทคิดทุนใช้ (แก้ไปก็ไม่มีอะไรขยับ) | M1: ⬇ ราคาปัจจุบัน (คิดตัวคูณจากหน้า "อัปเดตราคาอลู" ให้แล้ว) — ช่องเทา ห้ามพิมพ์ทับ · พิมพ์ราคา/กก. ใหม่ที่หน้าอัปเดตราคาอลู แล้วตัวเลขชุดนี้ขยับเอง
A2: รหัส | B2: ชื่อ | C2: ระบบ | D2: ขาว/ดำ | E2: เทาซาฮาร่า | F2: ดำซาฮาร่า | G2: แอทแทคเกรย์ | H2: ลายไม้สต็อค | I2: ลายไม้ มะฮอกกานี | J2: ลายไม้ ไวท์โอ๊ค | L2: ใช้ในชีทไหน | M2: ขาว/ดำ ตอนนี้ | N2: เทาซาฮาร่า ตอนนี้ | O2: ดำซาฮาร่า ตอนนี้ | P2: แอทแทคเกรย์ ตอนนี้ | Q2: ลายไม้สต็อค ตอนนี้ | R2: มะฮอกกานี ตอนนี้ | S2: ไวท์โอ๊ค ตอนนี้ | T2: ตัวคูณ
A3: B20001 | B3: เฟรมบนบานเลื่อน | C3: อลูมิเนียม sms | D3: 1265 | E3: 1375 | F3: =E3 -> 1375 | H3: 2050 | K3: หนา 1.5 มม. — KC SMS 16-05-26 | L3: SMS | M3: =IF($D$3="","",ROUND($D$3*mult_sms,0)) -> 1265 | N3: =IF($E$3="","",ROUND($E$3*mult_sms,0)) -> 1375 | O3: =IF($F$3="","",ROUND($F$3*mult_sms,0)) -> 1375 | P3: =IF($G$3="","",ROUND($G$3*mult_sms,0)) | Q3: =IF($H$3="","",ROUND($H$3*mult_wood,0)) -> 2050 | R3: =IF($I$3="","",ROUND($I$3*mult_wood,0)) | S3: =IF($J$3="","",ROUND($J$3*mult_wood,0)) | T3: =mult_sms -> 1
A4: B20002 | B4: เฟรมล่างบานเลื่อน | C4: อลูมิเนียม sms | D4: 1205 | E4: 1310 | F4: =E4 -> 1310 | H4: 1925 | L4: 🚫 เลิกใช้แล้ว — ของเดิม (บานเลื่อน 2 ราง) ไม่ต้องแก้ราคา | M4: =IF($D$4="","",ROUND($D$4*mult_sms,0)) -> 1205 | N4: =IF($E$4="","",ROUND($E$4*mult_sms,0)) -> 1310 | O4: =IF($F$4="","",ROUND($F$4*mult_sms,0)) -> 1310 | P4: =IF($G$4="","",ROUND($G$4*mult_sms,0)) | Q4: =IF($H$4="","",ROUND($H$4*mult_wood,0)) -> 1925 | R4: =IF($I$4="","",ROUND($I$4*mult_wood,0)) | S4: =IF($J$4="","",ROUND($J$4*mult_wood,0)) | T4: =mult_sms -> 1
A5: B20003 | B5: เฟรมข้างบานเลื่อน | C5: อลูมิเนียม sms | D5: 990 | E5: 1080 | F5: =E5 -> 1080 | H5: 1585 | K5: หนา 1.5 มม. — KC SMS 16-05-26 | L5: SMS | M5: =IF($D$5="","",ROUND($D$5*mult_sms,0)) -> 990 | N5: =IF($E$5="","",ROUND($E$5*mult_sms,0)) -> 1080 | O5: =IF($F$5="","",ROUND($F$5*mult_sms,0)) -> 1080 | P5: =IF($G$5="","",ROUND($G$5*mult_sms,0)) | Q5: =IF($H$5="","",ROUND($H$5*mult_wood,0)) -> 1585 | R5: =IF($I$5="","",ROUND($I$5*mult_wood,0)) | S5: =IF($J$5="","",ROUND($J$5*mult_wood,0)) | T5: =mult_sms -> 1
A6: B20004 | B6: เฟรมบนเสริมร่องกระจก | C6: อลูมิเนียม sms | D6: 870 | E6: 950 | F6: =E6 -> 950 | H6: 1395 | L6: ⚠️ ยังไม่มีชีทคิดทุนใช้ (เก็บเป็นราคาอ้างอิง) | M6: =IF($D$6="","",ROUND($D$6*mult_sms,0)) -> 870 | N6: =IF($E$6="","",ROUND($E$6*mult_sms,0)) -> 950 | O6: =IF($F$6="","",ROUND($F$6*mult_sms,0)) -> 950 | P6: =IF($G$6="","",ROUND($G$6*mult_sms,0)) | Q6: =IF($H$6="","",ROUND($H$6*mult_wood,0)) -> 1395 | R6: =IF($I$6="","",ROUND($I$6*mult_wood,0)) | S6: =IF($J$6="","",ROUND($J$6*mult_wood,0)) | T6: =mult_sms -> 1
A7: B20007 | B7: เสากุญแจ (ตูดตัน) | C7: อลูมิเนียม sms | D7: 660 | E7: 725 | F7: =E7 -> 725 | H7: 1065 | L7: ⚠️ ยังไม่มีชีทคิดทุนใช้ (เก็บเป็นราคาอ้างอิง) | M7: =IF($D$7="","",ROUND($D$7*mult_sms,0)) -> 660 | N7: =IF($E$7="","",ROUND($E$7*mult_sms,0)) -> 725 | O7: =IF($F$7="","",ROUND($F$7*mult_sms,0)) -> 725 | P7: =IF($G$7="","",ROUND($G$7*mult_sms,0)) | Q7: =IF($H$7="","",ROUND($H$7*mult_wood,0)) -> 1065 | R7: =IF($I$7="","",ROUND($I$7*mult_wood,0)) | S7: =IF($J$7="","",ROUND($J$7*mult_wood,0)) | T7: =mult_sms -> 1
A8: B20008 | B8: เสากุญแจแบบรับแรง | C8: อลูมิเนียม sms | D8: 1125 | E8: 1225 | F8: =E8 -> 1225 | H8: 1800 | L8: ⚠️ ยังไม่มีชีทคิดทุนใช้ (เก็บเป็นราคาอ้างอิง) | M8: =IF($D$8="","",ROUND($D$8*mult_sms,0)) -> 1125 | N8: =IF($E$8="","",ROUND($E$8*mult_sms,0)) -> 1225 | O8: =IF($F$8="","",ROUND($F$8*mult_sms,0)) -> 1225 | P8: =IF($G$8="","",ROUND($G$8*mult_sms,0)) | Q8: =IF($H$8="","",ROUND($H$8*mult_wood,0)) -> 1800 | R8: =IF($I$8="","",ROUND($I$8*mult_wood,0)) | S8: =IF($J$8="","",ROUND($J$8*mult_wood,0)) | T8: =mult_sms -> 1
A9: B20009 | B9: เสาเกี่ยว (ธรรมดา) | C9: อลูมิเนียม sms | D9: 690 | E9: 750 | F9: =E9 -> 750 | H9: 1105 | L9: SMS · บานระแนงเลื่อน | M9: =IF($D$9="","",ROUND($D$9*mult_sms,0)) -> 690 | N9: =IF($E$9="","",ROUND($E$9*mult_sms,0)) -> 750 | O9: =IF($F$9="","",ROUND($F$9*mult_sms,0)) -> 750 | P9: =IF($G$9="","",ROUND($G$9*mult_sms,0)) | Q9: =IF($H$9="","",ROUND($H$9*mult_wood,0)) -> 1105 | R9: =IF($I$9="","",ROUND($I$9*mult_wood,0)) | S9: =IF($J$9="","",ROUND($J$9*mult_wood,0)) | T9: =mult_sms -> 1
A10: B20010 | B10: เสาเกี่ยวนอก (สูง 2.4 m) | C10: อลูมิเนียม sms | D10: 1235 | E10: 1345 | F10: =E10 -> 1345 | H10: 1975 | L10: SMS · บานระแนงเลื่อน | M10: =IF($D$10="","",ROUND($D$10*mult_sms,0)) -> 1235 | N10: =IF($E$10="","",ROUND($E$10*mult_sms,0)) -> 1345 | O10: =IF($F$10="","",ROUND($F$10*mult_sms,0)) -> 1345 | P10: =IF($G$10="","",ROUND($G$10*mult_sms,0)) | Q10: =IF($H$10="","",ROUND($H$10*mult_wood,0)) -> 1975 | R10: =IF($I$10="","",ROUND($I$10*mult_wood,0)) | S10: =IF($J$10="","",ROUND($J$10*mult_wood,0)) | T10: =mult_sms -> 1
A11: B20019 | B11: ฝาปิดเฟรมข้าง | C11: อลูมิเนียม sms | D11: 175 | E11: 190 | F11: =E11 -> 190 | H11: 280 | L11: SMS · บานระแนงเลื่อน | M11: =IF($D$11="","",ROUND($D$11*mult_sms,0)) -> 175 | N11: =IF($E$11="","",ROUND($E$11*mult_sms,0)) -> 190 | O11: =IF($F$11="","",ROUND($F$11*mult_sms,0)) -> 190 | P11: =IF($G$11="","",ROUND($G$11*mult_sms,0)) | Q11: =IF($H$11="","",ROUND($H$11*mult_wood,0)) -> 280 | R11: =IF($I$11="","",ROUND($I$11*mult_wood,0)) | S11: =IF($J$11="","",ROUND($J$11*mult_wood,0)) | T11: =mult_sms -> 1
A12: B20024 | B12: คิ้วกันตก | C12: อลูมิเนียม sms | D12: 185 | E12: 200 | F12: =E12 -> 200 | H12: 295 | L12: ⚠️ ยังไม่มีชีทคิดทุนใช้ (เก็บเป็นราคาอ้างอิง) | M12: =IF($D$12="","",ROUND($D$12*mult_sms,0)) -> 185 | N12: =IF($E$12="","",ROUND($E$12*mult_sms,0)) -> 200 | O12: =IF($F$12="","",ROUND($F$12*mult_sms,0)) -> 200 | P12: =IF($G$12="","",ROUND($G$12*mult_sms,0)) | Q12: =IF($H$12="","",ROUND($H$12*mult_wood,0)) -> 295 | R12: =IF($I$12="","",ROUND($I$12*mult_wood,0)) | S12: =IF($J$12="","",ROUND($J$12*mult_wood,0)) | T12: =mult_sms -> 1
A13: B20041 | B13: เฟรมบานเลื่อน (3รางเสียบ) | C13: อลูมิเนียม sms | D13: 2070 | E13: 2255 | F13: =E13 -> 2255 | H13: 3424 | L13: SMS · บานระแนงเลื่อน | M13: =IF($D$13="","",ROUND($D$13*mult_sms,0)) -> 2070 | N13: =IF($E$13="","",ROUND($E$13*mult_sms,0)) -> 2255 | O13: =IF($F$13="","",ROUND($F$13*mult_sms,0)) -> 2255 | P13: =IF($G$13="","",ROUND($G$13*mult_sms,0)) | Q13: =IF($H$13="","",ROUND($H$13*mult_wood,0)) -> 3424 | R13: =IF($I$13="","",ROUND($I$13*mult_wood,0)) | S13: =IF($J$13="","",ROUND($J$13*mult_wood,0)) | T13: =mult_sms -> 1
A14: B20048 | B14: ตัวตบรางมุ้ง | C14: อลูมิเนียม sms | D14: 310 | E14: 340 | F14: =E14 -> 340 | H14: 495 | L14: ⚠️ ยังไม่มีชีทคิดทุนใช้ (เก็บเป็นราคาอ้างอิง) | M14: =IF($D$14="","",ROUND($D$14*mult_sms,0)) -> 310 | N14: =IF($E$14="","",ROUND($E$14*mult_sms,0)) -> 340 | O14: =IF($F$14="","",ROUND($F$14*mult_sms,0)) -> 340 | P14: =IF($G$14="","",ROUND($G$14*mult_sms,0)) | Q14: =IF($H$14="","",ROUND($H$14*mult_wood,0)) -> 495 | R14: =IF($I$14="","",ROUND($I$14*mult_wood,0)) | S14: =IF($J$14="","",ROUND($J$14*mult_wood,0)) | T14: =mult_sms -> 1
A15: B20046 | B15: ตัวต่อมัลติพ้อยท์ล็อค (ชนกลางบานเลื่อน) | C15: อลูมิเนียม sms | D15: 240 | E15: 260 | F15: =E15 -> 260 | H15: 380 | L15: ⚠️ ยังไม่มีชีทคิดทุนใช้ (เก็บเป็นราคาอ้างอิง) | M15: =IF($D$15="","",ROUND($D$15*mult_sms,0)) -> 240 | N15: =IF($E$15="","",ROUND($E$15*mult_sms,0)) -> 260 | O15: =IF($F$15="","",ROUND($F$15*mult_sms,0)) -> 260 | P15: =IF($G$15="","",ROUND($G$15*mult_sms,0)) | Q15: =IF($H$15="","",ROUND($H$15*mult_wood,0)) -> 380 | R15: =IF($I$15="","",ROUND($I$15*mult_wood,0)) | S15: =IF($J$15="","",ROUND($J$15*mult_wood,0)) | T15: =mult_sms -> 1
A16: B20047 | B16: เฟรมล่างบานเลื่อนภายใน 3 รางเสียบภายใน | C16: อลูมิเนียม sms | D16: 825 | E16: 895 | F16: =E16 -> 895 | H16: 1320 | L16: SMS · บานระแนงเลื่อน | M16: =IF($D$16="","",ROUND($D$16*mult_sms,0)) -> 825 | N16: =IF($E$16="","",ROUND($E$16*mult_sms,0)) -> 895 | O16: =IF($F$16="","",ROUND($F$16*mult_sms,0)) -> 895 | P16: =IF($G$16="","",ROUND($G$16*mult_sms,0)) | Q16: =IF($H$16="","",ROUND($H$16*mult_wood,0)) -> 1320 | R16: =IF($I$16="","",ROUND($I$16*mult_wood,0)) | S16: =IF($J$16="","",ROUND($J$16*mult_wood,0)) | T16: =mult_sms -> 1
A17: B20050 | B17: ฝาตบปิดรางภายใน | C17: อลูมิเนียม sms | D17: 145 | E17: 155 | F17: =E17 -> 155 | H17: 230 | L17: SMS · บานระแนงเลื่อน | M17: =IF($D$17="","",ROUND($D$17*mult_sms,0)) -> 145 | N17: =IF($E$17="","",ROUND($E$17*mult_sms,0)) -> 155 | O17: =IF($F$17="","",ROUND($F$17*mult_sms,0)) -> 155 | P17: =IF($G$17="","",ROUND($G$17*mult_sms,0)) | Q17: =IF($H$17="","",ROUND($H$17*mult_wood,0)) -> 230 | R17: =IF($I$17="","",ROUND($I$17*mult_wood,0)) | S17: =IF($J$17="","",ROUND($J$17*mult_wood,0)) | T17: =mult_sms -> 1
A18: B20051 | B18: กรอบบานมัลติพ้อยท์ล็อค | C18: อลูมิเนียม sms | D18: 885 | E18: 965 | F18: =E18 -> 965 | H18: 1458 | L18: SMS · บานเลื่อนรางบน · บานระแนงเลื่อน | M18: =IF($D$18="","",ROUND($D$18*mult_sms,0)) -> 885 | N18: =IF($E$18="","",ROUND($E$18*mult_sms,0)) -> 965 | O18: =IF($F$18="","",ROUND($F$18*mult_sms,0)) -> 965 | P18: =IF($G$18="","",ROUND($G$18*mult_sms,0)) | Q18: =IF($H$18="","",ROUND($H$18*mult_wood,0)) -> 1458 | R18: =IF($I$18="","",ROUND($I$18*mult_wood,0)) | S18: =IF($J$18="","",ROUND($J$18*mult_wood,0)) | T18: =mult_sms -> 1
A19: B20053 | B19: กรอบบานมัลติพ้อยท์ล็อคร่องปกติมีมือจับ | C19: อลูมิเนียม sms | D19: 1550 | E19: 1690 | F19: =E19 -> 1690 | H19: 2480 | L19: ⚠️ ยังไม่มีชีทคิดทุนใช้ (เก็บเป็นราคาอ้างอิง) | M19: =IF($D$19="","",ROUND($D$19*mult_sms,0)) -> 1550 | N19: =IF($E$19="","",ROUND($E$19*mult_sms,0)) -> 1690 | O19: =IF($F$19="","",ROUND($F$19*mult_sms,0)) -> 1690 | P19: =IF($G$19="","",ROUND($G$19*mult_sms,0)) | Q19: =IF($H$19="","",ROUND($H$19*mult_wood,0)) -> 2480 | R19: =IF($I$19="","",ROUND($I$19*mult_wood,0)) | S19: =IF($J$19="","",ROUND($J$19*mult_wood,0)) | T19: =mult_sms -> 1
A20: B20054 | B20: ขวางล่างใส่ล้อตลับขวางบน/ขวางล่าง | C20: อลูมิเนียม sms | D20: 1060 | E20: 1155 | F20: =E20 -> 1155 | H20: 1700 | L20: SMS · บานระแนงเลื่อน | M20: =IF($D$20="","",ROUND($D$20*mult_sms,0)) -> 1060 | N20: =IF($E$20="","",ROUND($E$20*mult_sms,0)) -> 1155 | O20: =IF($F$20="","",ROUND($F$20*mult_sms,0)) -> 1155 | P20: =IF($G$20="","",ROUND($G$20*mult_sms,0)) | Q20: =IF($H$20="","",ROUND($H$20*mult_wood,0)) -> 1700 | R20: =IF($I$20="","",ROUND($I$20*mult_wood,0)) | S20: =IF($J$20="","",ROUND($J$20*mult_wood,0)) | T20: =mult_sms -> 1
A21: B22001 | B21: เฟรมบนบานเลื่อน 45 มม. | C21: อลูมิเนียม sms | D21: 1465 | E21: 1595 | F21: =E21 -> 1595 | H21: 1955 | K21: หนา 1.5 มม. — KC SMS 16-05-26 | L21: บานระแนงเลื่อน | M21: =IF($D$21="","",ROUND($D$21*mult_sms,0)) -> 1465 | N21: =IF($E$21="","",ROUND($E$21*mult_sms,0)) -> 1595 | O21: =IF($F$21="","",ROUND($F$21*mult_sms,0)) -> 1595 | P21: =IF($G$21="","",ROUND($G$21*mult_sms,0)) | Q21: =IF($H$21="","",ROUND($H$21*mult_wood,0)) -> 1955 | R21: =IF($I$21="","",ROUND($I$21*mult_wood,0)) | S21: =IF($J$21="","",ROUND($J$21*mult_wood,0)) | T21: =mult_sms -> 1
A22: B22002 | B22: เฟรมข้างบานเลื่อน 45 มม. | C22: อลูมิเนียม sms | D22: 1030 | E22: 1120 | F22: =E22 -> 1120 | H22: 1451 | L22: บานระแนงเลื่อน | M22: =IF($D$22="","",ROUND($D$22*mult_sms,0)) -> 1030 | N22: =IF($E$22="","",ROUND($E$22*mult_sms,0)) -> 1120 | O22: =IF($F$22="","",ROUND($F$22*mult_sms,0)) -> 1120 | P22: =IF($G$22="","",ROUND($G$22*mult_sms,0)) | Q22: =IF($H$22="","",ROUND($H$22*mult_wood,0)) -> 1451 | R22: =IF($I$22="","",ROUND($I$22*mult_wood,0)) | S22: =IF($J$22="","",ROUND($J$22*mult_wood,0)) | T22: =mult_sms -> 1
A23: B22004 | B23: คิ้วรางข้างตบร่อง | C23: อลูมิเนียม sms | D23: 305 | E23: 330 | F23: =E23 -> 330 | H23: 485 | L23: ⚠️ ยังไม่มีชีทคิดทุนใช้ (เก็บเป็นราคาอ้างอิง) | M23: =IF($D$23="","",ROUND($D$23*mult_sms,0)) -> 305 | N23: =IF($E$23="","",ROUND($E$23*mult_sms,0)) -> 330 | O23: =IF($F$23="","",ROUND($F$23*mult_sms,0)) -> 330 | P23: =IF($G$23="","",ROUND($G$23*mult_sms,0)) | Q23: =IF($H$23="","",ROUND($H$23*mult_wood,0)) -> 485 | R23: =IF($I$23="","",ROUND($I$23*mult_wood,0)) | S23: =IF($J$23="","",ROUND($J$23*mult_wood,0)) | T23: =mult_sms -> 1
A24: B24001 | B24: เฟรมบนบานเฟี้ยม | C24: อลูมิเนียม sms | D24: 2105 | E24: 2290 | F24: =E24 -> 2290 | H24: 3590 | L24: เฟี้ยม | M24: =IF($D$24="","",ROUND($D$24*mult_sms,0)) -> 2105 | N24: =IF($E$24="","",ROUND($E$24*mult_sms,0)) -> 2290 | O24: =IF($F$24="","",ROUND($F$24*mult_sms,0)) -> 2290 | P24: =IF($G$24="","",ROUND($G$24*mult_sms,0)) | Q24: =IF($H$24="","",ROUND($H$24*mult_wood,0)) -> 3590 | R24: =IF($I$24="","",ROUND($I$24*mult_wood,0)) | S24: =IF($J$24="","",ROUND($J$24*mult_wood,0)) | T24: =mult_sms -> 1
A25: B24002 | B25: คิ้วเฟรมบน | C25: อลูมิเนียม sms | D25: 320 | E25: 345 | F25: =E25 -> 345 | H25: 550 | L25: เฟี้ยม | M25: =IF($D$25="","",ROUND($D$25*mult_sms,0)) -> 320 | N25: =IF($E$25="","",ROUND($E$25*mult_sms,0)) -> 345 | O25: =IF($F$25="","",ROUND($F$25*mult_sms,0)) -> 345 | P25: =IF($G$25="","",ROUND($G$25*mult_sms,0)) | Q25: =IF($H$25="","",ROUND($H$25*mult_wood,0)) -> 550 | R25: =IF($I$25="","",ROUND($I$25*mult_wood,0)) | S25: =IF($J$25="","",ROUND($J$25*mult_wood,0)) | T25: =mult_sms -> 1
A26: B24003 | B26: เฟรมล่างบานเฟี้ยม | C26: อลูมิเนียม sms | D26: 1455 | E26: 1585 | F26: =E26 -> 1585 | H26: 2505 | L26: เฟี้ยม | M26: =IF($D$26="","",ROUND($D$26*mult_sms,0)) -> 1455 | N26: =IF($E$26="","",ROUND($E$26*mult_sms,0)) -> 1585 | O26: =IF($F$26="","",ROUND($F$26*mult_sms,0)) -> 1585 | P26: =IF($G$26="","",ROUND($G$26*mult_sms,0)) | Q26: =IF($H$26="","",ROUND($H$26*mult_wood,0)) -> 2505 | R26: =IF($I$26="","",ROUND($I$26*mult_wood,0)) | S26: =IF($J$26="","",ROUND($J$26*mult_wood,0)) | T26: =mult_sms -> 1
A27: B24004 | B27: ตบธรณี | C27: อลูมิเนียม sms | D27: 570 | E27: 620 | F27: =E27 -> 620 | H27: 965 | L27: เฟี้ยม | M27: =IF($D$27="","",ROUND($D$27*mult_sms,0)) -> 570 | N27: =IF($E$27="","",ROUND($E$27*mult_sms,0)) -> 620 | O27: =IF($F$27="","",ROUND($F$27*mult_sms,0)) -> 620 | P27: =IF($G$27="","",ROUND($G$27*mult_sms,0)) | Q27: =IF($H$27="","",ROUND($H$27*mult_wood,0)) -> 965 | R27: =IF($I$27="","",ROUND($I$27*mult_wood,0)) | S27: =IF($J$27="","",ROUND($J$27*mult_wood,0)) | T27: =mult_sms -> 1
A28: B24005 | B28: เฟรมข้างบานเฟี้ยม | C28: อลูมิเนียม sms | D28: 1000 | E28: 1085 | F28: =E28 -> 1085 | H28: 1746 | L28: เฟี้ยม | M28: =IF($D$28="","",ROUND($D$28*mult_sms,0)) -> 1000 | N28: =IF($E$28="","",ROUND($E$28*mult_sms,0)) -> 1085 | O28: =IF($F$28="","",ROUND($F$28*mult_sms,0)) -> 1085 | P28: =IF($G$28="","",ROUND($G$28*mult_sms,0)) | Q28: =IF($H$28="","",ROUND($H$28*mult_wood,0)) -> 1746 | R28: =IF($I$28="","",ROUND($I$28*mult_wood,0)) | S28: =IF($J$28="","",ROUND($J$28*mult_wood,0)) | T28: =mult_sms -> 1
A29: B24006 | B29: คิ้วเฟรมข้างประตู | C29: อลูมิเนียม sms | D29: 280 | E29: 305 | F29: =E29 -> 305 | H29: 500 | L29: เฟี้ยม | M29: =IF($D$29="","",ROUND($D$29*mult_sms,0)) -> 280 | N29: =IF($E$29="","",ROUND($E$29*mult_sms,0)) -> 305 | O29: =IF($F$29="","",ROUND($F$29*mult_sms,0)) -> 305 | P29: =IF($G$29="","",ROUND($G$29*mult_sms,0)) | Q29: =IF($H$29="","",ROUND($H$29*mult_wood,0)) -> 500 | R29: =IF($I$29="","",ROUND($I$29*mult_wood,0)) | S29: =IF($J$29="","",ROUND($J$29*mult_wood,0)) | T29: =mult_sms -> 1
A30: B24007 | B30: เสาบานเฟี้ยม | C30: อลูมิเนียม sms | D30: 1210 | E30: 1320 | F30: =E30 -> 1320 | H30: 1940 | L30: เฟี้ยม | M30: =IF($D$30="","",ROUND($D$30*mult_sms,0)) -> 1210 | N30: =IF($E$30="","",ROUND($E$30*mult_sms,0)) -> 1320 | O30: =IF($F$30="","",ROUND($F$30*mult_sms,0)) -> 1320 | P30: =IF($G$30="","",ROUND($G$30*mult_sms,0)) | Q30: =IF($H$30="","",ROUND($H$30*mult_wood,0)) -> 1940 | R30: =IF($I$30="","",ROUND($I$30*mult_wood,0)) | S30: =IF($J$30="","",ROUND($J$30*mult_wood,0)) | T30: =mult_sms -> 1
A31: B24008 | B31: คิ้วตบกระจก 5-6 มม. | C31: อลูมิเนียม sms | D31: 265 | E31: 285 | F31: =E31 -> 285 | H31: 460 | L31: เฟี้ยม | M31: =IF($D$31="","",ROUND($D$31*mult_sms,0)) -> 265 | N31: =IF($E$31="","",ROUND($E$31*mult_sms,0)) -> 285 | O31: =IF($F$31="","",ROUND($F$31*mult_sms,0)) -> 285 | P31: =IF($G$31="","",ROUND($G$31*mult_sms,0)) | Q31: =IF($H$31="","",ROUND($H$31*mult_wood,0)) -> 460 | R31: =IF($I$31="","",ROUND($I$31*mult_wood,0)) | S31: =IF($J$31="","",ROUND($J$31*mult_wood,0)) | T31: =mult_sms -> 1
A32: B24009 | B32: บังใบเสาประตูบานเฟี้ยม | C32: อลูมิเนียม sms | D32: 270 | E32: 295 | F32: =E32 -> 295 | H32: 460 | L32: เฟี้ยม | M32: =IF($D$32="","",ROUND($D$32*mult_sms,0)) -> 270 | N32: =IF($E$32="","",ROUND($E$32*mult_sms,0)) -> 295 | O32: =IF($F$32="","",ROUND($F$32*mult_sms,0)) -> 295 | P32: =IF($G$32="","",ROUND($G$32*mult_sms,0)) | Q32: =IF($H$32="","",ROUND($H$32*mult_wood,0)) -> 460 | R32: =IF($I$32="","",ROUND($I$32*mult_wood,0)) | S32: =IF($J$32="","",ROUND($J$32*mult_wood,0)) | T32: =mult_sms -> 1
A33: B24017 | B33: รางยู sms | C33: อลูมิเนียม sms | D33: 305 | E33: 330 | F33: =E33 -> 330 | H33: 485 | L33: เฟี้ยม · เฟี้ยมยูโร | M33: =IF($D$33="","",ROUND($D$33*mult_sms,0)) -> 305 | N33: =IF($E$33="","",ROUND($E$33*mult_sms,0)) -> 330 | O33: =IF($F$33="","",ROUND($F$33*mult_sms,0)) -> 330 | P33: =IF($G$33="","",ROUND($G$33*mult_sms,0)) | Q33: =IF($H$33="","",ROUND($H$33*mult_wood,0)) -> 485 | R33: =IF($I$33="","",ROUND($I$33*mult_wood,0)) | S33: =IF($J$33="","",ROUND($J$33*mult_wood,0)) | T33: =mult_sms -> 1
A34: B24018 | B34: รางบานเฟี้ยมภายใน sms | C34: อลูมิเนียม sms | D34: 905 | E34: 985 | F34: =E34 -> 985 | H34: 1445 | L34: เฟี้ยม | M34: =IF($D$34="","",ROUND($D$34*mult_sms,0)) -> 905 | N34: =IF($E$34="","",ROUND($E$34*mult_sms,0)) -> 985 | O34: =IF($F$34="","",ROUND($F$34*mult_sms,0)) -> 985 | P34: =IF($G$34="","",ROUND($G$34*mult_sms,0)) | Q34: =IF($H$34="","",ROUND($H$34*mult_wood,0)) -> 1445 | R34: =IF($I$34="","",ROUND($I$34*mult_wood,0)) | S34: =IF($J$34="","",ROUND($J$34*mult_wood,0)) | T34: =mult_sms -> 1
A35: B30006 | B35: กรอบมุ้ง | C35: อลูมิเนียม sms | D35: 625 | E35: 680 | F35: =E35 -> 680 | H35: 1000 | L35: ⚠️ ยังไม่มีชีทคิดทุนใช้ (เก็บเป็นราคาอ้างอิง) | M35: =IF($D$35="","",ROUND($D$35*mult_sms,0)) -> 625 | N35: =IF($E$35="","",ROUND($E$35*mult_sms,0)) -> 680 | O35: =IF($F$35="","",ROUND($F$35*mult_sms,0)) -> 680 | P35: =IF($G$35="","",ROUND($G$35*mult_sms,0)) | Q35: =IF($H$35="","",ROUND($H$35*mult_wood,0)) -> 1000 | R35: =IF($I$35="","",ROUND($I$35*mult_wood,0)) | S35: =IF($J$35="","",ROUND($J$35*mult_wood,0)) | T35: =mult_sms -> 1
A36: F7976 | B36: เฟรมบน-ล่างบานเลื่อน 3 ราง | C36: อลูมิเนียม Fuji | D36: 2450 | E36: 2610 | F36: =E36 -> 2610 | G36: 2665 | H36: 3576 | I36: 3685 | J36: 3685 | K36: หนา 1.5 มม. — PPS Fuji Eurotec 05-26 | L36: ⚠️ ยังไม่มีชีทคิดทุนใช้ (เก็บเป็นราคาอ้างอิง) | M36: =IF($D$36="","",ROUND($D$36*mult_euro,0)) -> 2450 | N36: =IF($E$36="","",ROUND($E$36*mult_euro,0)) -> 2610 | O36: =IF($F$36="","",ROUND($F$36*mult_euro,0)) -> 2610 | P36: =IF($G$36="","",ROUND($G$36*mult_euro,0)) -> 2665 | Q36: =IF($H$36="","",ROUND($H$36*mult_wood,0)) -> 3576 | R36: =IF($I$36="","",ROUND($I$36*mult_wood,0)) -> 3685 | S36: =IF($J$36="","",ROUND($J$36*mult_wood,0)) -> 3685 | T36: =mult_euro -> 1
A37: F7869 | B37: เฟรมบน-ล่างบานเลื่อน 3 ราง (ตัวหนา) | C37: อลูมิเนียม Fuji | D37: 2765 | E37: 2950 | F37: =E37 -> 2950 | G37: 3010 | H37: 4005 | I37: 4165 | J37: 4165 | K37: ตรงกับใบราคา PPS Fuji Eurotec 05-26 | L37: ยูโร | M37: =IF($D$37="","",ROUND($D$37*mult_euro,0)) -> 2765 | N37: =IF($E$37="","",ROUND($E$37*mult_euro,0)) -> 2950 | O37: =IF($F$37="","",ROUND($F$37*mult_euro,0)) -> 2950 | P37: =IF($G$37="","",ROUND($G$37*mult_euro,0)) -> 3010 | Q37: =IF($H$37="","",ROUND($H$37*mult_wood,0)) -> 4005 | R37: =IF($I$37="","",ROUND($I$37*mult_wood,0)) -> 4165 | S37: =IF($J$37="","",ROUND($J$37*mult_wood,0)) -> 4165 | T37: =mult_euro -> 1
A38: F7977 | B38: เฟรมบน-ล่างบานเลื่อน 2 ราง | C38: อลูมิเนียม Fuji | D38: 1530 | E38: 1630 | F38: =E38 -> 1630 | G38: 1665 | H38: 2250 | I38: 2300 | J38: 2300 | K38: ตรงกับใบราคา PPS Fuji Eurotec 05-26 | L38: 🚫 ไม่ใช้ — ทำ 3 ราง ทั้งหมด (JR ยืนยัน 21 ส.ค. 69) | M38: =IF($D$38="","",ROUND($D$38*mult_euro,0)) -> 1530 | N38: =IF($E$38="","",ROUND($E$38*mult_euro,0)) -> 1630 | O38: =IF($F$38="","",ROUND($F$38*mult_euro,0)) -> 1630 | P38: =IF($G$38="","",ROUND($G$38*mult_euro,0)) -> 1665 | Q38: =IF($H$38="","",ROUND($H$38*mult_wood,0)) -> 2250 | R38: =IF($I$38="","",ROUND($I$38*mult_wood,0)) -> 2300 | S38: =IF($J$38="","",ROUND($J$38*mult_wood,0)) -> 2300 | T38: =mult_euro -> 1
A39: F7990 | B39: ต่อเฟรมบน-ล่างบานเลื่อน | C39: อลูมิเนียม Fuji | D39: 1030 | E39: 1095 | F39: =E39 -> 1095 | G39: 1120 | H39: 1485 | I39: 1550 | J39: 1550 | K39: ตรงกับใบราคา PPS Fuji Eurotec 05-26 | L39: ⚠️ ยังไม่มีชีทคิดทุนใช้ (เก็บเป็นราคาอ้างอิง) | M39: =IF($D$39="","",ROUND($D$39*mult_euro,0)) -> 1030 | N39: =IF($E$39="","",ROUND($E$39*mult_euro,0)) -> 1095 | O39: =IF($F$39="","",ROUND($F$39*mult_euro,0)) -> 1095 | P39: =IF($G$39="","",ROUND($G$39*mult_euro,0)) -> 1120 | Q39: =IF($H$39="","",ROUND($H$39*mult_wood,0)) -> 1485 | R39: =IF($I$39="","",ROUND($I$39*mult_wood,0)) -> 1550 | S39: =IF($J$39="","",ROUND($J$39*mult_wood,0)) -> 1550 | T39: =mult_euro -> 1
A40: F7902 | B40: เฟรมล่างบานเลื่อน 3 ราง (ตัวเตี้ย) | C40: อลูมิเนียม Fuji | D40: 1220 | E40: 1300 | F40: =E40 -> 1300 | G40: 1325 | H40: 1795 | I40: 1835 | J40: 1835 | K40: ตรงกับใบราคา PPS Fuji Eurotec 05-26 | L40: ⚠️ ยังไม่มีชีทคิดทุนใช้ (เก็บเป็นราคาอ้างอิง) | M40: =IF($D$40="","",ROUND($D$40*mult_euro,0)) -> 1220 | N40: =IF($E$40="","",ROUND($E$40*mult_euro,0)) -> 1300 | O40: =IF($F$40="","",ROUND($F$40*mult_euro,0)) -> 1300 | P40: =IF($G$40="","",ROUND($G$40*mult_euro,0)) -> 1325 | Q40: =IF($H$40="","",ROUND($H$40*mult_wood,0)) -> 1795 | R40: =IF($I$40="","",ROUND($I$40*mult_wood,0)) -> 1835 | S40: =IF($J$40="","",ROUND($J$40*mult_wood,0)) -> 1835 | T40: =mult_euro -> 1
A41: F7978 | B41: เฟรมข้างบานเลื่อน 3 ราง | C41: อลูมิเนียม Fuji | D41: 1005 | E41: 1070 | F41: =E41 -> 1070 | G41: 1090 | H41: 1640 | I41: 1510 | J41: 1510 | K41: หนา 1.5 มม. — PPS Fuji Eurotec 05-26 | L41: ยูโร | M41: =IF($D$41="","",ROUND($D$41*mult_euro,0)) -> 1005 | N41: =IF($E$41="","",ROUND($E$41*mult_euro,0)) -> 1070 | O41: =IF($F$41="","",ROUND($F$41*mult_euro,0)) -> 1070 | P41: =IF($G$41="","",ROUND($G$41*mult_euro,0)) -> 1090 | Q41: =IF($H$41="","",ROUND($H$41*mult_wood,0)) -> 1640 | R41: =IF($I$41="","",ROUND($I$41*mult_wood,0)) -> 1510 | S41: =IF($J$41="","",ROUND($J$41*mult_wood,0)) -> 1510 | T41: =mult_euro -> 1
A42: F7870 | B42: เฟรมข้างบานเลื่อน 3 ราง (ตัวหนา) | C42: อลูมิเนียม Fuji | D42: 1110 | E42: 1185 | F42: =E42 -> 1185 | G42: 1210 | H42: 1635 | I42: 1670 | J42: 1670 | K42: ตรงกับใบราคา PPS Fuji Eurotec 05-26 | L42: ⚠️ ยังไม่มีชีทคิดทุนใช้ (เก็บเป็นราคาอ้างอิง) | M42: =IF($D$42="","",ROUND($D$42*mult_euro,0)) -> 1110 | N42: =IF($E$42="","",ROUND($E$42*mult_euro,0)) -> 1185 | O42: =IF($F$42="","",ROUND($F$42*mult_euro,0)) -> 1185 | P42: =IF($G$42="","",ROUND($G$42*mult_euro,0)) -> 1210 | Q42: =IF($H$42="","",ROUND($H$42*mult_wood,0)) -> 1635 | R42: =IF($I$42="","",ROUND($I$42*mult_wood,0)) -> 1670 | S42: =IF($J$42="","",ROUND($J$42*mult_wood,0)) -> 1670 | T42: =mult_euro -> 1
A43: F7979 | B43: เฟรมข้างบานเลื่อน 2 ราง | C43: อลูมิเนียม Fuji | D43: 690 | E43: 735 | F43: =E43 -> 735 | G43: 750 | H43: 1030 | I43: 1040 | J43: 1040 | K43: ตรงกับใบราคา PPS Fuji Eurotec 05-26 | L43: 🚫 ไม่ใช้ — ทำ 3 ราง ทั้งหมด (JR ยืนยัน 21 ส.ค. 69) | M43: =IF($D$43="","",ROUND($D$43*mult_euro,0)) -> 690 | N43: =IF($E$43="","",ROUND($E$43*mult_euro,0)) -> 735 | O43: =IF($F$43="","",ROUND($F$43*mult_euro,0)) -> 735 | P43: =IF($G$43="","",ROUND($G$43*mult_euro,0)) -> 750 | Q43: =IF($H$43="","",ROUND($H$43*mult_wood,0)) -> 1030 | R43: =IF($I$43="","",ROUND($I$43*mult_wood,0)) -> 1040 | S43: =IF($J$43="","",ROUND($J$43*mult_wood,0)) -> 1040 | T43: =mult_euro -> 1
A44: F7986 | B44: ตบรับล็อกเฟรมข้าง | C44: อลูมิเนียม Fuji | D44: 300 | E44: 320 | F44: =E44 -> 320 | G44: 325 | H44: 561 | I44: 450 | J44: 450 | K44: หนา 1.5 มม. — PPS Fuji Eurotec 05-26 | L44: ยูโร | M44: =IF($D$44="","",ROUND($D$44*mult_euro,0)) -> 300 | N44: =IF($E$44="","",ROUND($E$44*mult_euro,0)) -> 320 | O44: =IF($F$44="","",ROUND($F$44*mult_euro,0)) -> 320 | P44: =IF($G$44="","",ROUND($G$44*mult_euro,0)) -> 325 | Q44: =IF($H$44="","",ROUND($H$44*mult_wood,0)) -> 561 | R44: =IF($I$44="","",ROUND($I$44*mult_wood,0)) -> 450 | S44: =IF($J$44="","",ROUND($J$44*mult_wood,0)) -> 450 | T44: =mult_euro -> 1
A45: F7989 | B45: กล่องต่อเฟรมข้างบานเลื่อน | C45: อลูมิเนียม Fuji | D45: 335 | E45: 360 | F45: =E45 -> 360 | G45: 365 | H45: 480 | I45: 505 | J45: 505 | K45: ตรงกับใบราคา PPS Fuji Eurotec 05-26 | L45: ⚠️ ยังไม่มีชีทคิดทุนใช้ (เก็บเป็นราคาอ้างอิง) | M45: =IF($D$45="","",ROUND($D$45*mult_euro,0)) -> 335 | N45: =IF($E$45="","",ROUND($E$45*mult_euro,0)) -> 360 | O45: =IF($F$45="","",ROUND($F$45*mult_euro,0)) -> 360 | P45: =IF($G$45="","",ROUND($G$45*mult_euro,0)) -> 365 | Q45: =IF($H$45="","",ROUND($H$45*mult_wood,0)) -> 480 | R45: =IF($I$45="","",ROUND($I$45*mult_wood,0)) -> 505 | S45: =IF($J$45="","",ROUND($J$45*mult_wood,0)) -> 505 | T45: =mult_euro -> 1
A46: F7867 | B46: กรอบบานเลื่อน ประตู (ตัวบาง) | C46: อลูมิเนียม Fuji | D46: 1255 | E46: 1340 | F46: =E46 -> 1340 | G46: 1365 | H46: 1755 | I46: 1890 | J46: 1890 | K46: ตรงกับใบราคา PPS Fuji Eurotec 05-26 | L46: ⚠️ ยังไม่มีชีทคิดทุนใช้ (เก็บเป็นราคาอ้างอิง) | M46: =IF($D$46="","",ROUND($D$46*mult_euro,0)) -> 1255 | N46: =IF($E$46="","",ROUND($E$46*mult_euro,0)) -> 1340 | O46: =IF($F$46="","",ROUND($F$46*mult_euro,0)) -> 1340 | P46: =IF($G$46="","",ROUND($G$46*mult_euro,0)) -> 1365 | Q46: =IF($H$46="","",ROUND($H$46*mult_wood,0)) -> 1755 | R46: =IF($I$46="","",ROUND($I$46*mult_wood,0)) -> 1890 | S46: =IF($J$46="","",ROUND($J$46*mult_wood,0)) -> 1890 | T46: =mult_euro -> 1
A47: F7980 | B47: กรอบบานเลื่อนประตู | C47: อลูมิเนียม Fuji | D47: 1530 | E47: 1630 | F47: =E47 -> 1630 | G47: 1665 | H47: 2170 | I47: 2300 | J47: 2300 | K47: ตรงกับใบราคา PPS Fuji Eurotec 05-26 | L47: ยูโร | M47: =IF($D$47="","",ROUND($D$47*mult_euro,0)) -> 1530 | N47: =IF($E$47="","",ROUND($E$47*mult_euro,0)) -> 1630 | O47: =IF($F$47="","",ROUND($F$47*mult_euro,0)) -> 1630 | P47: =IF($G$47="","",ROUND($G$47*mult_euro,0)) -> 1665 | Q47: =IF($H$47="","",ROUND($H$47*mult_wood,0)) -> 2170 | R47: =IF($I$47="","",ROUND($I$47*mult_wood,0)) -> 2300 | S47: =IF($J$47="","",ROUND($J$47*mult_wood,0)) -> 2300 | T47: =mult_euro -> 1
A48: F7981 | B48: กรอบบานเลื่อนหน้าต่าง | C48: อลูมิเนียม Fuji | D48: 1190 | E48: 1270 | F48: =E48 -> 1270 | G48: 1295 | H48: 1700 | I48: 1795 | J48: 1795 | K48: ตรงกับใบราคา PPS Fuji Eurotec 05-26 | L48: 🚫 ไม่ใช้ — ใช้ F7980 (กรอบประตู) ทั้งหมด (JR ยืนยัน 21 ส.ค. 69) | M48: =IF($D$48="","",ROUND($D$48*mult_euro,0)) -> 1190 | N48: =IF($E$48="","",ROUND($E$48*mult_euro,0)) -> 1270 | O48: =IF($F$48="","",ROUND($F$48*mult_euro,0)) -> 1270 | P48: =IF($G$48="","",ROUND($G$48*mult_euro,0)) -> 1295 | Q48: =IF($H$48="","",ROUND($H$48*mult_wood,0)) -> 1700 | R48: =IF($I$48="","",ROUND($I$48*mult_wood,0)) -> 1795 | S48: =IF($J$48="","",ROUND($J$48*mult_wood,0)) -> 1795 | T48: =mult_euro -> 1
A49: F7991 | B49: ตบธรณีบานเลื่อน | C49: อลูมิเนียม Fuji | D49: 300 | E49: 320 | F49: =E49 -> 320 | G49: 325 | H49: 455 | I49: 450 | J49: 450 | K49: ตรงกับใบราคา PPS Fuji Eurotec 05-26 | L49: ⚠️ ยังไม่มีชีทคิดทุนใช้ (เก็บเป็นราคาอ้างอิง) | M49: =IF($D$49="","",ROUND($D$49*mult_euro,0)) -> 300 | N49: =IF($E$49="","",ROUND($E$49*mult_euro,0)) -> 320 | O49: =IF($F$49="","",ROUND($F$49*mult_euro,0)) -> 320 | P49: =IF($G$49="","",ROUND($G$49*mult_euro,0)) -> 325 | Q49: =IF($H$49="","",ROUND($H$49*mult_wood,0)) -> 455 | R49: =IF($I$49="","",ROUND($I$49*mult_wood,0)) -> 450 | S49: =IF($J$49="","",ROUND($J$49*mult_wood,0)) -> 450 | T49: =mult_euro -> 1
A50: F7992 | B50: ตบฝังเฟรมบานเลื่อน | C50: อลูมิเนียม Fuji | D50: 535 | E50: 570 | F50: =E50 -> 570 | G50: 585 | H50: 813 | I50: 810 | J50: 810 | K50: หนา 1.5 มม. — PPS Fuji Eurotec 05-26 | L50: ยูโร | M50: =IF($D$50="","",ROUND($D$50*mult_euro,0)) -> 535 | N50: =IF($E$50="","",ROUND($E$50*mult_euro,0)) -> 570 | O50: =IF($F$50="","",ROUND($F$50*mult_euro,0)) -> 570 | P50: =IF($G$50="","",ROUND($G$50*mult_euro,0)) -> 585 | Q50: =IF($H$50="","",ROUND($H$50*mult_wood,0)) -> 813 | R50: =IF($I$50="","",ROUND($I$50*mult_wood,0)) -> 810 | S50: =IF($J$50="","",ROUND($J$50*mult_wood,0)) -> 810 | T50: =mult_euro -> 1
A51: F7982 | B51: ตบเกี่ยวทางเดียว หน้าต่าง | C51: อลูมิเนียม Fuji | D51: 435 | E51: 465 | F51: =E51 -> 465 | G51: 475 | H51: 630 | I51: 660 | J51: 660 | K51: ตรงกับใบราคา PPS Fuji Eurotec 05-26 | L51: ⚠️ ยังไม่มีชีทคิดทุนใช้ (เก็บเป็นราคาอ้างอิง) | M51: =IF($D$51="","",ROUND($D$51*mult_euro,0)) -> 435 | N51: =IF($E$51="","",ROUND($E$51*mult_euro,0)) -> 465 | O51: =IF($F$51="","",ROUND($F$51*mult_euro,0)) -> 465 | P51: =IF($G$51="","",ROUND($G$51*mult_euro,0)) -> 475 | Q51: =IF($H$51="","",ROUND($H$51*mult_wood,0)) -> 630 | R51: =IF($I$51="","",ROUND($I$51*mult_wood,0)) -> 660 | S51: =IF($J$51="","",ROUND($J$51*mult_wood,0)) -> 660 | T51: =mult_euro -> 1
A52: F7983 | B52: ตบเกี่ยวทางเดียว ประตู | C52: อลูมิเนียม Fuji | D52: 520 | E52: 555 | F52: =E52 -> 555 | G52: 565 | H52: 725 | I52: 780 | J52: 780 | K52: ตรงกับใบราคา PPS Fuji Eurotec 05-26 | L52: ยูโร | M52: =IF($D$52="","",ROUND($D$52*mult_euro,0)) -> 520 | N52: =IF($E$52="","",ROUND($E$52*mult_euro,0)) -> 555 | O52: =IF($F$52="","",ROUND($F$52*mult_euro,0)) -> 555 | P52: =IF($G$52="","",ROUND($G$52*mult_euro,0)) -> 565 | Q52: =IF($H$52="","",ROUND($H$52*mult_wood,0)) -> 725 | R52: =IF($I$52="","",ROUND($I$52*mult_wood,0)) -> 780 | S52: =IF($J$52="","",ROUND($J$52*mult_wood,0)) -> 780 | T52: =mult_euro -> 1
A53: F7984 | B53: ตบเกี่ยวสองทาง หน้าต่าง | C53: อลูมิเนียม Fuji | D53: 675 | E53: 720 | F53: =E53 -> 720 | G53: 735 | H53: 990 | I53: 1015 | J53: 1015 | K53: ตรงกับใบราคา PPS Fuji Eurotec 05-26 | L53: ⚠️ ยังไม่มีชีทคิดทุนใช้ (เก็บเป็นราคาอ้างอิง) | M53: =IF($D$53="","",ROUND($D$53*mult_euro,0)) -> 675 | N53: =IF($E$53="","",ROUND($E$53*mult_euro,0)) -> 720 | O53: =IF($F$53="","",ROUND($F$53*mult_euro,0)) -> 720 | P53: =IF($G$53="","",ROUND($G$53*mult_euro,0)) -> 735 | Q53: =IF($H$53="","",ROUND($H$53*mult_wood,0)) -> 990 | R53: =IF($I$53="","",ROUND($I$53*mult_wood,0)) -> 1015 | S53: =IF($J$53="","",ROUND($J$53*mult_wood,0)) -> 1015 | T53: =mult_euro -> 1
A54: F7985 | B54: ตบเกี่ยวสองทาง ประตู | C54: อลูมิเนียม Fuji | D54: 830 | E54: 885 | F54: =E54 -> 885 | G54: 900 | H54: 1190 | I54: 1245 | J54: 1245 | K54: ตรงกับใบราคา PPS Fuji Eurotec 05-26 | L54: ⚠️ ยังไม่มีชีทคิดทุนใช้ (เก็บเป็นราคาอ้างอิง) | M54: =IF($D$54="","",ROUND($D$54*mult_euro,0)) -> 830 | N54: =IF($E$54="","",ROUND($E$54*mult_euro,0)) -> 885 | O54: =IF($F$54="","",ROUND($F$54*mult_euro,0)) -> 885 | P54: =IF($G$54="","",ROUND($G$54*mult_euro,0)) -> 900 | Q54: =IF($H$54="","",ROUND($H$54*mult_wood,0)) -> 1190 | R54: =IF($I$54="","",ROUND($I$54*mult_wood,0)) -> 1245 | S54: =IF($J$54="","",ROUND($J$54*mult_wood,0)) -> 1245 | T54: =mult_euro -> 1
A55: F7966 | B55: แบ่งบานมุ้งบานเลื่อน | C55: อลูมิเนียม Fuji | D55: 825 | E55: 880 | F55: =E55 -> 880 | G55: 890 | H55: 1205 | I55: 1240 | J55: 1235 | L55: ⚠️ ยังไม่มีชีทคิดทุนใช้ (เก็บเป็นราคาอ้างอิง) | M55: =IF($D$55="","",ROUND($D$55*mult_euro,0)) -> 825 | N55: =IF($E$55="","",ROUND($E$55*mult_euro,0)) -> 880 | O55: =IF($F$55="","",ROUND($F$55*mult_euro,0)) -> 880 | P55: =IF($G$55="","",ROUND($G$55*mult_euro,0)) -> 890 | Q55: =IF($H$55="","",ROUND($H$55*mult_wood,0)) -> 1205 | R55: =IF($I$55="","",ROUND($I$55*mult_wood,0)) -> 1240 | S55: =IF($J$55="","",ROUND($J$55*mult_wood,0)) -> 1235 | T55: =mult_euro -> 1
A56: F7925 | B56: ต่อชนกลาง | C56: อลูมิเนียม Fuji | D56: 440 | E56: 470 | F56: =E56 -> 470 | G56: 475 | H56: 630 | I56: 660 | J56: 660 | L56: ⚠️ ยังไม่มีชีทคิดทุนใช้ (เก็บเป็นราคาอ้างอิง) | M56: =IF($D$56="","",ROUND($D$56*mult_euro,0)) -> 440 | N56: =IF($E$56="","",ROUND($E$56*mult_euro,0)) -> 470 | O56: =IF($F$56="","",ROUND($F$56*mult_euro,0)) -> 470 | P56: =IF($G$56="","",ROUND($G$56*mult_euro,0)) -> 475 | Q56: =IF($H$56="","",ROUND($H$56*mult_wood,0)) -> 630 | R56: =IF($I$56="","",ROUND($I$56*mult_wood,0)) -> 660 | S56: =IF($J$56="","",ROUND($J$56*mult_wood,0)) -> 660 | T56: =mult_euro -> 1
A57: F7855 | B57: ชนกลางบานเลื่อนรับแรง | C57: อลูมิเนียม Fuji | D57: 1300 | E57: 1385 | F57: =E57 -> 1385 | G57: 1415 | H57: 1190 | I57: 1960 | J57: 1960 | K57: ตรงกับใบราคา PPS Fuji Eurotec 05-26 | L57: ยูโร | M57: =IF($D$57="","",ROUND($D$57*mult_euro,0)) -> 1300 | N57: =IF($E$57="","",ROUND($E$57*mult_euro,0)) -> 1385 | O57: =IF($F$57="","",ROUND($F$57*mult_euro,0)) -> 1385 | P57: =IF($G$57="","",ROUND($G$57*mult_euro,0)) -> 1415 | Q57: =IF($H$57="","",ROUND($H$57*mult_wood,0)) -> 1190 | R57: =IF($I$57="","",ROUND($I$57*mult_wood,0)) -> 1960 | S57: =IF($J$57="","",ROUND($J$57*mult_wood,0)) -> 1960 | T57: =mult_euro -> 1
A58: F7951 | B58: เสารับแรงบานเลื่อน | C58: อลูมิเนียม Fuji | D58: 2175 | E58: 2320 | F58: =E58 -> 2320 | G58: 2365 | H58: 3105 | I58: 3275 | J58: 3275 | K58: ตรงกับใบราคา PPS Fuji Eurotec 05-26 | L58: ยูโร | M58: =IF($D$58="","",ROUND($D$58*mult_euro,0)) -> 2175 | N58: =IF($E$58="","",ROUND($E$58*mult_euro,0)) -> 2320 | O58: =IF($F$58="","",ROUND($F$58*mult_euro,0)) -> 2320 | P58: =IF($G$58="","",ROUND($G$58*mult_euro,0)) -> 2365 | Q58: =IF($H$58="","",ROUND($H$58*mult_wood,0)) -> 3105 | R58: =IF($I$58="","",ROUND($I$58*mult_wood,0)) -> 3275 | S58: =IF($J$58="","",ROUND($J$58*mult_wood,0)) -> 3275 | T58: =mult_euro -> 1
A59: F7857 | B59: อแดปเตอร์บานเลือนดิจิตอล | C59: อลูมิเนียม Fuji | D59: 755 | E59: 805 | F59: =E59 -> 805 | G59: 820 | H59: 1060 | I59: 1135 | J59: 1135 | K59: ตรงกับใบราคา PPS Fuji Eurotec 05-26 | L59: ⚠️ ยังไม่มีชีทคิดทุนใช้ (เก็บเป็นราคาอ้างอิง) | M59: =IF($D$59="","",ROUND($D$59*mult_euro,0)) -> 755 | N59: =IF($E$59="","",ROUND($E$59*mult_euro,0)) -> 805 | O59: =IF($F$59="","",ROUND($F$59*mult_euro,0)) -> 805 | P59: =IF($G$59="","",ROUND($G$59*mult_euro,0)) -> 820 | Q59: =IF($H$59="","",ROUND($H$59*mult_wood,0)) -> 1060 | R59: =IF($I$59="","",ROUND($I$59*mult_wood,0)) -> 1135 | S59: =IF($J$59="","",ROUND($J$59*mult_wood,0)) -> 1135 | T59: =mult_euro -> 1
A60: F7918 | B60: เสาต่อหักมุม 90 | C60: อลูมิเนียม Fuji | D60: 840 | E60: 900 | F60: =E60 -> 900 | G60: 910 | H60: 1230 | I60: 1270 | J60: 1260 | L60: ⚠️ ยังไม่มีชีทคิดทุนใช้ (เก็บเป็นราคาอ้างอิง) | M60: =IF($D$60="","",ROUND($D$60*mult_euro,0)) -> 840 | N60: =IF($E$60="","",ROUND($E$60*mult_euro,0)) -> 900 | O60: =IF($F$60="","",ROUND($F$60*mult_euro,0)) -> 900 | P60: =IF($G$60="","",ROUND($G$60*mult_euro,0)) -> 910 | Q60: =IF($H$60="","",ROUND($H$60*mult_wood,0)) -> 1230 | R60: =IF($I$60="","",ROUND($I$60*mult_wood,0)) -> 1270 | S60: =IF($J$60="","",ROUND($J$60*mult_wood,0)) -> 1260 | T60: =mult_euro -> 1
A61: F7993 | B61: ตบปิดร่องรางเลื่อน | C61: อลูมิเนียม Fuji | D61: 95 | E61: 105 | F61: =E61 -> 105 | G61: 115 | H61: 180 | I61: 130 | J61: 125 | L61: ยูโร | M61: =IF($D$61="","",ROUND($D$61*mult_euro,0)) -> 95 | N61: =IF($E$61="","",ROUND($E$61*mult_euro,0)) -> 105 | O61: =IF($F$61="","",ROUND($F$61*mult_euro,0)) -> 105 | P61: =IF($G$61="","",ROUND($G$61*mult_euro,0)) -> 115 | Q61: =IF($H$61="","",ROUND($H$61*mult_wood,0)) -> 180 | R61: =IF($I$61="","",ROUND($I$61*mult_wood,0)) -> 130 | S61: =IF($J$61="","",ROUND($J$61*mult_wood,0)) -> 125 | T61: =mult_euro -> 1
A62: F7988 | B62: ตบปิดร่อง | C62: อลูมิเนียม Fuji | D62: 100 | E62: 110 | F62: =E62 -> 110 | G62: 115 | H62: 170 | I62: 135 | J62: 130 | L62: ยูโร | M62: =IF($D$62="","",ROUND($D$62*mult_euro,0)) -> 100 | N62: =IF($E$62="","",ROUND($E$62*mult_euro,0)) -> 110 | O62: =IF($F$62="","",ROUND($F$62*mult_euro,0)) -> 110 | P62: =IF($G$62="","",ROUND($G$62*mult_euro,0)) -> 115 | Q62: =IF($H$62="","",ROUND($H$62*mult_wood,0)) -> 170 | R62: =IF($I$62="","",ROUND($I$62*mult_wood,0)) -> 135 | S62: =IF($J$62="","",ROUND($J$62*mult_wood,0)) -> 130 | T62: =mult_euro -> 1
A63: F7994 | B63: เส้นรางเลื่อน | C63: อลูมิเนียม Fuji | D63: 150 | F63: =E63 -> 0 | L63: ยูโร | M63: =IF($D$63="","",ROUND($D$63*mult_euro,0)) -> 150 | N63: =IF($E$63="","",ROUND($E$63*mult_euro,0)) | O63: =IF($F$63="","",ROUND($F$63*mult_euro,0)) -> 0 | P63: =IF($G$63="","",ROUND($G$63*mult_euro,0)) | Q63: =IF($H$63="","",ROUND($H$63*mult_wood,0)) | R63: =IF($I$63="","",ROUND($I$63*mult_wood,0)) | S63: =IF($J$63="","",ROUND($J$63*mult_wood,0)) | T63: =mult_euro -> 1
A64: F7987 | B64: คิ้วมุ้งบานเลื่อน | C64: อลูมิเนียม Fuji | D64: 175 | E64: 185 | F64: =E64 -> 185 | G64: 190 | H64: 270 | I64: 260 | J64: 260 | L64: ⚠️ ยังไม่มีชีทคิดทุนใช้ (เก็บเป็นราคาอ้างอิง) | M64: =IF($D$64="","",ROUND($D$64*mult_euro,0)) -> 175 | N64: =IF($E$64="","",ROUND($E$64*mult_euro,0)) -> 185 | O64: =IF($F$64="","",ROUND($F$64*mult_euro,0)) -> 185 | P64: =IF($G$64="","",ROUND($G$64*mult_euro,0)) -> 190 | Q64: =IF($H$64="","",ROUND($H$64*mult_wood,0)) -> 270 | R64: =IF($I$64="","",ROUND($I$64*mult_wood,0)) -> 260 | S64: =IF($J$64="","",ROUND($J$64*mult_wood,0)) -> 260 | T64: =mult_euro -> 1
A65: F7996 | B65: คิ้วลอยช่องแสง | C65: อลูมิเนียม Fuji | D65: 500 | E65: 535 | F65: =E65 -> 535 | G65: 545 | H65: 853 | I65: 755 | J65: 755 | K65: หนา 1.5 มม. — PPS Fuji Eurotec 05-26 | L65: ⚠️ ยังไม่มีชีทคิดทุนใช้ (เก็บเป็นราคาอ้างอิง) | M65: =IF($D$65="","",ROUND($D$65*mult_euro,0)) -> 500 | N65: =IF($E$65="","",ROUND($E$65*mult_euro,0)) -> 535 | O65: =IF($F$65="","",ROUND($F$65*mult_euro,0)) -> 535 | P65: =IF($G$65="","",ROUND($G$65*mult_euro,0)) -> 545 | Q65: =IF($H$65="","",ROUND($H$65*mult_wood,0)) -> 853 | R65: =IF($I$65="","",ROUND($I$65*mult_wood,0)) -> 755 | S65: =IF($J$65="","",ROUND($J$65*mult_wood,0)) -> 755 | T65: =mult_euro -> 1
A66: F7919 | B66: คิ้วกรอบบาน | C66: อลูมิเนียม Fuji | D66: 220 | E66: 235 | F66: =E66 -> 235 | G66: 240 | H66: 295 | I66: 335 | J66: 335 | K66: ตรงกับใบราคา PPS Fuji Eurotec 05-26 | L66: ยูโร | M66: =IF($D$66="","",ROUND($D$66*mult_euro,0)) -> 220 | N66: =IF($E$66="","",ROUND($E$66*mult_euro,0)) -> 235 | O66: =IF($F$66="","",ROUND($F$66*mult_euro,0)) -> 235 | P66: =IF($G$66="","",ROUND($G$66*mult_euro,0)) -> 240 | Q66: =IF($H$66="","",ROUND($H$66*mult_wood,0)) -> 295 | R66: =IF($I$66="","",ROUND($I$66*mult_wood,0)) -> 335 | S66: =IF($J$66="","",ROUND($J$66*mult_wood,0)) -> 335 | T66: =mult_euro -> 1
A67: F7917 | B67: คิ้วกรอบบาน | C67: อลูมิเนียม Fuji | D67: 175 | E67: 185 | F67: =E67 -> 185 | G67: 190 | H67: 255 | I67: 260 | J67: 260 | L67: ⚠️ ยังไม่มีชีทคิดทุนใช้ (เก็บเป็นราคาอ้างอิง) | M67: =IF($D$67="","",ROUND($D$67*mult_euro,0)) -> 175 | N67: =IF($E$67="","",ROUND($E$67*mult_euro,0)) -> 185 | O67: =IF($F$67="","",ROUND($F$67*mult_euro,0)) -> 185 | P67: =IF($G$67="","",ROUND($G$67*mult_euro,0)) -> 190 | Q67: =IF($H$67="","",ROUND($H$67*mult_wood,0)) -> 255 | R67: =IF($I$67="","",ROUND($I$67*mult_wood,0)) -> 260 | S67: =IF($J$67="","",ROUND($J$67*mult_wood,0)) -> 260 | T67: =mult_euro -> 1
A68: F7950 | B68: คิ้วกรอบบาน | C68: อลูมิเนียม Fuji | D68: 175 | E68: 185 | F68: =E68 -> 185 | G68: 190 | H68: 255 | I68: 260 | J68: 260 | L68: 🚫 ไม่ใช้ (JR ยืนยัน 21 ส.ค. 69) | M68: =IF($D$68="","",ROUND($D$68*mult_euro,0)) -> 175 | N68: =IF($E$68="","",ROUND($E$68*mult_euro,0)) -> 185 | O68: =IF($F$68="","",ROUND($F$68*mult_euro,0)) -> 185 | P68: =IF($G$68="","",ROUND($G$68*mult_euro,0)) -> 190 | Q68: =IF($H$68="","",ROUND($H$68*mult_wood,0)) -> 255 | R68: =IF($I$68="","",ROUND($I$68*mult_wood,0)) -> 260 | S68: =IF($J$68="","",ROUND($J$68*mult_wood,0)) -> 260 | T68: =mult_euro -> 1
A69: F7952 | B69: แผ่นยึดเฟรมล่าง | C69: อลูมิเนียม Fuji | D69: 580 | E69: 620 | F69: =E69 -> 620 | G69: 635 | H69: 855 | I69: 875 | J69: 875 | K69: ตรงกับใบราคา PPS Fuji Eurotec 05-26 | L69: ⚠️ ยังไม่มีชีทคิดทุนใช้ (เก็บเป็นราคาอ้างอิง) | M69: =IF($D$69="","",ROUND($D$69*mult_euro,0)) -> 580 | N69: =IF($E$69="","",ROUND($E$69*mult_euro,0)) -> 620 | O69: =IF($F$69="","",ROUND($F$69*mult_euro,0)) -> 620 | P69: =IF($G$69="","",ROUND($G$69*mult_euro,0)) -> 635 | Q69: =IF($H$69="","",ROUND($H$69*mult_wood,0)) -> 855 | R69: =IF($I$69="","",ROUND($I$69*mult_wood,0)) -> 875 | S69: =IF($J$69="","",ROUND($J$69*mult_wood,0)) -> 875 | T69: =mult_euro -> 1
A70: F7879 | B70: ตบธรณีเรียบตัวกลาง | C70: อลูมิเนียม Fuji | D70: 375 | E70: 400 | F70: =E70 -> 400 | G70: 405 | H70: 560 | I70: 560 | J70: 560 | K70: ตรงกับใบราคา PPS Fuji Eurotec 05-26 | L70: ยูโร | M70: =IF($D$70="","",ROUND($D$70*mult_euro,0)) -> 375 | N70: =IF($E$70="","",ROUND($E$70*mult_euro,0)) -> 400 | O70: =IF($F$70="","",ROUND($F$70*mult_euro,0)) -> 400 | P70: =IF($G$70="","",ROUND($G$70*mult_euro,0)) -> 405 | Q70: =IF($H$70="","",ROUND($H$70*mult_wood,0)) -> 560 | R70: =IF($I$70="","",ROUND($I$70*mult_wood,0)) -> 560 | S70: =IF($J$70="","",ROUND($J$70*mult_wood,0)) -> 560 | T70: =mult_euro -> 1
A71: F7880 | B71: ตบธรณีเรียบตัวริม | C71: อลูมิเนียม Fuji | D71: 370 | E71: 390 | F71: =E71 -> 390 | G71: 400 | H71: 560 | I71: 555 | J71: 555 | K71: ตรงกับใบราคา PPS Fuji Eurotec 05-26 | L71: ยูโร | M71: =IF($D$71="","",ROUND($D$71*mult_euro,0)) -> 370 | N71: =IF($E$71="","",ROUND($E$71*mult_euro,0)) -> 390 | O71: =IF($F$71="","",ROUND($F$71*mult_euro,0)) -> 390 | P71: =IF($G$71="","",ROUND($G$71*mult_euro,0)) -> 400 | Q71: =IF($H$71="","",ROUND($H$71*mult_wood,0)) -> 560 | R71: =IF($I$71="","",ROUND($I$71*mult_wood,0)) -> 555 | S71: =IF($J$71="","",ROUND($J$71*mult_wood,0)) -> 555 | T71: =mult_euro -> 1
A72: F7859 | B72: เฟรมบานกระทุ้ง ไม่มีรูระบายน้ำ | C72: อลูมิเนียม Fuji | D72: 1205 | E72: 1285 | F72: =E72 -> 1285 | G72: 1315 | H72: 1970 | I72: 1815 | J72: 1815 | K72: หนา 1.5 มม. — PPS Fuji Eurotec 05-26 | L72: PC Door · กระทุ้ง · บานเปิด · บานโซลิด · บานหมุน | M72: =IF($D$72="","",ROUND($D$72*mult_euro,0)) -> 1205 | N72: =IF($E$72="","",ROUND($E$72*mult_euro,0)) -> 1285 | O72: =IF($F$72="","",ROUND($F$72*mult_euro,0)) -> 1285 | P72: =IF($G$72="","",ROUND($G$72*mult_euro,0)) -> 1315 | Q72: =IF($H$72="","",ROUND($H$72*mult_wood,0)) -> 1970 | R72: =IF($I$72="","",ROUND($I$72*mult_wood,0)) -> 1815 | S72: =IF($J$72="","",ROUND($J$72*mult_wood,0)) -> 1815 | T72: =mult_euro -> 1
A73: F7858 | B73: เฟรมบานตายคิ้วไม่มีรูระบายน้ำ | C73: อลูมิเนียม Fuji | D73: 1505 | E73: 1600 | F73: =E73 -> 1600 | G73: 1635 | H73: 2475 | I73: 2265 | J73: 2265 | K73: หนา 1.5 มม. — PPS Fuji Eurotec 05-26 | L73: ⚠️ ยังไม่มีชีทคิดทุนใช้ (เก็บเป็นราคาอ้างอิง) | M73: =IF($D$73="","",ROUND($D$73*mult_euro,0)) -> 1505 | N73: =IF($E$73="","",ROUND($E$73*mult_euro,0)) -> 1600 | O73: =IF($F$73="","",ROUND($F$73*mult_euro,0)) -> 1600 | P73: =IF($G$73="","",ROUND($G$73*mult_euro,0)) -> 1635 | Q73: =IF($H$73="","",ROUND($H$73*mult_wood,0)) -> 2475 | R73: =IF($I$73="","",ROUND($I$73*mult_wood,0)) -> 2265 | S73: =IF($J$73="","",ROUND($J$73*mult_wood,0)) -> 2265 | T73: =mult_euro -> 1
A74: F7937 | B74: เฟรมบานตายคิ้วใน | C74: อลูมิเนียม Fuji | D74: 1345 | E74: 1430 | F74: =E74 -> 1430 | G74: 1460 | H74: 2110 | I74: 2020 | J74: 2020 | K74: หนา 1.5 มม. — PPS Fuji Eurotec 05-26 | L74: ⚠️ ยังไม่มีชีทคิดทุนใช้ (เก็บเป็นราคาอ้างอิง) | M74: =IF($D$74="","",ROUND($D$74*mult_euro,0)) -> 1345 | N74: =IF($E$74="","",ROUND($E$74*mult_euro,0)) -> 1430 | O74: =IF($F$74="","",ROUND($F$74*mult_euro,0)) -> 1430 | P74: =IF($G$74="","",ROUND($G$74*mult_euro,0)) -> 1460 | Q74: =IF($H$74="","",ROUND($H$74*mult_wood,0)) -> 2110 | R74: =IF($I$74="","",ROUND($I$74*mult_wood,0)) -> 2020 | S74: =IF($J$74="","",ROUND($J$74*mult_wood,0)) -> 2020 | T74: =mult_euro -> 1
A75: F7871 | B75: เฟรมบานตายคิ้วใน (ตัวหนา) | C75: อลูมิเนียม Fuji | D75: 1620 | E75: 1725 | F75: =E75 -> 1725 | G75: 1760 | H75: 2385 | I75: 2440 | J75: 2440 | K75: ตรงกับใบราคา PPS Fuji Eurotec 05-26 | L75: ⚠️ ยังไม่มีชีทคิดทุนใช้ (เก็บเป็นราคาอ้างอิง) | M75: =IF($D$75="","",ROUND($D$75*mult_euro,0)) -> 1620 | N75: =IF($E$75="","",ROUND($E$75*mult_euro,0)) -> 1725 | O75: =IF($F$75="","",ROUND($F$75*mult_euro,0)) -> 1725 | P75: =IF($G$75="","",ROUND($G$75*mult_euro,0)) -> 1760 | Q75: =IF($H$75="","",ROUND($H$75*mult_wood,0)) -> 2385 | R75: =IF($I$75="","",ROUND($I$75*mult_wood,0)) -> 2440 | S75: =IF($J$75="","",ROUND($J$75*mult_wood,0)) -> 2440 | T75: =mult_euro -> 1
A76: F7939B | B76: เฟรมบานกระทุ้ง | C76: อลูมิเนียม Fuji | D76: 1475 | E76: 1570 | F76: =E76 -> 1570 | G76: 1605 | H76: 2476 | I76: 2220 | J76: 2220 | K76: หนา 1.5 มม. — PPS Fuji Eurotec 05-26 | L76: กระทุ้ง | M76: =IF($D$76="","",ROUND($D$76*mult_euro,0)) -> 1475 | N76: =IF($E$76="","",ROUND($E$76*mult_euro,0)) -> 1570 | O76: =IF($F$76="","",ROUND($F$76*mult_euro,0)) -> 1570 | P76: =IF($G$76="","",ROUND($G$76*mult_euro,0)) -> 1605 | Q76: =IF($H$76="","",ROUND($H$76*mult_wood,0)) -> 2476 | R76: =IF($I$76="","",ROUND($I$76*mult_wood,0)) -> 2220 | S76: =IF($J$76="","",ROUND($J$76*mult_wood,0)) -> 2220 | T76: =mult_euro -> 1
A77: F7938B | B77: เฟรมบานกระทุ้ง (ติดมุ้ง) | C77: อลูมิเนียม Fuji | D77: 1520 | E77: 1620 | F77: =E77 -> 1620 | G77: 1655 | H77: 2140 | I77: 2290 | J77: 2290 | K77: ตรงกับใบราคา PPS Fuji Eurotec 05-26 | L77: PC Door · บานเปิด · บานโซลิด · บานหมุน | M77: =IF($D$77="","",ROUND($D$77*mult_euro,0)) -> 1520 | N77: =IF($E$77="","",ROUND($E$77*mult_euro,0)) -> 1620 | O77: =IF($F$77="","",ROUND($F$77*mult_euro,0)) -> 1620 | P77: =IF($G$77="","",ROUND($G$77*mult_euro,0)) -> 1655 | Q77: =IF($H$77="","",ROUND($H$77*mult_wood,0)) -> 2140 | R77: =IF($I$77="","",ROUND($I$77*mult_wood,0)) -> 2290 | S77: =IF($J$77="","",ROUND($J$77*mult_wood,0)) -> 2290 | T77: =mult_euro -> 1
A78: F7861 | B78: ตบเฟรมแบ่งบาน | C78: อลูมิเนียม Fuji | D78: 830 | E78: 885 | F78: =E78 -> 885 | G78: 905 | H78: 1372 | I78: 1250 | J78: 1250 | K78: หนา 1.5 มม. — PPS Fuji Eurotec 05-26 | L78: ⚠️ ยังไม่มีชีทคิดทุนใช้ (เก็บเป็นราคาอ้างอิง) | M78: =IF($D$78="","",ROUND($D$78*mult_euro,0)) -> 830 | N78: =IF($E$78="","",ROUND($E$78*mult_euro,0)) -> 885 | O78: =IF($F$78="","",ROUND($F$78*mult_euro,0)) -> 885 | P78: =IF($G$78="","",ROUND($G$78*mult_euro,0)) -> 905 | Q78: =IF($H$78="","",ROUND($H$78*mult_wood,0)) -> 1372 | R78: =IF($I$78="","",ROUND($I$78*mult_wood,0)) -> 1250 | S78: =IF($J$78="","",ROUND($J$78*mult_wood,0)) -> 1250 | T78: =mult_euro -> 1
A79: F7944B | B79: กรอบมุ้ง-มุ้งนิรภัย | C79: อลูมิเนียม Fuji | D79: 1120 | E79: 1195 | F79: =E79 -> 1195 | G79: 1220 | H79: 1635 | I79: 1685 | J79: 1685 | K79: ตรงกับใบราคา PPS Fuji Eurotec 05-26 | L79: ⚠️ ยังไม่มีชีทคิดทุนใช้ (เก็บเป็นราคาอ้างอิง) | M79: =IF($D$79="","",ROUND($D$79*mult_euro,0)) -> 1120 | N79: =IF($E$79="","",ROUND($E$79*mult_euro,0)) -> 1195 | O79: =IF($F$79="","",ROUND($F$79*mult_euro,0)) -> 1195 | P79: =IF($G$79="","",ROUND($G$79*mult_euro,0)) -> 1220 | Q79: =IF($H$79="","",ROUND($H$79*mult_wood,0)) -> 1635 | R79: =IF($I$79="","",ROUND($I$79*mult_wood,0)) -> 1685 | S79: =IF($J$79="","",ROUND($J$79*mult_wood,0)) -> 1685 | T79: =mult_euro -> 1
A80: F7958B | B80: รับล็อคปิดกลางบานมุ้ง | C80: อลูมิเนียม Fuji | D80: 660 | E80: 705 | F80: =E80 -> 705 | G80: 715 | H80: 885 | I80: 995 | J80: 985 | L80: ⚠️ ยังไม่มีชีทคิดทุนใช้ (เก็บเป็นราคาอ้างอิง) | M80: =IF($D$80="","",ROUND($D$80*mult_euro,0)) -> 660 | N80: =IF($E$80="","",ROUND($E$80*mult_euro,0)) -> 705 | O80: =IF($F$80="","",ROUND($F$80*mult_euro,0)) -> 705 | P80: =IF($G$80="","",ROUND($G$80*mult_euro,0)) -> 715 | Q80: =IF($H$80="","",ROUND($H$80*mult_wood,0)) -> 885 | R80: =IF($I$80="","",ROUND($I$80*mult_wood,0)) -> 995 | S80: =IF($J$80="","",ROUND($J$80*mult_wood,0)) -> 985 | T80: =mult_euro -> 1
A81: F7998 | B81: กล่องก้านบานตายคิ้วใน | C81: อลูมิเนียม Fuji | D81: 1830 | E81: 1950 | F81: =E81 -> 1950 | G81: 1990 | H81: 2803 | I81: 2755 | J81: 2755 | K81: หนา 1.5 มม. — PPS Fuji Eurotec 05-26 | L81: ⚠️ ยังไม่มีชีทคิดทุนใช้ (เก็บเป็นราคาอ้างอิง) | M81: =IF($D$81="","",ROUND($D$81*mult_euro,0)) -> 1830 | N81: =IF($E$81="","",ROUND($E$81*mult_euro,0)) -> 1950 | O81: =IF($F$81="","",ROUND($F$81*mult_euro,0)) -> 1950 | P81: =IF($G$81="","",ROUND($G$81*mult_euro,0)) -> 1990 | Q81: =IF($H$81="","",ROUND($H$81*mult_wood,0)) -> 2803 | R81: =IF($I$81="","",ROUND($I$81*mult_wood,0)) -> 2755 | S81: =IF($J$81="","",ROUND($J$81*mult_wood,0)) -> 2755 | T81: =mult_euro -> 1
A82: F7940B | B82: กล่องก้านคิ้วนิก | C82: อลูมิเนียม Fuji | D82: 1960 | E82: 2090 | F82: =E82 -> 2090 | G82: 2135 | H82: 3201 | I82: 2955 | J82: 2955 | K82: หนา 1.5 มม. — PPS Fuji Eurotec 05-26 | L82: ⚠️ ยังไม่มีชีทคิดทุนใช้ (เก็บเป็นราคาอ้างอิง) | M82: =IF($D$82="","",ROUND($D$82*mult_euro,0)) -> 1960 | N82: =IF($E$82="","",ROUND($E$82*mult_euro,0)) -> 2090 | O82: =IF($F$82="","",ROUND($F$82*mult_euro,0)) -> 2090 | P82: =IF($G$82="","",ROUND($G$82*mult_euro,0)) -> 2135 | Q82: =IF($H$82="","",ROUND($H$82*mult_wood,0)) -> 3201 | R82: =IF($I$82="","",ROUND($I$82*mult_wood,0)) -> 2955 | S82: =IF($J$82="","",ROUND($J$82*mult_wood,0)) -> 2955 | T82: =mult_euro -> 1
A83: F7868 | B83: กล่องก้าน 2 ทางคิ้วนอก (ติดมุ้ง) | C83: อลูมิเนียม Fuji | D83: 1965 | E83: 2095 | F83: =E83 -> 2095 | G83: 2140 | H83: 2890 | I83: 2960 | J83: 2960 | K83: ตรงกับใบราคา PPS Fuji Eurotec 05-26 | L83: ⚠️ ยังไม่มีชีทคิดทุนใช้ (เก็บเป็นราคาอ้างอิง) | M83: =IF($D$83="","",ROUND($D$83*mult_euro,0)) -> 1965 | N83: =IF($E$83="","",ROUND($E$83*mult_euro,0)) -> 2095 | O83: =IF($F$83="","",ROUND($F$83*mult_euro,0)) -> 2095 | P83: =IF($G$83="","",ROUND($G$83*mult_euro,0)) -> 2140 | Q83: =IF($H$83="","",ROUND($H$83*mult_wood,0)) -> 2890 | R83: =IF($I$83="","",ROUND($I$83*mult_wood,0)) -> 2960 | S83: =IF($J$83="","",ROUND($J$83*mult_wood,0)) -> 2960 | T83: =mult_euro -> 1
A84: F7997 | B84: กล่องก้านสลับ | C84: อลูมิเนียม Fuji | D84: 1800 | E84: 1920 | F84: =E84 -> 1920 | G84: 1960 | H84: 2749 | I84: 2715 | J84: 2715 | K84: หนา 1.5 มม. — PPS Fuji Eurotec 05-26 | L84: ⚠️ ยังไม่มีชีทคิดทุนใช้ (เก็บเป็นราคาอ้างอิง) | M84: =IF($D$84="","",ROUND($D$84*mult_euro,0)) -> 1800 | N84: =IF($E$84="","",ROUND($E$84*mult_euro,0)) -> 1920 | O84: =IF($F$84="","",ROUND($F$84*mult_euro,0)) -> 1920 | P84: =IF($G$84="","",ROUND($G$84*mult_euro,0)) -> 1960 | Q84: =IF($H$84="","",ROUND($H$84*mult_wood,0)) -> 2749 | R84: =IF($I$84="","",ROUND($I$84*mult_wood,0)) -> 2715 | S84: =IF($J$84="","",ROUND($J$84*mult_wood,0)) -> 2715 | T84: =mult_euro -> 1
A85: F7854 | B85: เฟรมแบ่งบานคิ้วนอก | C85: อลูมิเนียม Fuji | D85: 1430 | E85: 1525 | F85: =E85 -> 1525 | G85: 1555 | H85: 2095 | I85: 2150 | J85: 2150 | K85: ตรงกับใบราคา PPS Fuji Eurotec 05-26 | L85: ⚠️ ยังไม่มีชีทคิดทุนใช้ (เก็บเป็นราคาอ้างอิง) | M85: =IF($D$85="","",ROUND($D$85*mult_euro,0)) -> 1430 | N85: =IF($E$85="","",ROUND($E$85*mult_euro,0)) -> 1525 | O85: =IF($F$85="","",ROUND($F$85*mult_euro,0)) -> 1525 | P85: =IF($G$85="","",ROUND($G$85*mult_euro,0)) -> 1555 | Q85: =IF($H$85="","",ROUND($H$85*mult_wood,0)) -> 2095 | R85: =IF($I$85="","",ROUND($I$85*mult_wood,0)) -> 2150 | S85: =IF($J$85="","",ROUND($J$85*mult_wood,0)) -> 2150 | T85: =mult_euro -> 1
A86: F7852 | B86: ตบเฟรมแบ่งบานคิ้วใน | C86: อลูมิเนียม Fuji | D86: 845 | E86: 900 | F86: =E86 -> 900 | G86: 920 | H86: 1205 | I86: 1275 | J86: 1275 | K86: ตรงกับใบราคา PPS Fuji Eurotec 05-26 | L86: ⚠️ ยังไม่มีชีทคิดทุนใช้ (เก็บเป็นราคาอ้างอิง) | M86: =IF($D$86="","",ROUND($D$86*mult_euro,0)) -> 845 | N86: =IF($E$86="","",ROUND($E$86*mult_euro,0)) -> 900 | O86: =IF($F$86="","",ROUND($F$86*mult_euro,0)) -> 900 | P86: =IF($G$86="","",ROUND($G$86*mult_euro,0)) -> 920 | Q86: =IF($H$86="","",ROUND($H$86*mult_wood,0)) -> 1205 | R86: =IF($I$86="","",ROUND($I$86*mult_wood,0)) -> 1275 | S86: =IF($J$86="","",ROUND($J$86*mult_wood,0)) -> 1275 | T86: =mult_euro -> 1
A87: F7999 | B87: เฟรมแบ่งบานคิ้วใน | C87: อลูมิเนียม Fuji | D87: 1440 | E87: 1535 | F87: =E87 -> 1535 | G87: 1565 | H87: 2115 | I87: 2165 | J87: 2165 | K87: ตรงกับใบราคา PPS Fuji Eurotec 05-26 | L87: ⚠️ ยังไม่มีชีทคิดทุนใช้ (เก็บเป็นราคาอ้างอิง) | M87: =IF($D$87="","",ROUND($D$87*mult_euro,0)) -> 1440 | N87: =IF($E$87="","",ROUND($E$87*mult_euro,0)) -> 1535 | O87: =IF($F$87="","",ROUND($F$87*mult_euro,0)) -> 1535 | P87: =IF($G$87="","",ROUND($G$87*mult_euro,0)) -> 1565 | Q87: =IF($H$87="","",ROUND($H$87*mult_wood,0)) -> 2115 | R87: =IF($I$87="","",ROUND($I$87*mult_wood,0)) -> 2165 | S87: =IF($J$87="","",ROUND($J$87*mult_wood,0)) -> 2165 | T87: =mult_euro -> 1
A88: F7942 | B88: ตบเฟรมแบ่งบานคิ้วนอก | C88: อลูมิเนียม Fuji | D88: 865 | E88: 920 | F88: =E88 -> 920 | G88: 940 | H88: 1270 | I88: 1300 | J88: 1300 | K88: ตรงกับใบราคา PPS Fuji Eurotec 05-26 | L88: ⚠️ ยังไม่มีชีทคิดทุนใช้ (เก็บเป็นราคาอ้างอิง) | M88: =IF($D$88="","",ROUND($D$88*mult_euro,0)) -> 865 | N88: =IF($E$88="","",ROUND($E$88*mult_euro,0)) -> 920 | O88: =IF($F$88="","",ROUND($F$88*mult_euro,0)) -> 920 | P88: =IF($G$88="","",ROUND($G$88*mult_euro,0)) -> 940 | Q88: =IF($H$88="","",ROUND($H$88*mult_wood,0)) -> 1270 | R88: =IF($I$88="","",ROUND($I$88*mult_wood,0)) -> 1300 | S88: =IF($J$88="","",ROUND($J$88*mult_wood,0)) -> 1300 | T88: =mult_euro -> 1
A89: F7943B | B89: กรอบบานกระทุ้ง | C89: อลูมิเนียม Fuji | D89: 1510 | E89: 1610 | F89: =E89 -> 1610 | G89: 1645 | H89: 2521 | I89: 2275 | J89: 2275 | K89: หนา 1.5 มม. — PPS Fuji Eurotec 05-26 | L89: กระทุ้ง | M89: =IF($D$89="","",ROUND($D$89*mult_euro,0)) -> 1510 | N89: =IF($E$89="","",ROUND($E$89*mult_euro,0)) -> 1610 | O89: =IF($F$89="","",ROUND($F$89*mult_euro,0)) -> 1610 | P89: =IF($G$89="","",ROUND($G$89*mult_euro,0)) -> 1645 | Q89: =IF($H$89="","",ROUND($H$89*mult_wood,0)) -> 2521 | R89: =IF($I$89="","",ROUND($I$89*mult_wood,0)) -> 2275 | S89: =IF($J$89="","",ROUND($J$89*mult_wood,0)) -> 2275 | T89: =mult_euro -> 1
A90: F7945C | B90: เสารับล็อกเปิดกลาง | C90: อลูมิเนียม Fuji | D90: 820 | E90: 875 | F90: =E90 -> 875 | G90: 890 | H90: 1100 | I90: 1235 | J90: 1235 | K90: ตรงกับใบราคา PPS Fuji Eurotec 05-26 | L90: PC Door · กระทุ้ง · บานเปิด · บานโซลิด · บานหมุน | M90: =IF($D$90="","",ROUND($D$90*mult_euro,0)) -> 820 | N90: =IF($E$90="","",ROUND($E$90*mult_euro,0)) -> 875 | O90: =IF($F$90="","",ROUND($F$90*mult_euro,0)) -> 875 | P90: =IF($G$90="","",ROUND($G$90*mult_euro,0)) -> 890 | Q90: =IF($H$90="","",ROUND($H$90*mult_wood,0)) -> 1100 | R90: =IF($I$90="","",ROUND($I$90*mult_wood,0)) -> 1235 | S90: =IF($J$90="","",ROUND($J$90*mult_wood,0)) -> 1235 | T90: =mult_euro -> 1
A91: F7960 | B91: ตบธรณี | C91: อลูมิเนียม Fuji | D91: 610 | E91: 650 | F91: =E91 -> 650 | G91: 665 | H91: 870 | I91: 920 | J91: 920 | K91: ตรงกับใบราคา PPS Fuji Eurotec 05-26 | L91: PC Door · บานเปิด · บานโซลิด · บานหมุน | M91: =IF($D$91="","",ROUND($D$91*mult_euro,0)) -> 610 | N91: =IF($E$91="","",ROUND($E$91*mult_euro,0)) -> 650 | O91: =IF($F$91="","",ROUND($F$91*mult_euro,0)) -> 650 | P91: =IF($G$91="","",ROUND($G$91*mult_euro,0)) -> 665 | Q91: =IF($H$91="","",ROUND($H$91*mult_wood,0)) -> 870 | R91: =IF($I$91="","",ROUND($I$91*mult_wood,0)) -> 920 | S91: =IF($J$91="","",ROUND($J$91*mult_wood,0)) -> 920 | T91: =mult_euro -> 1
A92: F7959 | B92: กล่องค้ำบานมุ้ง | C92: อลูมิเนียม Fuji | D92: 535 | E92: 570 | F92: =E92 -> 570 | G92: 585 | H92: 800 | I92: 810 | J92: 810 | K92: ตรงกับใบราคา PPS Fuji Eurotec 05-26 | L92: ⚠️ ยังไม่มีชีทคิดทุนใช้ (เก็บเป็นราคาอ้างอิง) | M92: =IF($D$92="","",ROUND($D$92*mult_euro,0)) -> 535 | N92: =IF($E$92="","",ROUND($E$92*mult_euro,0)) -> 570 | O92: =IF($F$92="","",ROUND($F$92*mult_euro,0)) -> 570 | P92: =IF($G$92="","",ROUND($G$92*mult_euro,0)) -> 585 | Q92: =IF($H$92="","",ROUND($H$92*mult_wood,0)) -> 800 | R92: =IF($I$92="","",ROUND($I$92*mult_wood,0)) -> 810 | S92: =IF($J$92="","",ROUND($J$92*mult_wood,0)) -> 810 | T92: =mult_euro -> 1
A93: F7865B | B93: แผงประตู | C93: อลูมิเนียม Fuji | D93: 1710 | E93: 1835 | F93: =E93 -> 1835 | G93: 1850 | H93: 2355 | I93: 2580 | J93: 2560 | L93: ⚠️ ยังไม่มีชีทคิดทุนใช้ (เก็บเป็นราคาอ้างอิง) | M93: =IF($D$93="","",ROUND($D$93*mult_euro,0)) -> 1710 | N93: =IF($E$93="","",ROUND($E$93*mult_euro,0)) -> 1835 | O93: =IF($F$93="","",ROUND($F$93*mult_euro,0)) -> 1835 | P93: =IF($G$93="","",ROUND($G$93*mult_euro,0)) -> 1850 | Q93: =IF($H$93="","",ROUND($H$93*mult_wood,0)) -> 2355 | R93: =IF($I$93="","",ROUND($I$93*mult_wood,0)) -> 2580 | S93: =IF($J$93="","",ROUND($J$93*mult_wood,0)) -> 2560 | T93: =mult_euro -> 1
A94: F7965 | B94: ลูกฟักแบ่งบาน | C94: อลูมิเนียม Fuji | D94: 1090 | E94: 1165 | F94: =E94 -> 1165 | G94: 1190 | H94: 1731 | I94: 1645 | J94: 1645 | K94: หนา 1.5 มม. — PPS Fuji Eurotec 05-26 | L94: ⚠️ ยังไม่มีชีทคิดทุนใช้ (เก็บเป็นราคาอ้างอิง) | M94: =IF($D$94="","",ROUND($D$94*mult_euro,0)) -> 1090 | N94: =IF($E$94="","",ROUND($E$94*mult_euro,0)) -> 1165 | O94: =IF($F$94="","",ROUND($F$94*mult_euro,0)) -> 1165 | P94: =IF($G$94="","",ROUND($G$94*mult_euro,0)) -> 1190 | Q94: =IF($H$94="","",ROUND($H$94*mult_wood,0)) -> 1731 | R94: =IF($I$94="","",ROUND($I$94*mult_wood,0)) -> 1645 | S94: =IF($J$94="","",ROUND($J$94*mult_wood,0)) -> 1645 | T94: =mult_euro -> 1
A95: F7946 | B95: คิ้วตบในบานตาย | C95: อลูมิเนียม Fuji | D95: 255 | E95: 270 | F95: =E95 -> 270 | G95: 275 | H95: 365 | I95: 385 | J95: 385 | K95: ตรงกับใบราคา PPS Fuji Eurotec 05-26 | L95: ⚠️ ยังไม่มีชีทคิดทุนใช้ (เก็บเป็นราคาอ้างอิง) | M95: =IF($D$95="","",ROUND($D$95*mult_euro,0)) -> 255 | N95: =IF($E$95="","",ROUND($E$95*mult_euro,0)) -> 270 | O95: =IF($F$95="","",ROUND($F$95*mult_euro,0)) -> 270 | P95: =IF($G$95="","",ROUND($G$95*mult_euro,0)) -> 275 | Q95: =IF($H$95="","",ROUND($H$95*mult_wood,0)) -> 365 | R95: =IF($I$95="","",ROUND($I$95*mult_wood,0)) -> 385 | S95: =IF($J$95="","",ROUND($J$95*mult_wood,0)) -> 385 | T95: =mult_euro -> 1
A96: F7947 | B96: คิ้วตบนอกบานตาย | C96: อลูมิเนียม Fuji | D96: 280 | E96: 300 | F96: =E96 -> 300 | G96: 305 | H96: 415 | I96: 425 | J96: 425 | K96: ตรงกับใบราคา PPS Fuji Eurotec 05-26 | L96: ⚠️ ยังไม่มีชีทคิดทุนใช้ (เก็บเป็นราคาอ้างอิง) | M96: =IF($D$96="","",ROUND($D$96*mult_euro,0)) -> 280 | N96: =IF($E$96="","",ROUND($E$96*mult_euro,0)) -> 300 | O96: =IF($F$96="","",ROUND($F$96*mult_euro,0)) -> 300 | P96: =IF($G$96="","",ROUND($G$96*mult_euro,0)) -> 305 | Q96: =IF($H$96="","",ROUND($H$96*mult_wood,0)) -> 415 | R96: =IF($I$96="","",ROUND($I$96*mult_wood,0)) -> 425 | S96: =IF($J$96="","",ROUND($J$96*mult_wood,0)) -> 425 | T96: =mult_euro -> 1
A97: F7968 | B97: เฟรมบานเฟี้ยม | C97: อลูมิเนียม Fuji | D97: 3415 | E97: 3640 | F97: =E97 -> 3640 | G97: 3715 | H97: 4980 | I97: 5140 | J97: 5140 | K97: ตรงกับใบราคา PPS Fuji Eurotec 05-26 | L97: เฟี้ยมยก · เฟี้ยมยูโร | M97: =IF($D$97="","",ROUND($D$97*mult_euro,0)) -> 3415 | N97: =IF($E$97="","",ROUND($E$97*mult_euro,0)) -> 3640 | O97: =IF($F$97="","",ROUND($F$97*mult_euro,0)) -> 3640 | P97: =IF($G$97="","",ROUND($G$97*mult_euro,0)) -> 3715 | Q97: =IF($H$97="","",ROUND($H$97*mult_wood,0)) -> 4980 | R97: =IF($I$97="","",ROUND($I$97*mult_wood,0)) -> 5140 | S97: =IF($J$97="","",ROUND($J$97*mult_wood,0)) -> 5140 | T97: =mult_euro -> 1
A98: F7969 | B98: เฟรมล่างบานเฟี้ยม | C98: อลูมิเนียม Fuji | D98: 1895 | E98: 2020 | F98: =E98 -> 2020 | G98: 2060 | H98: 2745 | I98: 2850 | J98: 2850 | K98: ตรงกับใบราคา PPS Fuji Eurotec 05-26 | L98: เฟี้ยมยก · เฟี้ยมยูโร | M98: =IF($D$98="","",ROUND($D$98*mult_euro,0)) -> 1895 | N98: =IF($E$98="","",ROUND($E$98*mult_euro,0)) -> 2020 | O98: =IF($F$98="","",ROUND($F$98*mult_euro,0)) -> 2020 | P98: =IF($G$98="","",ROUND($G$98*mult_euro,0)) -> 2060 | Q98: =IF($H$98="","",ROUND($H$98*mult_wood,0)) -> 2745 | R98: =IF($I$98="","",ROUND($I$98*mult_wood,0)) -> 2850 | S98: =IF($J$98="","",ROUND($J$98*mult_wood,0)) -> 2850 | T98: =mult_euro -> 1
A99: F7970 | B99: เฟรมข้างบานเฟี้ยม | C99: อลูมิเนียม Fuji | D99: 1120 | E99: 1195 | F99: =E99 -> 1195 | G99: 1220 | H99: 1685 | I99: 1685 | J99: 1685 | K99: ตรงกับใบราคา PPS Fuji Eurotec 05-26 | L99: เฟี้ยมยก · เฟี้ยมยูโร | M99: =IF($D$99="","",ROUND($D$99*mult_euro,0)) -> 1120 | N99: =IF($E$99="","",ROUND($E$99*mult_euro,0)) -> 1195 | O99: =IF($F$99="","",ROUND($F$99*mult_euro,0)) -> 1195 | P99: =IF($G$99="","",ROUND($G$99*mult_euro,0)) -> 1220 | Q99: =IF($H$99="","",ROUND($H$99*mult_wood,0)) -> 1685 | R99: =IF($I$99="","",ROUND($I$99*mult_wood,0)) -> 1685 | S99: =IF($J$99="","",ROUND($J$99*mult_wood,0)) -> 1685 | T99: =mult_euro -> 1
A100: F7972 | B100: กรอบบานเฟี้ยม | C100: อลูมิเนียม Fuji | D100: 1885 | E100: 2020 | F100: =E100 -> 2020 | G100: 2040 | H100: 2650 | I100: 2845 | J100: 2825 | L100: เฟี้ยมยก · เฟี้ยมยูโร | M100: =IF($D$100="","",ROUND($D$100*mult_euro,0)) -> 1885 | N100: =IF($E$100="","",ROUND($E$100*mult_euro,0)) -> 2020 | O100: =IF($F$100="","",ROUND($F$100*mult_euro,0)) -> 2020 | P100: =IF($G$100="","",ROUND($G$100*mult_euro,0)) -> 2040 | Q100: =IF($H$100="","",ROUND($H$100*mult_wood,0)) -> 2650 | R100: =IF($I$100="","",ROUND($I$100*mult_wood,0)) -> 2845 | S100: =IF($J$100="","",ROUND($J$100*mult_wood,0)) -> 2825 | T100: =mult_euro -> 1
...

Sheet บันทึกราคาขึ้น
A1: 📈 บันทึกราคาขึ้น — ทุน @ บานมาตรฐาน 150×150 ซม (2.25 ตร.ม.) | I1: 🏠 สารบัญ
A2: ทุก ครั้งที่อลู/กก. ขึ้น → มดเพิ่มคอลัมน์วันที่ใหม่ + %ขึ้น · ดูได้ว่าบานไหนขึ้นเท่าไหร่ + ตรวจว่าเพิ่มถูก (ทุน=วัสดุ อลู+กระจก+อุปกรณ์ ไม่รวมค่าแรง · อลูเท่านั้นที่ขึ้นตาม/กก.)
A4: ① ประวัติเรตอลู (บาท/กก.)
A5: วันที่ | B5: SMS | C5: ยูโร/Fuji | D5: SlimLux | E5: Velora | F5: เมืองทอง | H5: 📌 เก็บประวัติ: เลือกแถว "ปัจจุบัน" ทั้งแถว → Ctrl+C → คลิกแถวว่างข้างล่าง → คลิกขวา → วางค่า (123) → เสร็จ · แล้วไปแก้ราคา+วันที่ที่ชีท "อัปเดตราคาอลู"
A6: =อัปเดตราคาอลู!$B$2 -> 24/8/69 | B6: =อัปเดตราคาอลู!B4 -> 187 | C6: =อัปเดตราคาอลู!B5 -> 187 | D6: =อัปเดตราคาอลู!B6 -> 164 | E6: =อัปเดตราคาอลู!B7 -> 230 | F6: =อัปเดตราคาอลู!B8 -> 188
A14: ② ทุน @150×150 ต่อบาน (บาท)
A15: บาน | B15: config | C15: ทุนอลูฐาน | D15: กระจก+อุปกรณ์ | E15: ทุนรวม ปัจจุบัน (สูตร live) | F15: 25/6/69 (บันทึก) | G15: %ขึ้น
A16: บานเลื่อน SMS | B16: 2 บาน | C16: 7365 | D16: 1881 | E16: =ROUND(C16*mult_sms+D16,0) -> 9246 | F16: 9246 | G16: ฐาน
A17: บานเลื่อน ยูโร | B17: 2 บาน | C17: 11220 | D17: 2145 | E17: =ROUND(C17*mult_euro+D17,0) -> 13365 | F17: 13365 | G17: ฐาน
A18: บานเลื่อน SlimLux | B18: 2 บาน | C18: 5968 | D18: 6953 | E18: =ROUND(C18*mult_slim+D18,0) -> 12921 | F18: 12921 | G18: ฐาน
A19: บานเลื่อน Velora | B19: 2 บาน | C19: 2207 | D19: 3263 | E19: =ROUND(C19*mult_velora+D19,0) -> 5470 | F19: 5470 | G19: ฐาน
A20: บานเลื่อน E-series | B20: 2 บาน | C20: 11158 | D20: 1527 | E20: =ROUND(C20*mult_sms+D20,0) -> 12685 | F20: 12685 | G20: ฐาน
A21: บานเปิด (ยูโร) | B21: 2 บาน | C21: 8560 | D21: 3255 | E21: =ROUND(C21*mult_euro+D21,0) -> 11815 | F21: 11815 | G21: ฐาน
A22: PC Door | B22: 1 บาน | C22: 5430 | D22: 3044 | E22: =ROUND(C22*mult_euro+D22,0) -> 8474 | F22: 8474 | G22: ฐาน
A23: บานกระทุ้ง | B23: 1 บาน | C23: 4340 | D23: 1924 | E23: =ROUND(C23*mult_euro+D23,0) -> 6264 | F23: 6264 | G23: ฐาน
A24: บานยก | B24: 1 บาน | C24: 5005 | D24: 3419 | E24: =ROUND(C24*mult_euro+D24,0) -> 8424 | F24: 8424 | G24: ฐาน
A25: บานเฟี้ยม | B25: 4 บาน | C25: 10470 | D25: 6807 | E25: =ROUND(C25*mult_euro+D25,0) -> 17277 | F25: 17277 | G25: ฐาน
A26: เฟี้ยมยูโร | B26: 4 บาน | C26: 13294 | D26: 2917 | E26: =ROUND(C26*mult_euro+D26,0) -> 16211 | F26: 16211 | G26: ฐาน
A27: บานติดตาย | B27: - | C27: 3240 | D27: 764 | E27: =ROUND(C27*mult_mtong+D27,0) -> 4004 | F27: 4004 | G27: ฐาน
A28: ตายดัดโค้ง | B28: - | C28: 0 | D28: 5100 | E28: =ROUND(C28*mult_mtong+D28,0) -> 5100 | F28: 5100 | G28: ฐาน
A29: เปิดดัดโค้ง | B29: 2 บาน | C29: 0 | D29: 28077 | E29: =ROUND(C29*mult_mtong+D29,0) -> 28077 | F29: 28077 | G29: ฐาน
A30: บานเลื่อนรางบน | B30: 2 บาน | C30: 4770 | D30: 7803 | E30: =ROUND(2990*mult_mtong+1780*mult_sms+D30,0) -> 12573 | F30: 12573 | G30: ฐาน
A32: 🔧 วิธีเพิ่มรอบใหม่เมื่ออลูขึ้น:
A33: 1) แก้ราคา/กก. ที่ชีท "อัปเดตราคาอลู" → ช่อง "ทุนรวม ปัจจุบัน(สูตร)" ขยับเอง
A34: 2) มดเพิ่ม 2 คอลัมน์ใหม่ (วันที่ + %ขึ้น) คัดค่าจากช่องสูตร + เพิ่มแถวเรตใน ① → ได้ประวัติว่าบานไหนขึ้นเท่าไหร่
A35: หมายเหตุ: ตายดัดโค้ง/เปิดดัดโค้ง อลูตั้งราคาตายตัว ไม่ขึ้นตาม/กก. · รางบน/เฟี้ยม สูตร live ประมาณ (เลขเป๊ะดูคอลัมน์บันทึกวันที่)
A37: ⚠️ ทุนอลูฐาน(ส้ม)/กระจก+อุปกรณ์(เทา) = ค่าคงที่ @150×150 · ทุนรวม(เขียว) = อลูฐาน×ตัวคูณ + อื่นๆ → ขึ้นเองเมื่อ/กก.ขึ้น

Sheet ราคางานเสริม
A1: ⚠️ แก้ราคาที่นี่ → 📋 ราคาวัสดุงานเสริม — แก้ราคาที่นี่ที่เดียว (ช่องเหลือง) · ทุกชีทดึงไปใช้อัตโนมัติ | G1: 🏠 สารบัญ
A3: ▶ ฝ้ายิปซัม
A4: งาน | B4: วัสดุ | C4: หน่วย | D4: ราคา (บาท)
A5: ฝ้ายิปซัม | B5: แผ่นยิปซัม 9มม | C5: แผ่น | D5: 284
A6: ฝ้ายิปซัม | B6: โครงซีไลน์ (ฟิวริ่ง) | C6: เส้น | D6: 50
A7: ฝ้ายิปซัม | B7: โครงเคร่าหลัก (อาบ) | C7: เส้น | D7: 50
A8: ฝ้ายิปซัม | B8: ขาแขวน | C8: เส้น | D8: 50
A9: ฝ้ายิปซัม | B9: สกรูยึดแผ่น | C9: ตัว | D9: 0.5
A10: ฝ้ายิปซัม | B10: สกรูยึดโครง | C10: ตัว | D10: 0.5
A11: ฝ้ายิปซัม | B11: ปูนฉาบรอยต่อ | C11: ถุง | D11: 240
A12: ฝ้ายิปซัม | B12: เทป/ตาข่าย | C12: ม้วน | D12: 70
A13: ฝ้ายิปซัม | B13: ฉากโอบ อลู 4หุน | C13: เส้น | D13: 70
A14: ฝ้ายิปซัม | B14: ฉนวน rockwool 3" | C14: แผ่น | D14: 130
A15: ▶ งานไฟ
A16: งาน | B16: วัสดุ | C16: หน่วย | D16: ราคา (บาท)
A17: งานไฟ | B17: ไฟดาวน์ไลท์ | C17: ดวง | D17: 300
A18: งานไฟ | B18: เต้ารับ+หน้ากาก | C18: จุด | D18: 300
A19: งานไฟ | B19: สวิตช์+หน้ากาก | C19: จุด | D19: 300
A20: งานไฟ | B20: กล่องไฟ | C20: กล่อง | D20: 35
A21: งานไฟ | B21: สายไฟ THW/VAF | C21: เมตร | D21: 40
A22: งานไฟ | B22: ท่อ PVC+ข้อต่อ | C22: เมตร | D22: 6.6666667
A23: งานไฟ | B23: เทป+เบ็ดเตล็ด | C23: งาน | D23: 400
A24: ▶ สมาร์ทบอร์ด
A25: งาน | B25: วัสดุ | C25: หน่วย | D25: ราคา (บาท)
A26: สมาร์ทบอร์ด | B26: แผ่นสมาร์ทบอร์ด 12มม | C26: แผ่น | D26: 500
A27: สมาร์ทบอร์ด | B27: โครงเหล็กกรอบ 1½×3" | C27: เส้น | D27: 440
A28: สมาร์ทบอร์ด | B28: ซีไลน์ 3" ดิ่ง | C28: เส้น | D28: 62
A29: สมาร์ทบอร์ด | B29: ซีไลน์ 3" นอน | C29: เส้น | D29: 62
A30: สมาร์ทบอร์ด | B30: ฉนวน 3" | C30: แผ่น | D30: 130
A31: สมาร์ทบอร์ด | B31: สกรูยึดแผ่น | C31: ตัว | D31: 0.5
A32: สมาร์ทบอร์ด | B32: สกรูยึดโครง | C32: ตัว | D32: 0.5
A33: สมาร์ทบอร์ด | B33: ปูนฉาบรอยต่อ | C33: ถุง | D33: 240
A34: สมาร์ทบอร์ด | B34: เทป/ตาข่าย | C34: ม้วน | D34: 70
A35: ▶ ไอโซวอล
A36: งาน | B36: วัสดุ | C36: หน่วย | D36: ราคา (บาท)
A37: ไอโซวอล | B37: แผ่นไอโซวอล ≤2.4ม | C37: แผ่น | D37: 2016
A38: ไอโซวอล | B38: แผ่นไอโซวอล >2.4ม | C38: แผ่น | D38: 2520
A39: ไอโซวอล | B39: กล่อง 1.6×4" โครงรอบ | C39: เส้น | D39: 1220
A40: ไอโซวอล | B40: ฉาก 4หุน | C40: เส้น | D40: 70
A41: ไอโซวอล | B41: สกรู/รีเวท | C41: งาน | D41: 50
A42: ▶ สมาร์ทบอร์ดพื้น | B42: ซิลิโคน/ซีล | C42: หลอด | D42: 90
A43: สมาร์ทบอร์ดพื้น | B43: แผ่นสมาร์ทบอร์ด 20มม | C43: แผ่น | D43: 750
A44: งาน | B44: วัสดุ | C44: หน่วย | D44: ราคา (บาท)
A45: ฝ้าไม้เทียม | B45: ขาจับฝ้า (ไม้ทิพย์) | C45: เส้น | D45: 190
A46: ฝ้าไม้เทียม | B46: โครงซีไลน์ | C46: เส้น | D46: 50

Sheet ราคาออโต้
A1: ⚠️ แก้ราคาที่นี่ → ราคาออโต้/มอเตอร์ (ทุน) — มดอัปเดตที่นี่ที่เดียว · ชีทบานติ๊กเลือกแล้วดึงมาใช้ | G1: 🏠 สารบัญ
A2: หมวด/บาน | B2: รุ่น/รายการ | C2: ราคา | D2: ค่าส่ง | E2: หน่วย/เงื่อนไข
A3: บานยก / เฟี้ยมยก | B3: ยก 80 กก. | C3: 4500 | D3: 1700
B4: ยก 300 กก. | C4: 12500 | D4: 1700
A5: หลังคาเลื่อน | B5: 80 กก. | C5: 4500 | D5: 1700
B6: 300 กก. | C6: 12500 | D6: 1700
B7: 1500 กก. | C7: 13325 | D7: 1700 | E7: รวมฟันเฟือง+เซนเซอร์อัตโนมัติ (ระบบบวกให้แล้ว)
B8: ฟันเฟือง (เฉพาะ1500) | C8: 340 | E8: บาท/ม. × ระยะเลื่อน · บวกอัตโนมัติเมื่อเลือก 1500 กก.
B9: เซนเซอร์กันฝน (ออป,1500) | C9: 1100 | E9: บวกอัตโนมัติเมื่อเลือก 1500 กก. (บังคับ ไม่ใช่ออปชั่นแล้ว)
A10: บานเกล็ด 38.1 | B10: มอเตอร์บานเกล็ด | C10: 1800 | E10: ไม่มีค่าส่ง
A11: ระแนงหมุน | B11: มอเตอร์ระแนงหมุน | C11: 1800 | E11: รวมส่งแล้ว
A12: บานกระทุ้ง | B12: โช็ค เปิด 50 | C12: 3575 | D12: 1700 | E12: 2 ตัว→+อุปกรณ์พิเศษ
B13: โช็ค เปิด 80 | C13: 3725 | D13: 1700 | E13: 2 ตัว→+อุปกรณ์พิเศษ
B14: โซ่เดี่ยว 50 | C14: 1900 | D14: 1700
B15: โซ่คู่ 50 | C15: 2600 | D15: 1700
B16: อุปกรณ์พิเศษ (โช็ค 2 ตัว) | C16: 600 | E16: บวกเมื่อใช้ 2 ตัว
A17: เลื่อน SMS/ยูโร | B17: Evecca (จีน) | C17: 13480 | D17: 1700 | E17: 1 บาน
B18: สายพาน Evecca | C18: 75 | E18: บาท/ม. = กว้างช่อง×2
B19: ออป Smart lock | C19: 6500 | E19: ออปชั่น Evecca
B20: ช่างแซก | C20: 8000 | E20: ไม่มีค่าส่ง
B21: เซฟตี้ตาแมว (บังคับช่างแซก) | C21: 1000 | E21: บวกทุกชุดช่างแซก
B22: ราง ช่างแซก | C22: 950 | E22: บาท/ม. = กว้างช่อง
B23: ออป Touch Switch (ช่างแซก) | C23: 1000 | E23: ออปชั่น
B24: ออป Infrared (ช่างแซก) | C24: 9000 | E24: ออปชั่น
A25: SlimLux | B25: ชุด SlimLux (บานแรก) | C25: 6900 | D25: 1700 | E25: บานแรก
B26: บานเพิ่ม | C26: 2250 | E26: บาท/บานเพิ่ม
B27: ราง SlimLux | C27: 1100 | E27: บาท/ม. = กว้างช่อง×จำนวนบาน
B28: ออป สแกนหน้า (บังคับเลือก1) | C28: 2750 | E28: เลือก 1 ใน 2
B29: ออป Touch Switch (บังคับเลือก1) | C29: 100 | E29: เลือก 1 ใน 2
A30: ประตูรั้ว | B30: มอเตอร์ประตูรั้ว | C30: 10000 | E30: บาท/ชุด
B31: รีโมทประตูรั้ว | C31: 500 | E31: บาท/ตัว
B32: เดินไฟ ประตูรั้ว (เหมา) | C32: 2000 | E32: บาท/ชุด (เหมา)

Sheet ราคาหลังคา
A1: ⚠️ แก้ราคาที่นี่ → ราคาแผ่นหลังคา + วัสดุปิดผิว (โปรไฟล์อลูดูที่ชีทราคาสี · เหล็กดูที่ชีทราคาเหล็ก) | F1: 🏠 สารบัญ
A2: วัสดุปิดผิว
B3: วัสดุ | C3: หน่วย | D3: ราคา (บาท) | E3: หมายเหตุ
B4: ไวนิล | C4: แผ่น (7 ม.) | D4: 1540 | E4: จันทันห่าง ≤100 ซม.
B5: ฝาครอบไวนิล | C5: เส้น (7 ม.) | D5: 245 | E5: 1 เส้น/แผ่นไวนิล
B6: ดีไลท์ | C6: แผ่น (6 ม.) | D6: 4700 | E6: ฝาครอบแถมฟรี
B7: โพลีตัน | C7: เมตร | D7: 1200 | E7: จันทันห่าง ≤122 ซม.
B8: ตัวครอบโพลีตัน | C8: จุด/จันทัน | D8: 420 | E8: 1 จุดต่อ 1 จันทัน
B9: ชินโคร์ไลท์ Heat Cut | C9: ตร.ม. | D9: 2800 | E9: รวมฝาครอบ
B10: ชินโคร์ไลท์ Superior | C10: ตร.ม. | D10: 2100 | E10: รวมฝาครอบ
B11: เมทัลชีท PU 2" Snap | C11: ตร.ม. | D11: 2200 | E11: จันทันห่าง ≤100 ซม.
B12: กระจกลามิเนต 4+4 | C12: ตร.ม. | D12: =ราคากระจก!$B$32 -> 883 | E12: ดึงจากชีท "ราคากระจก" — แก้ที่นั่น
B13: กระจกลามิเนต 5+5 | C13: ตร.ม. | D13: =ราคากระจก!$B$33 -> 861 | E13: ดึงจากชีท "ราคากระจก" — แก้ที่นั่น
B14: ชินโคร์ Shade 4มม. | C14: ตร.ม. | D14: 1050 | E14: กว้าง 1.38ม. · CPP 01-05-69
B15: ชินโคร์ Prime 10มม. | C15: ตร.ม. | D15: 4348 | E15: กว้าง 1.38ม. · N828/562
B16: รางหลังคาเลื่อน | C16: เส้น | D16: 4080
B17: เมทัลชีท EPS 2" | C17: ตร.ม. | D17: 1400 | E17: จันทันห่าง ไม่เกิน 100 ซม.
A19: ▶ ปลายหลังคา / รางน้ำ
B20: รางน้ำสแตนเลส M | C20: เมตร | D20: 990 | E20: สแตนเลส — ไม่คูณตัวคูณอลู
B21: รางน้ำสแตนเลส L | C21: เมตร | D21: 1035 | E21: สแตนเลส — ไม่คูณตัวคูณอลู

Sheet ราคาเหล็ก
A1: ⚠️ แก้ราคาที่นี่ → ราคาเหล็กกล่อง (เหล็กชุบซิงค์) เส้นยาว 6 ม. — แก้ช่อง "ราคา/เส้น" เมื่อเหล็กขึ้น | F1: 🏠 สารบัญ
A2: เหล็กกล่องชุบซิงค์ (โครงหลังคา / รั้ว / โครงเสริม)
A3: รายการ | B3: ขนาด (นิ้ว) | C3: ยาว/เส้น (ม.) | D3: ราคา/เส้น (บาท) | E3: ราคา/เมตร (บาท) | F3: ใช้ที่ไหน
A4: กล่องเหล็กชุบซิงค์ | B4: 1"×1" | C4: 6 | D4: 170 | E4: =ROUND(D4/C4,2) -> 28.33 | F4: หลังคาทุกชนิด (เสริมโครง) · ทุน* ทุกชีท — ใช้ตลอด
A5: กล่องเหล็กชุบซิงค์ | B5: 1½"×3" | C5: 6 | D5: 460 | E5: =ROUND(D5/C5,2) -> 76.67 | F5: ⚠ ยังไม่ได้เสียบใช้งาน (เก็บไว้เผื่ออนาคต)
A6: กล่องเหล็กชุบซิงค์ | B6: 2"×4" | C6: 6 | D6: 600 | E6: =ROUND(D6/C6,2) -> 100 | F6: สมาร์ทบอร์ดพื้น (ตง/คาน) ใช้ตลอด · จันทันหลังคา เฉพาะเลือกโครง "เหล็กชุบซิงค์"
A7: กล่องเหล็กชุบซิงค์ | B7: 4"×4" | C7: 6 | D7: 940 | E7: =ROUND(D7/C7,2) -> 156.67 | F7: ⚠ ยังไม่ได้เสียบใช้งาน (เก็บไว้เผื่ออนาคต)
A8: กล่องเหล็กชุบซิงค์ | B8: 1"×2" | C8: 6 | D8: 280 | E8: =ROUND(D8/C8,2) -> 46.67 | F8: แปหลังคา เฉพาะเลือกโครง "เหล็กชุบซิงค์" (ที่ คิดทุน หลังคา (รวม) ช่อง F3)
A9: เพลทเหล็กชุบซิงค์ | B9: - | C9: - | D9: 15 | F9: ยึดด้านหลัง — หลังคาทุกชนิด
A10: เหล็กยัดเสา (ในกล่องอลู 4"x4") | B10: - | C10: 6 | D10: 860 | F10: ประตูรั้ว — ยัดในเสาอลู

Sheet ค่าแรง
A1: ⚠️ แก้ราคาที่นี่ → ค่าแรง ผลิต + ติดตั้ง (สูตร: ค่าเริ่มต้น + เรต×ตร.ม.) — จากไฟล์ค่าแรง นิด | G1: 🏠 สารบัญ
A3: เลือกแบบ → | B3: Velora
A4: พื้นที่ (ตร.ม.) → | B4: 15.4
A5: ค่าแรงผลิต = | B5: =MAX(0,VLOOKUP(B3,$A$12:$E$58,2,0)+VLOOKUP(B3,$A$12:$E$58,3,0)*B4) -> 1373.75
A6: ค่าแรงติดตั้ง = | B6: =MAX(0,VLOOKUP(B3,$A$12:$E$58,4,0)+VLOOKUP(B3,$A$12:$E$58,5,0)*B4) -> 1723.75
A7: รวมค่าแรง (ผลิต+ติดตั้ง) = | B7: =B5+B6 -> 3097.5
A10: ตารางค่าแรง (แก้ที่นี่ถ้าค่าแรงเปลี่ยน) — ค่าแรง/ชม.=87.5 | G10: ค่าแรง/ชม. (แก้ช่องเดียว) → | I10: 87.5 | N10: 🟡 ช่องเหลือง = แก้ตรงนี้ · เทา = คิดให้อัตโนมัติ
A11: แบบบาน | B11: ผลิต: ค่าเริ่มต้น | C11: ผลิต: /ตร.ม. | D11: ติดตั้ง: ค่าเริ่มต้น | E11: ติดตั้ง: /ตร.ม. | G11: ชม.ฐานผลิต | H11: ชม.ฐานติดตั้ง | I11: ค่าแรง/ชม. | J11: ชม.เพิ่มผลิต/ตร.ม. | K11: ชม.เพิ่มติดตั้ง/ตร.ม. | L11: คนผลิต | M11: คนติดตั้ง | N11: แก้ตรงไหน
A12: บานเลื่อน SMS | B12: =G12*I12*L12 -> 787.5 | C12: =J12*I12*L12 -> 43.3125 | D12: =H12*I12*M12 -> 1225 | E12: =K12*I12*M12 -> 29.75 | G12: 6 | H12: 7 | I12: =$I$10 -> 87.5 | J12: 0.33 | K12: 0.17 | L12: 1.5 | M12: 2 | N12: ฐาน+เพิ่ม/ตร.ม. → แก้ G,H (ฐานชม.) · J,K (เพิ่มชม./ตร.ม.)
A13: บานเลื่อน ยูโร | B13: =G13*I13*L13 -> 787.5 | C13: =J13*I13*L13 -> 49.875 | D13: =H13*I13*M13 -> 1050 | E13: =K13*I13*M13 -> 38.5 | G13: 6 | H13: 6 | I13: =$I$10 -> 87.5 | J13: 0.38 | K13: 0.22 | L13: 1.5 | M13: 2 | N13: ฐาน+เพิ่ม/ตร.ม. → แก้ G,H (ฐานชม.) · J,K (เพิ่มชม./ตร.ม.)
A14: บานเลื่อนรางบน | B14: =G14*I14*L14 -> 918.75 | C14: =J14*I14*L14 -> 32.8125 | D14: =H14*I14*M14 -> 1837.5 | E14: =K14*I14*M14 -> 65.625 | G14: 7 | H14: 7 | I14: =$I$10 -> 87.5 | J14: 0.25 | K14: 0.25 | L14: 1.5 | M14: 3 | N14: ฐาน+เพิ่ม/ตร.ม. → G,H (ฐานชม.) · J,K (เพิ่มชม./ตร.ม.) · L,M (คน)
A15: SlimLux | B15: =G15*I15*L15 -> 918.75 | C15: =J15*I15*L15 -> 59.0625 | D15: =H15*I15*M15 -> 1837.5 | E15: =K15*I15*M15 -> 65.625 | G15: 7 | H15: 7 | I15: =$I$10 -> 87.5 | J15: 0.45 | K15: 0.25 | L15: 1.5 | M15: 3 | N15: ฐาน+เพิ่ม/ตร.ม. → แก้ G,H (ฐานชม.) · J,K (เพิ่มชม./ตร.ม.)
A16: Velora | B16: =G16*I16*L16 -> 700 | C16: =J16*I16*L16 -> 43.75 | D16: =H16*I16*M16 -> 1050 | E16: =K16*I16*M16 -> 43.75 | G16: 8 | H16: 6 | I16: =$I$10 -> 87.5 | J16: 0.5 | K16: 0.25 | L16: 1 | M16: 2 | N16: ฐาน+เพิ่ม/ตร.ม. → แก้ G,H (ฐานชม.) · J,K (เพิ่มชม./ตร.ม.)
A17: บานเปิด (ยูโร) | B17: =G17*I17*L17 -> 787.5 | C17: =J17*I17*L17 -> 32.8125 | D17: =H17*I17*M17 -> 1225 | E17: =K17*I17*M17 -> 43.75 | G17: 6 | H17: 7 | I17: =$I$10 -> 87.5 | J17: 0.25 | K17: 0.25 | L17: 1.5 | M17: 2 | N17: ฐาน+เพิ่ม/ตร.ม. → แก้ G,H (ฐานชม.) · J,K (เพิ่มชม./ตร.ม.)
A18: เปิดดัดโค้ง | B18: =G18*I18*L18 -> 0 | C18: =J18*I18*L18 -> 52.5 | D18: =H18*I18*M18 -> 1225 | E18: =K18*I18*M18 -> 17.5 | G18: 0 | H18: 7 | I18: =$I$10 -> 87.5 | J18: 0.4 | K18: 0.1 | L18: 1.5 | M18: 2 | N18: ฐาน+เพิ่ม/ตร.ม. → G,H (ฐานชม.) · J,K (เพิ่มชม./ตร.ม.) · L,M (คน)
A19: บานกระทุ้ง (ยูโร) | B19: =G19*I19*L19 -> 787.5 | C19: =J19*I19*L19 -> 35.4375 | D19: =H19*I19*M19 -> 743.75 | E19: =K19*I19*M19 -> 45.5 | G19: 6 | H19: 2.125 | I19: =$I$10 -> 87.5 | J19: 0.27 | K19: 0.13 | L19: 1.5 | M19: 4 | N19: ฐาน+เพิ่ม/ตร.ม. → แก้ G,H (ฐานชม.) · J,K (เพิ่มชม./ตร.ม.)
A20: บานหมุน | B20: =G20*I20*L20 -> 1050 | C20: =J20*I20*L20 -> 35.4375 | D20: =H20*I20*M20 -> 2450 | E20: =K20*I20*M20 -> 82.6875 | G20: 8 | H20: 8 | I20: =$I$10 -> 87.5 | J20: 0.27 | K20: 0.27 | L20: 1.5 | M20: 3.5 | N20: ฐาน+เพิ่ม/ตร.ม. → G,H (ฐานชม.) · J,K (เพิ่มชม./ตร.ม.) · L,M (คน)
A21: บานเฟี้ยม (sms) | B21: =G21*I21*L21 -> 525 | C21: =J21*I21*L21 -> 0 | D21: =H21*I21*M21 -> 525 | E21: =K21*I21*M21 -> 0 | G21: 3 | H21: 3 | I21: =$I$10 -> 87.5 | J21: 0 | K21: 0 | L21: 2 | M21: 2 | N21: คิดต่อ 1 บานเฟี้ยม — ชีทคูณจำนวนบานให้เอง (ไม่ใช้ช่องต่อ ตร.ม.)
A22: บานเฟี้ยมยูโร | B22: =G22*I22*L22 -> 525 | C22: =J22*I22*L22 -> 0 | D22: =H22*I22*M22 -> 525 | E22: =K22*I22*M22 -> 0 | G22: 3 | H22: 3 | I22: =$I$10 -> 87.5 | J22: 0 | K22: 0 | L22: 2 | M22: 2 | N22: คิดต่อ 1 บานเฟี้ยม — ชีทคูณจำนวนบานให้เอง (ไม่ใช้ช่องต่อ ตร.ม.)
A23: บานเฟี้ยมยก | B23: =G23*I23*L23 -> 3062.5 | C23: =J23*I23*L23 -> 63.4375 | D23: =H23*I23*M23 -> 2450 | E23: =K23*I23*M23 -> 55.125 | G23: 14 | H23: 8 | I23: =$I$10 -> 87.5 | J23: 0.29 | K23: 0.18 | L23: 2.5 | M23: 3.5 | N23: ฐาน+เพิ่ม/ตร.ม. → G,H (ฐานชม.) · J,K (เพิ่มชม./ตร.ม.) · L,M (คน)
... A32: บานตู้ Futuretech | B32: =G32*I32*L32 -> 306.25 | C32: =J32*I32*L32 -> 31.0625 | D32: =H32*I32*M32 -> 1225 | E32: =K32*I32*M32 -> 24.5 | G32: 7 | H32: 7 | I32: =$I$10 -> 87.5 | J32: 0.71 | K32: 0.14 | L32: 0.5 | M32: 2 | N32: ฐาน+เพิ่ม/ตร.ม. → G,H (ฐานชม.) · J,K (เพิ่มชม./ตร.ม.) · L,M (คน)
A33: ▶ มุ้ง (ย้ายมาจากชีทราคามุ้ง — แก้ที่นี่ที่เดียว)
A34: มุ้งจีบ | B34: =G34*I34*L34 -> 0 | C34: =J34*I34*L34 -> 0 | D34: =H34*I34*M34 -> 875 | E34: =K34*I34*M34 -> 0 | G34: 0 | H34: 5 | I34: =$I$10 -> 87.5 | J34: 0 | K34: 0 | L34: 2 | M34: 2 | N34: ฐาน+เพิ่ม/ตร.ม. → แก้ G,H (ฐานชม.) · J,K (เพิ่มชม./ตร.ม.)
A35: มุ้งม้วน ขาว/ดำ/น้ำตาล | B35: =G35*I35*L35 -> 0 | C35: =J35*I35*L35 -> 0 | D35: =H35*I35*M35 -> 875 | E35: =K35*I35*M35 -> 0 | G35: 0 | H35: 5 | I35: =$I$10 -> 87.5 | J35: 0 | K35: 0 | L35: 2 | M35: 2 | N35: ฐาน+เพิ่ม/ตร.ม. → แก้ G,H (ฐานชม.) · J,K (เพิ่มชม./ตร.ม.)
A36: มุ้งม้วน ซาฮาร่า | B36: =G36*I36*L36 -> 0 | C36: =J36*I36*L36 -> 0 | D36: =H36*I36*M36 -> 875 | E36: =K36*I36*M36 -> 0 | G36: 0 | H36: 5 | I36: =$I$10 -> 87.5 | J36: 0 | K36: 0 | L36: 2 | M36: 2 | N36: ฐาน+เพิ่ม/ตร.ม. → แก้ G,H (ฐานชม.) · J,K (เพิ่มชม./ตร.ม.)
A37: มุ้งม้วน ลายไม้สักทอง | B37: =G37*I37*L37 -> 0 | C37: =J37*I37*L37 -> 0 | D37: =H37*I37*M37 -> 875 | E37: =K37*I37*M37 -> 0 | G37: 0 | H37: 5 | I37: =$I$10 -> 87.5 | J37: 0 | K37: 0 | L37: 2 | M37: 2 | N37: ฐาน+เพิ่ม/ตร.ม. → แก้ G,H (ฐานชม.) · J,K (เพิ่มชม./ตร.ม.)
A38: มุ้งม้วน ไลท์โอ๊ค | B38: =G38*I38*L38 -> 0 | C38: =J38*I38*L38 -> 0 | D38: =H38*I38*M38 -> 875 | E38: =K38*I38*M38 -> 0 | G38: 0 | H38: 5 | I38: =$I$10 -> 87.5 | J38: 0 | K38: 0 | L38: 2 | M38: 2 | N38: ฐาน+เพิ่ม/ตร.ม. → แก้ G,H (ฐานชม.) · J,K (เพิ่มชม./ตร.ม.)
A39: มุ้งจีบนิรภัย ≤3ม. ขาว/ดำ | B39: =G39*I39*L39 -> 0 | C39: =J39*I39*L39 -> 0 | D39: =H39*I39*M39 -> 875 | E39: =K39*I39*M39 -> 90 | G39: 0 | H39: 5 | I39: =$I$10 -> 87.5 | J39: 0 | K39: 0.51428571 | L39: 2 | M39: 2 | N39: ฐาน+เพิ่ม/ตร.ม. → แก้ G,H (ฐานชม.) · J,K (เพิ่มชม./ตร.ม.)
A40: มุ้งจีบนิรภัย ≤3ม. ซาฮาร่า | B40: =G40*I40*L40 -> 0 | C40: =J40*I40*L40 -> 0 | D40: =H40*I40*M40 -> 875 | E40: =K40*I40*M40 -> 90 | G40: 0 | H40: 5 | I40: =$I$10 -> 87.5 | J40: 0 | K40: 0.51428571 | L40: 2 | M40: 2 | N40: ฐาน+เพิ่ม/ตร.ม. → แก้ G,H (ฐานชม.) · J,K (เพิ่มชม./ตร.ม.)
A41: มุ้งจีบนิรภัย ≤3ม. สักทอง | B41: =G41*I41*L41 -> 0 | C41: =J41*I41*L41 -> 0 | D41: =H41*I41*M41 -> 875 | E41: =K41*I41*M41 -> 90 | G41: 0 | H41: 5 | I41: =$I$10 -> 87.5 | J41: 0 | K41: 0.51428571 | L41: 2 | M41: 2 | N41: ฐาน+เพิ่ม/ตร.ม. → แก้ G,H (ฐานชม.) · J,K (เพิ่มชม./ตร.ม.)
A42: มุ้งจีบนิรภัย >3ม. ขาว/ดำ | B42: =G42*I42*L42 -> 0 | C42: =J42*I42*L42 -> 0 | D42: =H42*I42*M42 -> 875 | E42: =K42*I42*M42 -> 90 | G42: 0 | H42: 5 | I42: =$I$10 -> 87.5 | J42: 0 | K42: 0.51428571 | L42: 2 | M42: 2 | N42: ฐาน+เพิ่ม/ตร.ม. → แก้ G,H (ฐานชม.) · J,K (เพิ่มชม./ตร.ม.)
A43: มุ้งจีบนิรภัย >3ม. ซาฮาร่า | B43: =G43*I43*L43 -> 0 | C43: =J43*I43*L43 -> 0 | D43: =H43*I43*M43 -> 875 | E43: =K43*I43*M43 -> 90 | G43: 0 | H43: 5 | I43: =$I$10 -> 87.5 | J43: 0 | K43: 0.51428571 | L43: 2 | M43: 2 | N43: ฐาน+เพิ่ม/ตร.ม. → แก้ G,H (ฐานชม.) · J,K (เพิ่มชม./ตร.ม.)
A44: มุ้งจีบนิรภัย >3ม. สักทอง | B44: =G44*I44*L44 -> 0 | C44: =J44*I44*L44 -> 0 | D44: =H44*I44*M44 -> 875 | E44: =K44*I44*M44 -> 90 | G44: 0 | H44: 5 | I44: =$I$10 -> 87.5 | J44: 0 | K44: 0.51428571 | L44: 2 | M44: 2 | N44: ฐาน+เพิ่ม/ตร.ม. → แก้ G,H (ฐานชม.) · J,K (เพิ่มชม./ตร.ม.)
A45: มุ้งเฟรมเล็ก | B45: =G45*I45*L45 -> 240 | C45: =J45*I45*L45 -> 60 | D45: =H45*I45*M45 -> 175 | E45: =K45*I45*M45 -> 45 | G45: 1.3714286 | H45: 0.8 | I45: =$I$10 -> 87.5 | J45: 0.34285714 | K45: 0.20571429 | L45: 2 | M45: 2.5 | N45: ฐาน+เพิ่ม/ตร.ม. → แก้ G,H (ฐานชม.) · J,K (เพิ่มชม./ตร.ม.)
... A47: มุ้งนิรภัย | B47: =G47*I47*L47 -> 176 | C47: =J47*I47*L47 -> 0 | D47: =H47*I47*M47 -> 110 | E47: =K47*I47*M47 -> 0 | G47: 1.0057143 | H47: 0.50285714 | I47: =$I$10 -> 87.5 | J47: 0 | K47: 0 | L47: 2 | M47: 2.5 | N47: ฐาน+เพิ่ม/ตร.ม. → แก้ G,H (ฐานชม.) · J,K (เพิ่มชม./ตร.ม.)
A48: ▶ ระแนง / รั้ว / ราวกันตก / Shower
A49: ระแนงสลับ | B49: =G49*I49*L49 -> 1575 | C49: =J49*I49*L49 -> 107.625 | D49: =H49*I49*M49 -> 3500 | E49: =K49*I49*M49 -> 73.5 | G49: 12 | H49: 10 | I49: =$I$10 -> 87.5 | J49: 0.82 | K49: 0.21 | L49: 1.5 | M49: 4 | N49: ฐาน+เพิ่ม/ตร.ม. → G,H (ฐานชม.) · J,K (เพิ่มชม./ตร.ม.) · L,M (คน)
A50: ระแนง | B50: =G50*I50*L50 -> 1750 | C50: =J50*I50*L50 -> 75.25 | D50: =H50*I50*M50 -> 3500 | E50: =K50*I50*M50 -> 101.5 | G50: 10 | H50: 10 | I50: =$I$10 -> 87.5 | J50: 0.43 | K50: 0.29 | L50: 2 | M50: 4 | N50: ฐาน+เพิ่ม/ตร.ม. → G,H (ฐานชม.) · J,K (เพิ่มชม./ตร.ม.) · L,M (คน)
A51: ระแนงหมุน | B51: =G51*I51*L51 -> 1443.75 | C51: =J51*I51*L51 -> 98.4375 | D51: =H51*I51*M51 -> 3500 | E51: =K51*I51*M51 -> 133 | G51: 11 | H51: 10 | I51: =$I$10 -> 87.5 | J51: 0.75 | K51: 0.38 | L51: 1.5 | M51: 4 | N51: ฐาน+เพิ่ม/ตร.ม. → G,H (ฐานชม.) · J,K (เพิ่มชม./ตร.ม.) · L,M (คน)
A52: ประตูรั้ว | B52: =G52*I52*L52 -> 1837.5 | C52: =J52*I52*L52 -> 108.9375 | D52: =H52*I52*M52 -> 10500 | E52: =K52*I52*M52 -> 118.125 | G52: 14 | H52: 24 | I52: =$I$10 -> 87.5 | J52: 0.83 | K52: 0.27 | L52: 1.5 | M52: 5 | N52: ฐาน+เพิ่ม/ตร.ม. → G,H (ฐานชม.) · J,K (เพิ่มชม./ตร.ม.) · L,M (คน)
A53: ราวกันตก | B53: =G53*I53*L53 -> 525 | C53: =J53*I53*L53 -> 35.4375 | D53: =H53*I53*M53 -> 2143.75 | E53: =K53*I53*M53 -> 82.6875 | G53: 4 | H53: 7 | I53: =$I$10 -> 87.5 | J53: 0.27 | K53: 0.27 | L53: 1.5 | M53: 3.5 | N53: ฐาน+เพิ่ม/ตร.ม. → G,H (ฐานชม.) · J,K (เพิ่มชม./ตร.ม.) · L,M (คน)
A54: ชุด Shower | B54: =G54*I54*L54 -> 0 | C54: =J54*I54*L54 -> 0 | D54: =H54*I54*M54 -> 1225 | E54: =K54*I54*M54 -> 58.33625 | G54: 0 | H54: 7 | I54: =$I$10 -> 87.5 | J54: 0 | K54: 0.33335 | L54: 1.5 | M54: 2 | N54: ฐาน+เพิ่ม/ตร.ม. → G,H (ฐานชม.) · J,K (เพิ่มชม./ตร.ม.) · L,M (คน)
A55: ▶ หลังคา
A56: หลังคา | B56: =G56*I56*L56 -> 3500 | C56: =J56*I56*L56 -> 118.125 | D56: =H56*I56*M56 -> 10500 | E56: =K56*I56*M56 -> 122.5 | G56: 16 | H56: 24 | I56: =$I$10 -> 87.5 | J56: 0.54 | K56: 0.28 | L56: 2.5 | M56: 5 | N56: ฐาน+เพิ่ม/ตร.ม. → G,H (ฐานชม.) · J,K (เพิ่มชม./ตร.ม.) · L,M (คน)
A57: หลังคาจั่ว | B57: =G57*I57*L57 -> 4375 | C57: =J57*I57*L57 -> 159.6875 | D57: =H57*I57*M57 -> 11375 | E57: =K57*I57*M57 -> 113.75 | G57: 20 | H57: 26 | I57: =$I$10 -> 87.5 | J57: 0.73 | K57: 0.26 | L57: 2.5 | M57: 5 | N57: ฐาน+เพิ่ม/ตร.ม. → G,H (ฐานชม.) · J,K (เพิ่มชม./ตร.ม.) · L,M (คน)
A58: หลังคาเลื่อน | B58: =G58*I58*L58 -> 3500 | C58: =J58*I58*L58 -> 113.75 | D58: =H58*I58*M58 -> 8400 | E58: =K58*I58*M58 -> 143.5 | G58: 20 | H58: 24 | I58: =$I$10 -> 87.5 | J58: 0.65 | K58: 0.41 | L58: 2 | M58: 4 | N58: ฐาน+เพิ่ม/ตร.ม. → G,H (ฐานชม.) · J,K (เพิ่มชม./ตร.ม.) · L,M (คน)
A59: ▶ งานเสริม (ฝ้า/ผนัง/ไฟ) — บาท
A60: งาน | B60: ค่าแรงผลิต/หลัก | C60: ค่าแรงติดตั้ง | D60: หน่วย
A61: ฝ้ายิปซัมฉาบเรียบ | B61: =G61*I61*L61 -> 0 | C61: =H61*I61*M61 -> 350 | D61: /ตร.ม. (รวม) | G61: 0 | H61: 4 | I61: =$I$10 -> 87.5 | J61: 0 | K61: 0 | L61: 2 | M61: 1 | N61: ชม. ต่อ 1 หน่วย (ดูคอลัมน์ D) → แก้ G (ผลิต) · H (ติดตั้ง) · L,M (คน)
A62: ฝ้าไม้เทียม | B62: =G62*I62*L62 -> 0 | C62: =H62*I62*M62 -> 437.5 | D62: /ตร.ม. (รวม) | G62: 0 | H62: 5 | I62: =$I$10 -> 87.5 | J62: 0 | K62: 0 | L62: 2 | M62: 1 | N62: ชม. ต่อ 1 หน่วย (ดูคอลัมน์ D) → แก้ G (ผลิต) · H (ติดตั้ง) · L,M (คน)
A63: ผนังสมาร์ทบอร์ด | B63: =G63*I63*L63 -> 875 | C63: =H63*I63*M63 -> 1575 | D63: /ตร.ม. | G63: 5 | H63: 6 | I63: =$I$10 -> 87.5 | J63: 0 | K63: 0 | L63: 2 | M63: 3 | N63: ชม. ต่อ 1 หน่วย (ดูคอลัมน์ D) → แก้ G (ผลิต) · H (ติดตั้ง) · L,M (คน)
A64: ผนังไอโซวอล | B64: =G64*I64*L64 -> 700 | C64: =H64*I64*M64 -> 1312.5 | D64: /ตร.ม. | G64: 4 | H64: 5 | I64: =$I$10 -> 87.5 | J64: 0 | K64: 0 | L64: 2 | M64: 3 | N64: ชม. ต่อ 1 หน่วย (ดูคอลัมน์ D) → แก้ G (ผลิต) · H (ติดตั้ง) · L,M (คน)
A65: พื้นสมาร์ทบอร์ด | B65: =G65*I65*L65 -> 1050 | C65: =H65*I65*M65 -> 787.5 | D65: /ตร.ม. | G65: 4 | H65: 2.5714286 | I65: =$I$10 -> 87.5 | J65: 0 | K65: 0 | L65: 3 | M65: 3.5 | N65: ชม. ต่อ 1 หน่วย (ดูคอลัมน์ D) → แก้ G (ผลิต) · H (ติดตั้ง) · L,M (คน)
A66: งานไฟ — เดินสายไฟ | B66: =G66*I66*L66 -> 0 | C66: =H66*I66*M66 -> 225 | D66: /เมตร | G66: 0 | H66: 1.0285714 | I66: =$I$10 -> 87.5 | J66: 0 | K66: 0 | L66: 2 | M66: 2.5 | N66: ชม. ต่อ 1 หน่วย (ดูคอลัมน์ D) → แก้ G (ผลิต) · H (ติดตั้ง) · L,M (คน)
A67: งานไฟ — ติดดาวน์ไลท์ | B67: =G67*I67*L67 -> 0 | C67: =H67*I67*M67 -> 225 | D67: /ดวง | G67: 0 | H67: 1.0285714 | I67: =$I$10 -> 87.5 | J67: 0 | K67: 0 | L67: 2 | M67: 2.5 | N67: ชม. ต่อ 1 หน่วย (ดูคอลัมน์ D) → แก้ G (ผลิต) · H (ติดตั้ง) · L,M (คน)
A68: ℹ ราคากล่องระแนง/ระแนงหมุน ย้ายไปชีท ราคาสี แถว 194-200 แล้ว (แก้ที่นั่นที่เดียว)

Sheet ราคามุ้ง
A1: ⚠️ แก้ราคาช่องเหลืองที่นี่ — ทุกบานลิงก์อัตโนมัติ | B1: ราคา ฿/ตร.ม. | C1: ประเภท | D1: บานที่เข้าได้ | E1: หมายเหตุ | F1: ค่าแรงมุ้ง → ดูที่ชีท "ค่าแรง" บล็อก ▶ มุ้ง | G1: ไม่มีมุ้ง | H1: 🏠 สารบัญ | I1: ผ้ามุ้ง (กรอกราคา/ม้วน เหลือง → /ตร.ม.คิดเอง) | J1: ฿/ตร.ม. | K1: ราคา/ม้วน (36.6 ตร.ม.)
A2: มุ้งจีบ | B2: 1179 | C2: ซื้อสำเร็จ | D2: ALL | E2: ทุกบาน | G2: มุ้งจีบ | I2: ไฟเบอร์ | J2: =ROUND(K2/36.6,0) -> 23 | K2: 842
A3: มุ้งม้วน ขาว/ดำ/น้ำตาล | B3: 1300 | C3: ซื้อสำเร็จ | D3: ALL | G3: มุ้งม้วน ขาว/ดำ/น้ำตาล | I3: ไนล่อน | J3: =ROUND(K3/36.6,0) -> 38 | K3: 1391
A4: มุ้งม้วน ซาฮาร่า | B4: 1500 | C4: ซื้อสำเร็จ | D4: ALL | G4: มุ้งม้วน ซาฮาร่า | I4: สแตนเลส | J4: =ROUND(K4/36.6,0) -> 352 | K4: 12883
A5: มุ้งม้วน ลายไม้สักทอง | B5: 1600 | C5: ซื้อสำเร็จ | D5: ALL | G5: มุ้งม้วน ลายไม้สักทอง | I5: กันแมว | J5: =ROUND(K5/36.6,0) -> 82 | K5: 3001
A6: มุ้งม้วน ไลท์โอ๊ค | B6: 1700 | C6: ซื้อสำเร็จ | D6: ALL | G6: มุ้งม้วน ไลท์โอ๊ค
A7: มุ้งจีบนิรภัย ≤3ม. ขาว/ดำ | B7: 2750 | C7: ซื้อสำเร็จ | D7: ALL | G7: มุ้งจีบนิรภัย ≤3ม. ขาว/ดำ
A8: มุ้งจีบนิรภัย ≤3ม. ซาฮาร่า | B8: 3150 | C8: ซื้อสำเร็จ | D8: ALL | E8: +400 | G8: มุ้งจีบนิรภัย ≤3ม. ซาฮาร่า
A9: มุ้งจีบนิรภัย ≤3ม. สักทอง | B9: 3250 | C9: ซื้อสำเร็จ | D9: ALL | E9: +500 | G9: มุ้งจีบนิรภัย ≤3ม. สักทอง
A10: มุ้งจีบนิรภัย >3ม. ขาว/ดำ | B10: 4050 | C10: ซื้อสำเร็จ | D10: ALL | G10: มุ้งจีบนิรภัย >3ม. ขาว/ดำ
A11: มุ้งจีบนิรภัย >3ม. ซาฮาร่า | B11: 4450 | C11: ซื้อสำเร็จ | D11: ALL | E11: +400 | G11: มุ้งจีบนิรภัย >3ม. ซาฮาร่า
A12: มุ้งจีบนิรภัย >3ม. สักทอง | B12: 4550 | C12: ซื้อสำเร็จ | D12: ALL | E12: +500 | G12: มุ้งจีบนิรภัย >3ม. สักทอง
A13: มุ้งเฟรมเล็ก | B13: 0 | C13: ผลิตเอง | D13: SMS|เปิด|กระทุ้ง | E13: กรอบ+ยาง+ผ้า+ค่าแรง | G13: มุ้งเฟรมเล็ก
A14: มุ้งเฟรมใหญ่ | B14: 0 | C14: ผลิตเอง | D14: SMS|ยูโร|เปิด|กระทุ้ง | E14: โปรไฟล์บาน+ยาง+ผ้า+ค่าแรง | G14: มุ้งเฟรมใหญ่
A15: มุ้งนิรภัย | B15: 0 | C15: ผลิตเอง | D15: SMS|ยูโร|เปิด|กระทุ้ง | E15: โปรไฟล์บาน+ยาง+ผ้านิรภัย650+ค่าแรง | G15: มุ้งนิรภัย
A17: 🟢 มุ้งผลิตเอง — แก้ค่ากรอบ(เหลือง)/ยาง/ผ้า · ราคาโชว์อัตโนมัติ
A18: รุ่นมุ้ง | B18: ค่ากรอบ /เส้น | C18: ผ้าที่ใช้ได้ (บาท/ตร.ม.) | D18: ยางอัด /ม. | E18: ค่าแรงผลิต | F18: ค่าแรงติดตั้ง
A19: เฟรมเล็ก | B19: 625 | C19: ="ไฟเบอร์ "&J2&" · ไนล่อน "&J3&" · สแตนเลส "&J4&" · กันแมว "&J5 -> ไฟเบอร์ 23 · ไนล่อน 38 · สแตนเลส 352 · กันแมว 82 | D19: 5 | E19: =ค่าแรง!$B$45&IF(ค่าแรง!$C$45>0," +"&ค่าแรง!$C$45&"/ตร.ม."," (เหมา)") -> 240 +60/ตร.ม. | F19: =ค่าแรง!$D$45&IF(ค่าแรง!$E$45>0," +"&ค่าแรง!$E$45&"/ตร.ม."," (เหมา)") -> 175 +45/ตร.ม.
A20: เฟรมใหญ่ | B20: ขึ้นตามเสากุญแจบาน (อัตโนมัติ) | C20: ="ไฟเบอร์ "&J2&" · ไนล่อน "&J3&" · สแตนเลส "&J4&" · กันแมว "&J5 -> ไฟเบอร์ 23 · ไนล่อน 38 · สแตนเลส 352 · กันแมว 82 | D20: =$D$19 -> 5 | E20: =ค่าแรง!$B$46&IF(ค่าแรง!$C$46>0," +"&ค่าแรง!$C$46&"/ตร.ม."," (เหมา)") -> 280 (เหมา) | F20: =ค่าแรง!$D$46&IF(ค่าแรง!$E$46>0," +"&ค่าแรง!$E$46&"/ตร.ม."," (เหมา)") -> 110 (เหมา)
A21: นิรภัย | B21: 1030 | C21: สแตนเลสนิรภัย 650 | D21: =$D$19 -> 5 | E21: =ค่าแรง!$B$47&IF(ค่าแรง!$C$47>0," +"&ค่าแรง!$C$47&"/ตร.ม."," (เหมา)") -> 176 (เหมา) | F21: =ค่าแรง!$D$47&IF(ค่าแรง!$E$47>0," +"&ค่าแรง!$E$47&"/ตร.ม."," (เหมา)") -> 110 (เหมา)
A23: 📌 แก้ราคามุ้งตรงไหน — แก้เฉพาะช่องสีเหลืองเท่านั้น
A24: ① มุ้งซื้อสำเร็จขึ้นราคา → คอลัมน์ B (ราคา/ตร.ม.) แถว 2-12
A25: ② ค่าแรงติดตั้งมุ้งสำเร็จ → คอลัมน์ F แถว 2-12
A26: ③ ราคาผ้า (ไฟเบอร์/ไนล่อน/สแตนเลส/กันแมว) → คอลัมน์ J (บล็อกส้ม)
A27: ④ ค่ากรอบมุ้งผลิตเอง → B19 (เล็ก) · B21 (นิรภัย) [เฟรมใหญ่ใช้เสากุญแจบาน ขึ้นเองตามราคาอลู]
A28: ⑤ ยางอัด → D19
A29: ค่าแรงมุ้ง (ผลิต+ติดตั้ง) ย้ายไปชีท "ค่าแรง" บล็อก ▶ มุ้ง แล้ว — แก้ที่นั่นที่เดียว

Sheet ราคาฝ้าไม้เทียม
A1: คีย์ค้นหา (อัตโนมัติ) | B1: ร้าน | C1: รุ่น/แบบ | D1: กว้าง/เส้น (ม.) | E1: ยาว/เส้น (ม.) | F1: ราคา | G1: หน่วยที่ขาย | H1: ราคาเส้นปิดขอบ | I1: ยาวเส้นปิดขอบ (ม.) | J1: มีขาจับ? 1=มี 0=ไม่มี | K1: ราคารวมทุกอย่าง? 1=รวม 0=ไม่รวม | M1: 🏠 สารบัญ | N1: รายชื่อร้าน (ดรอปดาวน์)
A2: =B2&"|"&C2 -> ไม้ทิพย์|สีพื้น | B2: ไม้ทิพย์ | C2: สีพื้น | D2: 0.085 | E2: 6 | F2: 420 | G2: เส้น | H2: 70 | I2: 6 | J2: 1 | K2: 0 | N2: ไม้ทิพย์
A3: =B3&"|"&C3 -> ไม้ทิพย์|ลายไม้ | B3: ไม้ทิพย์ | C3: ลายไม้ | D3: 0.085 | E3: 6 | F3: 580 | G3: เส้น | H3: 70 | I3: 6 | J3: 1 | K3: 0 | N3: fameline
A4: =B4&"|"&C4 -> fameline|สีมาตรฐาน | B4: fameline | C4: สีมาตรฐาน | D4: 0.085 | E4: 6 | F4: 1300 | G4: ตร.ม. | H4: 0 | I4: 1 | J4: 0 | K4: 1 | N4: HIGO
A5: =B5&"|"&C5 -> fameline|สีอื่น | B5: fameline | C5: สีอื่น | D5: 0.085 | E5: 6 | F5: 1400 | G5: ตร.ม. | H5: 0 | I5: 1 | J5: 0 | K5: 1 | N5: remood
A6: =B6&"|"&C6 -> HIGO|C19 (ใน) | B6: HIGO | C6: C19 (ใน) | D6: 0.204 | E6: 3 | F6: 140 | G6: เส้น | H6: 130 | I6: 3 | J6: 0 | K6: 0
A7: =B7&"|"&C7 -> HIGO|G15 (ใน) | B7: HIGO | C7: G15 (ใน) | D7: 0.153 | E7: 3 | F7: 140 | G7: เส้น | H7: 130 | I7: 3 | J7: 0 | K7: 0
A8: =B8&"|"&C8 -> HIGO|R16 (ใน) | B8: HIGO | C8: R16 (ใน) | D8: 0.16 | E8: 3 | F8: 140 | G8: เส้น | H8: 130 | I8: 3 | J8: 0 | K8: 0
A9: =B9&"|"&C9 -> HIGO|Y18 (ใน) | B9: HIGO | C9: Y18 (ใน) | D9: 0.158 | E9: 3 | F9: 140 | G9: เส้น | H9: 130 | I9: 3 | J9: 0 | K9: 0
A10: =B10&"|"&C10 -> HIGO|P155 (นอก) | B10: HIGO | C10: P155 (นอก) | D10: 0.1524 | E10: 2.9 | F10: 310 | G10: เส้น | H10: 275 | I10: 2.9 | J10: 0 | K10: 0
A11: =B11&"|"&C11 -> HIGO|WH200 (นอก) | B11: HIGO | C11: WH200 (นอก) | D11: 0.185 | E11: 2.9 | F11: 310 | G11: เส้น | H11: 275 | I11: 2.9 | J11: 0 | K11: 0
A12: =B12&"|"&C12 -> remood|Entree เรียบ | B12: remood | C12: Entree เรียบ | D12: 0.14 | E12: 2.8 | F12: 500 | G12: แผ่น | H12: 300 | I12: 2.8 | J12: 0 | K12: 0
A13: =B13&"|"&C13 -> remood|Entree มีลาย | B13: remood | C13: Entree มีลาย | D13: 0.165 | E13: 2.8 | F13: 600 | G13: แผ่น | H13: 300 | I13: 2.8 | J13: 0 | K13: 0
A14: =B14&"|"&C14 -> remood|Entree ชักร่อง | B14: remood | C14: Entree ชักร่อง | D14: 0.219 | E14: 2.8 | F14: 950 | G14: แผ่น | H14: 300 | I14: 2.8 | J14: 0 | K14: 0
A15: =B15&"|"&C15 -> remood|Duratech+ เรียบ13 | B15: remood | C15: Duratech+ เรียบ13 | D15: 0.13 | E15: 2.8 | F15: 730 | G15: แผ่น | H15: 300 | I15: 2.8 | J15: 0 | K15: 0
A16: =B16&"|"&C16 -> remood|Duratech+ เรียบ16 | B16: remood | C16: Duratech+ เรียบ16 | D16: 0.162 | E16: 2.8 | F16: 900 | G16: แผ่น | H16: 300 | I16: 2.8 | J16: 0 | K16: 0
A17: =B17&"|"&C17 -> remood|Duratech+ เรียบ14 | B17: remood | C17: Duratech+ เรียบ14 | D17: 0.14 | E17: 2.8 | F17: 850 | G17: แผ่น | H17: 300 | I17: 2.8 | J17: 0 | K17: 0
... A25: =B25&"|"&C25 -> remood|Duralight+ ชักร่อง | B25: remood | C25: Duralight+ ชักร่อง | D25: 0.116 | E25: 2.8 | F25: 2100 | G25: แผ่น | H25: 300 | I25: 2.8 | J25: 0 | K25: 0

Sheet น้ำหนักโปรไฟล์
A1: น้ำหนักโปรไฟล์อลูมิเนียม — เอาไปเสียบระบบ ราคาเส้น = น้ำหนัก × ราคา/กก. | G1: 🏠 สารบัญ
B2: แบรนด์ | C2: รหัส | D2: หนา/ขนาด | E2: ชื่อ/รายการ | F2: ยาว(ม.) | G2: กก./ม. | H2: กก./เส้น | I2: หมายเหตุ
B3: เมืองทอง — กล่องสี่เหลี่ยมด้านเท่า (ยาว 6 ม.)
B4: เมืองทอง | C4: 705 | D4: 1.00 มม. | E4: แป๊บ 6 หุน | F4: 6 | G4: 0.196 | H4: 1.18
B5: เมืองทอง | C5: 706 | D5: 1.20 มม. | E5: แป๊บ 6 หุน | F5: 6 | G5: 0.232 | H5: 1.39
B6: เมืองทอง | C6: 709 | D6: 1.00 มม. | E6: แป๊บ 1 นิ้ว | F6: 6 | G6: 0.262 | H6: 1.57
B7: เมืองทอง | C7: 710 | D7: 1.10 มม. | E7: แป๊บ 1 นิ้ว | F7: 6 | G7: 0.288 | H7: 1.73
B8: เมืองทอง | C8: 711 | D8: 1.20 มม. | E8: แป๊บ 1 นิ้ว | F8: 6 | G8: 0.314 | H8: 1.88
B9: เมืองทอง | C9: 715 | D9: 1.10 มม. | E9: แป๊บ 1¼ นิ้ว | F9: 6 | G9: 0.363 | H9: 2.18
B10: เมืองทอง | C10: 718 | D10: 1.10 มม. | E10: แป๊บ 1½ นิ้ว | F10: 6 | G10: 0.438 | H10: 2.63
B11: เมืองทอง | C11: 745 | D11: 1.50 มม. | E11: แป๊บ 1½ นิ้ว | F11: 6 | G11: 0.595 | H11: 3.57
B12: เมืองทอง | C12: 724A | D12: 0.80 มม. | E12: แป๊บ 1¾ นิ้ว | F12: 6 | G12: 0.379 | H12: 2.27
B13: เมืองทอง | C13: 724B | D13: 0.90 มม. | E13: แป๊บ 1¾ นิ้ว | F13: 6 | G13: 0.425 | H13: 2.55
B14: เมืองทอง | C14: 724F | D14: 1.10 มม. | E14: แป๊บ 1¾ นิ้ว | F14: 6 | G14: 0.517 | H14: 3.1
B15: เมืองทอง | C15: 726A | D15: 1.35 มม. | E15: แป๊บ 1¾ นิ้ว | F15: 6 | G15: 0.631 | H15: 3.79
... B18: เมืองทอง | C18: 749 | D18: 1.50 มม. | E18: แป๊บ 2 นิ้ว | F18: 6 | G18: 0.801 | H18: 4.81
B19: เมืองทอง — กล่องสี่เหลี่ยมด้านไม่เท่า (ยาว 6 ม.)
B20: เมืองทอง | C20: 802 | D20: 1.00 มม. | E20: ½×1 นิ้ว | F20: 6 | G20: 0.194 | H20: 1.16
B21: เมืองทอง | C21: 808 | D21: 1.00 มม. | E21: 1½×1 นิ้ว | F21: 6 | G21: 0.332 | H21: 1.99
B22: เมืองทอง | C22: 812 | D22: 1.10 มม. | E22: 1¾×1 นิ้ว | F22: 6 | G22: 0.401 | H22: 2.41
B23: เมืองทอง | C23: 0827 | D23: 1.00 มม. | E23: 1×2 นิ้ว | F23: 6 | G23: 0.402 | H23: 2.41
B24: เมืองทอง | C24: 816 | D24: 1.20 มม. | E24: 1×2 นิ้ว | F24: 6 | G24: 0.478 | H24: 2.87
B25: เมืองทอง | C25: 820 | D25: 1.20 มม. | E25: 1×3 นิ้ว | F25: 6 | G25: 0.644 | H25: 3.86
B26: เมืองทอง | C26: 843 | D26: 1.40 มม. | E26: 1×3 นิ้ว | F26: 6 | G26: 0.75 | H26: 4.5
B27: เมืองทอง | C27: 0828 | D27: 1.10 มม. | E27: 1¾×3 นิ้ว | F27: 6 | G27: 0.706 | H27: 4.24
B28: เมืองทอง | C28: 823 | D28: 1.20 มม. | E28: 1¾×3 นิ้ว | F28: 6 | G28: 0.769 | H28: 4.61
B29: เมืองทอง | C29: 848 | D29: 1.40 มม. | E29: 1¾×3 นิ้ว | F29: 6 | G29: 0.894 | H29: 5.36
B30: เมืองทอง | C30: 0806 | D30: 1.20 มม. | E30: 1×4 นิ้ว | F30: 6 | G30: 0.81 | H30: 4.86
B31: เมืองทอง | C31: 831 | D31: 1.50 มม. | E31: 1×4 นิ้ว | F31: 6 | G31: 1.008 | H31: 6.05
... B38: เมืองทอง | C38: 0815 | D38: 2.00 มม. | E38: 2×4 นิ้ว | F38: 6 | G38: 1.873 | H38: 11.24
B39: เมืองทอง — ตัว Z
B40: เมืองทอง | C40: TRT-1419 | D40: 126.3×77.7 ×1.3 | E40: ตัว Z 4 นิ้ว | F40: 6 | G40: 0.677 | H40: 4.062
B41: สลิม KOYO (SlimLux) — ยาว 6 ม.
B42: SlimLux | C42: WM-K01 | D42: - | E42: ไส้เสาบาน | F42: 6 | G42: 0.492 | H42: 2.95 | I42: 9073 กลางบาน (เสากุญแจ)
B43: SlimLux | C43: WM-K02 | D43: - | E43: ฝาเสาเรียบ | F43: 6 | G43: 0.262 | H43: 1.57
B44: SlimLux | C44: WM-K03 | D44: - | E44: ฝาเสาเกี่ยว | F44: 6 | G44: 0.282 | H44: 1.692
B45: SlimLux | C45: WM-K04 | D45: - | E45: ขวางบนล่าง | F45: 6 | G45: 0.782 | H45: 4.69 | I45: 9072 หัวบาน (ขวางบน/ล่าง)
B46: SlimLux | C46: - | D46: - | E46: รางบน 3 ราง | F46: 6 | G46: 1.789 | H46: 10.734
B47: SlimLux | C47: WM-K15 | D47: - | E47: รางแขวน 1 ราง | F47: 6 | G47: 0.91 | H47: 5.46
B48: SlimLux | C48: WM-K19 | D48: - | E48: ข้อต่อรางแขวน | F48: 6 | G48: 0.114 | H48: 0.684
B49: SlimLux | C49: WM-K18 | D49: - | E49: ฝาปิดข้างรางแขวน | F49: 6 | G49: 0.144 | H49: 0.864
B50: SlimLux | C50: WM-K20 | D50: - | E50: ฝาปิดล่างรางแขวน | F50: 6 | G50: 0.079 | H50: 0.474
B51: SlimLux | C51: WM-K21A | D51: - | E51: ฝาปิดล่างรางแขวนตัวใหญ่ | F51: 6 | G51: 0.14 | H51: 0.84
B52: SlimLux | C52: - | D52: - | E52: วงกบ | F52: 6 | G52: 0.596 | H52: 3.576
B53: SlimLux | C53: - | D53: - | E53: ลูกฟูก | F53: 6 | G53: 0.424 | H53: 2.544
B54: SlimLux | C54: - | D54: - | E54: ซัพวงกบใน | F54: 6 | G54: 0.076 | H54: 0.456
B55: SlimLux | C55: - | D55: - | E55: ซัพวงกบนอก | F55: 6 | G55: 0.28 | H55: 1.68
B56: SlimLux | C56: - | D56: - | E56: บาน | F56: 6 | G56: 0.481 | H56: 2.886
B57: Velora — ยาว 6 ม.
B58: Velora | C58: - | D58: - | E58: บาน | F58: 6 | G58: 0.481 | H58: 2.886
B59: Velora | C59: - | D59: - | E59: วงกบ | F59: 6 | G59: 0.596 | H59: 3.576
B60: Fuji (Euro bi-fold) — เบอร์ดาย · ตรวจหน่วย/ความยาวเส้นอีกที
B61: Fuji | C61: F7968 | D61: - | E61: เฟรมบนบานเฟี้ยม A | F61: 6.4 | G61: 0.432 | H61: 2.767 | I61: ตรวจหน่วย
B62: Fuji | C62: F7969 | D62: - | E62: เฟรมล่างบานเฟี้ยม A | F62: 6.4 | G62: 0.24 | H62: 1.533 | I62: ตรวจหน่วย
B63: Fuji | C63: F7970 | D63: - | E63: เฟรมข้างบานเฟี้ยม | F63: 6.4 | G63: 0.146 | H63: 0.934 | I63: ตรวจหน่วย
B64: Fuji | C64: F7971 | D64: - | E64: คิ้วตบเฟรมข้าง | F64: 6.4 | G64: 0.062 | H64: 0.4 | I64: ตรวจหน่วย
B65: Fuji | C65: F7973 | D65: - | E65: ตบปิดเฟรม (ตั้ง) | F65: 6.4 | G65: 0.03 | H65: 0.19 | I65: ตรวจหน่วย
B66: Fuji | C66: F7972 | D66: - | E66: กรอบบานเฟี้ยม (ตั้ง) A | F66: 6.4 | G66: 0.229 | H66: 1.466 | I66: ตรวจหน่วย
B67: Fuji | C67: F7935 | D67: - | E67: คิ้วกระจก 5-12มิล | F67: 6.4 | G67: 0.045 | H67: 0.285 | I67: ตรวจหน่วย
B68: Fuji | C68: F7974 | D68: - | E68: ชนกลางบานคู่ | F68: 6.4 | G68: 0.125 | H68: 0.799 | I68: ตรวจหน่วย
B69: Fuji | C69: F7963 | D69: - | E69: รับล็อคเสาเข้ามุมบานคู่ | F69: 6.4 | G69: 0.068 | H69: 0.438 | I69: ตรวจหน่วย
B70: Fuji | C70: F7964 | D70: - | E70: เสาเข้ามุม | F70: 6.4 | G70: 0.161 | H70: 1.03 | I70: ตรวจหน่วย
B71: Fuji | C71: F7975 | D71: - | E71: บังใบ | F71: 6.4 | G71: 0.071 | H71: 0.452 | I71: ตรวจหน่วย
B72: Fuji | C72: F7961 | D72: - | E72: รับล็อคเฟรมข้างบานคู่ | F72: 6.4 | G72: 0.077 | H72: 0.496 | I72: ตรวจหน่วย
... B76: Fuji | C76: F7859 | D76: - | E76: วงกบ 3 ด้าน (บานเปิด/กระทุ้ง) | F76: 6.4 | G76: 0.877 | H76: 5.61 | I76: ยืนยัน /เส้น แล้ว
B78: SMS — บานยก/Double Hung (ยาว 6.4 ม.)
B79: SMS | C79: B28009-12 | D79: - | E79: HEAD เฟรมบน | F79: 6.4 | G79: 0.897 | H79: 5.741
B80: SMS | C80: B28010-12 | D80: - | E80: COVER HEAD ตบปิดเฟรมบน | F80: 6.4 | G80: 0.35 | H80: 2.24
B81: SMS | C81: B28011-12 | D81: - | E81: SASH กรอบบาน | F81: 6.4 | G81: 0.528 | H81: 3.379
B82: SMS | C82: B28012-12 | D82: - | E82: ADAPTOR INTERLOCK ค้ำอินเตอร์ล็อก | F82: 6.4 | G82: 0.051 | H82: 0.326
B83: SMS | C83: B28013-12 | D83: - | E83: INTERLOCK เสาเกี่ยว | F83: 6.4 | G83: 0.171 | H83: 1.094
B84: SMS | C84: B28014-12 | D84: - | E84: SILL เฟรมล่าง | F84: 6.4 | G84: 0.736 | H84: 4.71
B85: SMS | C85: B28015-12 | D85: - | E85: JAMB ADAPTOR เสาเสริมเฟรมข้าง | F85: 6.4 | G85: 1.027 | H85: 6.573
B86: SMS | C86: B10004-12 | D86: - | E86: NARROW FRAME เฟรมข้าง | F86: 6.4 | G86: 0.993 | H86: 6.355
B87: SMS — บานเฟี้ยม (B24) · ยาว 6.4 ม. (มาตรฐาน SMS)
B88: SMS(เฟี้ยม) | C88: B24001-18 | D88: 1.80 มม. | E88: Head เฟรมบนกลาง | F88: 6.4 | G88: 1.603 | H88: 10.259
B89: SMS(เฟี้ยม) | C89: B24002-14 | D89: 1.40 มม. | E89: Door Stop Head คิ้วเฟรมบน | F89: 6.4 | G89: 0.278 | H89: 1.779
B90: SMS(เฟี้ยม) | C90: B24003-15 | D90: 1.50 มม. | E90: Sill เฟรมล่าง | F90: 6.4 | G90: 1.377 | H90: 8.813
B91: SMS(เฟี้ยม) | C91: B24004-14 | D91: 1.40 มม. | E91: Door Stop Sill ตบธรณี | F91: 6.4 | G91: 0.516 | H91: 3.302
B92: SMS(เฟี้ยม) | C92: B24005-15 | D92: 1.50 มม. | E92: Jamb เฟรมข้าง | F92: 6.4 | G92: 0.893 | H92: 5.715
B93: SMS(เฟี้ยม) | C93: B24006-12 | D93: 1.20 มม. | E93: Door Stop Jamb คิ้วเฟรมข้างประตู | F93: 6.4 | G93: 0.235 | H93: 1.504
B94: SMS(เฟี้ยม) | C94: B24007-15 | D94: 1.50 มม. | E94: Sash เสาบาน | F94: 6.4 | G94: 1.106 | H94: 7.078
B95: SMS(เฟี้ยม) | C95: B24008-12 | D95: 1.20 มม. | E95: Glazing Bead คิ้วตบกระจก | F95: 6.4 | G95: 0.231 | H95: 1.478
B96: SMS(เฟี้ยม) | C96: B24009-12 | D96: 1.20 มม. | E96: Sash Stop บังใบเสาประตู | F96: 6.4 | G96: 0.226 | H96: 1.446
B97: SMS(เฟี้ยม) | C97: B24013-15 | D97: 1.50 มม. | E97: Butterfly Glazing Bead คิ้วกบ | F97: 6.4 | G97: 0.17 | H97: 1.088
B98: SMS(เฟี้ยม) | C98: B24016-12 | D98: 1.20 มม. | E98: Glazing Bead คิ้วกบ | F98: 6.4 | G98: 0.215 | H98: 1.376
B99: SMS(เฟี้ยม) | C99: B24017-15 | D99: 1.50 มม. | E99: Bifold Roller รางหู(ใหม่) | F99: 6.4 | G99: 0.281 | H99: 1.798
B100: SMS(เฟี้ยม) | C100: B24018-15 | D100: 1.50 มม. | E100: Bifold Roller รางบานเฟี้ยมภายใน | F100: 6.4 | G100: 0.788 | H100: 5.043
B101: เมืองทอง — กล่องเพิ่ม (เสา-คาน/ติดตาย/จันทัน) · ยาว 6 ม.
B102: เมืองทอง | C102: - | D102: กล่อง 4"×4" | E102: ประตูรั้ว/เสา-คาน | F102: 6 | G102: 2.159 | H102: 12.954
B103: เมืองทอง | C103: - | D103: กล่อง 1.6"×3" | E103: ติดตาย | F103: 6 | G103: 0.956 | H103: 5.736
B104: เมืองทอง | C104: - | D104: กล่อง 1.6"×4" | E104: จันทันหลังคา | F104: 6 | G104: 1.163 | H104: 6.978
B105: เมืองทอง | C105: ฉาก 6 หุน | D105: 1.2 มม. | E105: ฉาก 6 หุน | F105: 6 | G105: 0.16667 | H105: 1
B106: E-series (SMS) · ยาว 6.4 ม.
B107: E-series | C107: E-01 | D107: - | E107: - | F107: 6.4 | G107: 1.115 | H107: 7.14
B108: E-series | C108: E-01A | D108: - | E108: - | F108: 6.4 | G108: 0.134 | H108: 0.86
B109: E-series | C109: E-03 | D109: - | E109: - | F109: 6.4 | G109: 1.073 | H109: 6.87
B110: E-series | C110: E-03C | D110: - | E110: - | F110: 6.4 | G110: 0.223 | H110: 1.43
B111: E-series | C111: E-05 | D111: - | E111: - | F111: 6.4 | G111: 0.912 | H111: 5.84
B112: E-series | C112: E-02B | D112: - | E112: - | F112: 6.4 | G112: 1.067 | H112: 6.53
...

Sheet ราคากระจก
A1: ⚠️ แก้ราคาที่นี่ → ราคากระจก (ทุน/ตร.ม.) — แก้ที่นี่ที่เดียว ทุกชีทบาน+หลังคาดึงไปใช้ | F1: 🏠 สารบัญ
A2: ชื่อกระจก (R3.9 ข้อ 31.1) | B2: ทุน/ตร.ม. | C2: เช็คราคาทุก 3 เดือน | D2: ⚠ ต้องเช็คราคาทุก 3 เดือน
A3: เขียว 6มม. | B3: 264
A4: เขียว 8มม. | B4: 592
A5: เขียว 10มม. | B5: 700
A6: เคลือบขาว 6มม. | B6: 1023
A7: ยูโรเกรย์ 6มม. | B7: 517
A8: ยูโรเกรย์ 8มม. | B8: 915
A9: ยูโรเกรย์ 10มม. | B9: 807
A10: ยูโรบรอนซ์ 6มม. | B10: 570
A11: reflective เทา 6มม. | B11: 1184
A12: reflective เขียว 6มม. | B12: 1292
A13: reflective ฟ้า/เทา 6มม. | B13: 1399
A14: เทมเปอร์ 6มม. | B14: 403
... A18: เทมเปอร์ใสพิเศษ 6มม. | B18: 1432
A19: เทมเปอร์ใสพิเศษ 10มม. | B19: 3466 | C19: * | D19: * ราคาสูงผิดปกติ — เช็คกับร้านทุก 3 เดือน · อัปเดตล่าสุด ส.ค.2569 · ครั้งหน้า พ.ย.2569
A20: เทมเปอร์ฝ้า 6มม. | B20: 805
A21: เทมเปอร์ฝ้า 8มม. | B21: 1113
A22: เทมเปอร์ยูโรเกรย์ 4มม. | B22: 646
A23: เทมเปอร์ยูโรเกรย์ 5มม. | B23: 678
A24: เทมเปอร์ยูโรเกรย์ 6มม. | B24: 732
A25: เทมเปอร์ยูโรเกรย์ 10มม. | B25: 1423
A26: เทมเปอร์ยูโรบรอนซ์ 5มม. | B26: 732
A27: เทมเปอร์ยูโรบรอนซ์ 6มม. | B27: 786
A28: เทมเปอร์ยูโรบรอนซ์ 10มม. | B28: 1480
A29: เทมเปอร์ reflective เทา 6มม. | B29: 2422
A30: เทมเปอร์ reflective เขียว 6มม. | B30: 2745
A31: เทมเปอร์ reflective ฟ้า 6มม. | B31: 2960
... A34: ลามิเนตใส 4+4 ฟิล์มสี 0.38 | B34: 1329
A35: ลามิเนต 4+4 Solar Max 0.76 | B35: 1766 | C35: 240 บาท/ตร.ฟ ×10.764
A36: อินซูเลท 6+6+6มม. | B36: 2260 | C36: 352 บาท/ตร.ฟ ×10.764
A37: กระจกชา/ฝ้า/ลายผ้า 5-6มม. | B37: 301
A38: กระจกเงา 5มม. | B38: 398
A39: กระจกลอนแก้ว 5มม. | B39: 646
A40: เทมเปอร์ 8มม. | B40: 716
A41: เทมเปอร์สีชาดำ 6มม. | B41: 700
A42: เทมเปอร์สีชาดำ 10มม. | B42: 6674 | C42: * | D42: * ราคาสูงผิดปกติ — เช็คกับร้านทุก 3 เดือน · อัปเดตล่าสุด ส.ค.2569 · ครั้งหน้า พ.ย.2569
A43: เทมเปอร์สีฟ้า 6มม. | B43: 807
A44: เทมเปอร์ใสพิเศษ 8มม. | B44: 2336
A45: ลามิเนต 6+6 ฟิล์ม 0.38 | B45: 893
A46: ลามิเนต 4+4 สูง>2.5ม. 0.76 | B46: 1300
A47: ลามิเนต 5+5 สูง>2.5ม. 0.76 | B47: 1350
A48: ลามิเนต 6+6 สูง>2.5ม. 0.76 | B48: 1600
A49: ลามิเนตยูโรเกรย์+ยูโรเกรย์ 6+6 | B49: 2540
A50: ลามิเนตชาดำ+ใส 6+6 | B50: 1938
A51: ลามิเนตชาดำ+ชาดำ 6+6 | B51: 2217
A52: ลามิเนตคริสตัลเกรย์+ใส 6+6 | B52: 2540
A53: ลามิเนตสีฟ้า+ใส 6+6 | B53: 2702 | C53: * | D53: * ราคาสูงผิดปกติ — เช็คกับร้านทุก 3 เดือน · อัปเดตล่าสุด ส.ค.2569 · ครั้งหน้า พ.ย.2569
A54: ลามิเนตสีฟ้า+สีฟ้า 6+6 | B54: 3531 | C54: * | D54: * ราคาสูงผิดปกติ — เช็คกับร้านทุก 3 เดือน · อัปเดตล่าสุด ส.ค.2569 · ครั้งหน้า พ.ย.2569
A55: ลามิเนตยูโรบรอนซ์+ใส 6+6 | B55: 2562 | C55: * | D55: * ราคาสูงผิดปกติ — เช็คกับร้านทุก 3 เดือน · อัปเดตล่าสุด ส.ค.2569 · ครั้งหน้า พ.ย.2569
A56: กระจกดัดโค้ง 10มม. | B56: 5328 | C56: * | D56: * ราคาสูงผิดปกติ — เช็คกับร้านทุก 3 เดือน · อัปเดตล่าสุด ส.ค.2569 · ครั้งหน้า พ.ย.2569
A57: กระจกดัดโค้งลามิเนตใส 5+5 | B57: 7158 | C57: * | D57: * ราคาสูงผิดปกติ — เช็คกับร้านทุก 3 เดือน · อัปเดตล่าสุด ส.ค.2569 · ครั้งหน้า พ.ย.2569
A58: ลามิเนต 4+4 ยูโรเกรย์ | B58: 2282 | C58: * | D58: * ราคาสูงผิดปกติ — เช็คกับร้านทุก 3 เดือน · อัปเดตล่าสุด ส.ค.2569 · ครั้งหน้า พ.ย.2569
A59: กระจกเงาทอง | B59: 872
A60: เทมเปอร์ลามิเนต 6+6 PVB 1.52 | B60: 2454
A61: ใส 6มม. | B61: 242
A62: ใส 8มม. | B62: 409
A63: ใส 10มม. | B63: 517
A64: เทมเปอร์ใส 6มม. | B64: 403
A65: เทมเปอร์ใส 8มม. | B65: 622
A66: เทมเปอร์ใส 10มม. | B66: 695
A67: เทมเปอร์ใส 12มม. | B67: 787
A68: ใส 5มม. | B68: 205
A69: เขียว 5มม. | B69: 226
A70: ยูโรเกรย์ 5มม. | B70: 538
... A75: ลามิเนตใส 5+5 กันเสียง 0.76 | B75: 2928
A76: ลามิเนตใส 5+5 STG 1.52 | B76: 4133 | C76: * | D76: อัปเดตจากใบเสนอราคา INTERTECH CH264023 (21 ส.ค. 2569) — ฟุตละ 384 · เจียริม 60/ม.
A77: ลามิเนตใส 6+6 กันเสียง 0.76 | B77: 3272 | D77: ใบเสนอราคา INTERTECH CH264023 (21 ส.ค. 2569) — ฟุตละ 304 · เจียริม 60/ม.
A78: ลามิเนตใส 6+6 STG 1.52 | B78: 4478 | D78: ใบเสนอราคา INTERTECH CH264023 (21 ส.ค. 2569) — ฟุตละ 416 · เจียริม 60/ม.
A79: ลามิเนตเขียว 5+5 กันเสียง 0.76 | B79: 3186 | D79: ใบเสนอราคา INTERTECH CH264023 (21 ส.ค. 2569) — ฟุตละ 296 · เจียริม 60/ม.
A80: ลามิเนตเขียว 6+6 กันเสียง 0.76 | B80: 3531 | D80: ใบเสนอราคา INTERTECH CH264023 (21 ส.ค. 2569) — ฟุตละ 328 · เจียริม 60/ม.
A81: ลามิเนตเขียว 5+5 STG 1.52 | B81: 4392 | D81: ใบเสนอราคา INTERTECH CH264023 (21 ส.ค. 2569) — ฟุตละ 408 · เจียริม 60/ม.
A82: ลามิเนตเขียว 6+6 STG 1.52 | B82: 4736 | D82: ใบเสนอราคา INTERTECH CH264023 (21 ส.ค. 2569) — ฟุตละ 440 · เจียริม 60/ม.
A83: Low-e ใส 6มม. (ไม่อบ) | B83: 1184 | D83: ใบเสนอราคา INTERTECH CH264023 (21 ส.ค. 2569) — ฟุตละ 110 · เจียริม 30/ม.
A84: ลามิเนต ใส6+6 1.52 | B84: 1668
A85: ลามิเนต เขียว4+4 0.76 | B85: 1211
A86: ลามิเนต ใส6HS SGP0.89 | B86: 3079
A87: ลามิเนต ใส5+5 SGP0.89 | B87: 1830 | C87: 272 บาท/ตร.ฟ ×10.764
A88: ลามิเนตฟิล์มฝ้า 4+4 | B88: 904 | C88: 352 บาท/ตร.ฟ ×10.764
A89: ลามิเนตฟิล์มสีทั่วไป 4+4 | B89: 904
A90: ลามิเนตฟิล์มขาวนม-ดำทึบ 4+4 | B90: 2174
A91: ลามิเนตลอนแก้วเล็ก เงาทอง 5+5 | B91: 4898 | C91: * | D91: * ราคาสูงผิดปกติ — เช็คกับร้านทุก 3 เดือน · อัปเดตล่าสุด ส.ค.2569 · ครั้งหน้า พ.ย.2569
A92: ลามิเนตลอนแก้วกลาง เงาทอง 5+5 | B92: 4898 | C92: * | D92: * ราคาสูงผิดปกติ — เช็คกับร้านทุก 3 เดือน · อัปเดตล่าสุด ส.ค.2569 · ครั้งหน้า พ.ย.2569
A93: ลามิเนตลอนแก้วใหญ่ เงาทอง 5+5 | B93: 4898 | C93: * | D93: * ราคาสูงผิดปกติ — เช็คกับร้านทุก 3 เดือน · อัปเดตล่าสุด ส.ค.2569 · ครั้งหน้า พ.ย.2569
A94: ลามิเนตลอนแก้วเล็ก เงาทอง 5+6 | B94: 5005 | C94: * | D94: * ราคาสูงผิดปกติ — เช็คกับร้านทุก 3 เดือน · อัปเดตล่าสุด ส.ค.2569 · ครั้งหน้า พ.ย.2569
A95: ลามิเนตลอนแก้วกลาง เงาทอง 5+6 | B95: 5005 | C95: * | D95: * ราคาสูงผิดปกติ — เช็คกับร้านทุก 3 เดือน · อัปเดตล่าสุด ส.ค.2569 · ครั้งหน้า พ.ย.2569
A96: ลามิเนตลอนแก้วใหญ่ เงาทอง 5+6 | B96: 5005 | C96: * | D96: * ราคาสูงผิดปกติ — เช็คกับร้านทุก 3 เดือน · อัปเดตล่าสุด ส.ค.2569 · ครั้งหน้า พ.ย.2569
A97: เทมเปอร์ยูโรบรอนซ์ 8มม. | B97: 1738
A98: เทมเปอร์ใสพ่นสีขาว 6มม. | B98: 592
A99: เทมเปอร์ใสพ่นสีขาว 8มม. | B99: 915
A100: กระจกเส้นลวดใส 6มม. | B100: 3800 | C100: * | D100: * ราคาสูงผิดปกติ — เช็คกับร้านทุก 3 เดือน · อัปเดตล่าสุด ส.ค.2569 · ครั้งหน้า พ.ย.2569
A101: เทมเปอร์เขียว 6มม. | B101: 403
A102: เทมเปอร์เขียว 8มม. | B102: 716
A103: เทมเปอร์เขียว 10มม. | B103: 848
A104: เทมเปอร์เขียว 12มม. | B104: 942
A105: ชาดำ 3มม. | B105: 248
A106: ชาดำ 5มม. | B106: 258
A107: ลามิเนต ใส5+5 0.76 | B107: 1206
A108: ลามิเนตชาเทา+ใส 6+6 | B108: 3229
A109: ลามิเนตชาเทา+ชาเทา 6+6 | B109: 4252 | C109: * | D109: * ราคาสูงผิดปกติ — เช็คกับร้านทุก 3 เดือน · อัปเดตล่าสุด ส.ค.2569 · ครั้งหน้า พ.ย.2569
...

Sheet คิดทุน SMS
A1: คิดทุนบานเลื่อน SMS — เลือกรูปแบบ + อุปกรณ์แยกชิ้น | G1: 🏠 สารบัญ
A2: กว้างรวม (ซม.) → | B2: 600 | E2: เลื่อน(ล้อ)= | F2: =IF(B5="อิสระ",B4,IF(B5="ลากจูง",B4-1,B4-2)) -> 3
A3: สูง (ซม.) → | B3: 300 | E3: มือจับบาน= | F3: =IF(B5="ลากจูง",1,2) -> 2
A4: จำนวนบาน → | B4: 3 | E4: ล็อคบาน= | F4: =IF(B5="อิสระ",2,1) -> 2
A5: รูปแบบ → (อิสระ/ลากจูง/เปิดคู่กลาง) | B5: อิสระ | C5: =IF(B5="","⚠ ยังไม่เลือกรูปแบบ — จำนวนเสา/ราง จะขาด","") | E5: เสากุญแจ= | F5: =IF(B5="เปิดคู่กลาง",4,2) -> 2
A6: พื้นที่ (ตร.ม.) = | B6: =(B2/100)*(B3/100) -> 18 | E6: รอยต่อ= | F6: =IF(B5="เปิดคู่กลาง",B4-2,B4-1) -> 2
A7: บวกกำไร % → | B7: =$B$62 -> 109 | C7: ← ผูกกับ "กำไรค่าวัสดุ %" ท้ายชีท (แก้ตัวเลขที่นั่น) | E7: รางล่าง → | F7: ภายนอก
A8: ราคาซิลิโคน/หลอด → | B8: 90
A9: กระจก → | B9: เขียว 6มม. | C9: =INDEX(ราคากระจก!$B$3:$B$206,MATCH(B9,ราคากระจก!$A$3:$A$206,0)) -> 264 | D9: ← ราคากระจก/ตร.ม. (อัตโนมัติ) | E9: สี → | F9: สีอบขาว/ดำ
A10: วัสดุ | B10: จำนวน | C10: ราคา/หน่วย | D10: ทุน(บาท)
A11: เฟรมบน | B11: =(1*(B2/100)/6.4)*buf_scrap -> 1.21875 | C11: =IF(F9="สีอบขาว/ดำ",IFERROR(VLOOKUP("B20001",ราคาสี!$A:$D,4,0),1125),IF(OR(F9="เทาซาฮาร่า",F9="สีดำซาฮาร่า"),VLOOKUP("B20001",ราคาสี!$A:$F,5,0),IF(F9="ลายไม้ stock",(VLOOKUP("B20001",ราคาสี!$A:$H,8,0)*mult_wood/mult_sms),IFERROR(VLOOKUP("B20001",ราคาสี!$A:$D,4,0),1125)+IF(F9="สีอบพิเศษ",rate_special,rate_woodbake)*น้ำหนักโปรไฟล์!$C$324))) -> 1265 | D11: =B11*C11*mult_sms -> 1541.7188
A12: เฟรมข้าง | B12: =(2*(B3/100)/6.4)*buf_scrap -> 1.21875 | C12: =IF(F9="สีอบขาว/ดำ",IFERROR(VLOOKUP("B20003",ราคาสี!$A:$D,4,0),870),IF(OR(F9="เทาซาฮาร่า",F9="สีดำซาฮาร่า"),VLOOKUP("B20003",ราคาสี!$A:$F,5,0),IF(F9="ลายไม้ stock",(VLOOKUP("B20003",ราคาสี!$A:$H,8,0)*mult_wood/mult_sms),IFERROR(VLOOKUP("B20003",ราคาสี!$A:$D,4,0),870)+IF(F9="สีอบพิเศษ",rate_special,rate_woodbake)*น้ำหนักโปรไฟล์!$C$325))) -> 990 | D12: =B12*C12*mult_sms -> 1206.5625
A13: เฟรมล่างกันน้ำ | B13: =(1*(B2/100)/6.4)*buf_scrap -> 1.21875 | C13: =IF(F9="สีอบขาว/ดำ",IF($F$7="ภายใน",825,2070),IF(OR(F9="เทาซาฮาร่า",F9="สีดำซาฮาร่า"),IF($F$7="ภายใน",VLOOKUP("B20047",ราคาสี!$A:$F,5,0),VLOOKUP("B20041",ราคาสี!$A:$F,5,0)),IF(F9="ลายไม้ stock",IF($F$7="ภายใน",(VLOOKUP("B20047",ราคาสี!$A:$H,8,0)*mult_wood/mult_sms),(VLOOKUP("B20041",ราคาสี!$A:$H,8,0)*mult_wood/mult_sms)),IF($F$7="ภายใน",825,2070)+IF(F9="สีอบพิเศษ",rate_special,rate_woodbake)*IF($F$7="ภายใน",4.58333,11.5)))) -> 2070 | D13: =B13*C13*mult_sms -> 2522.8125
A14: เสากุญแจ ML | B14: =($F$5*(B3/100)/6.4)*buf_scrap -> 1.21875 | C14: =IF(F9="สีอบขาว/ดำ",IFERROR(VLOOKUP("B20051",ราคาสี!$A:$D,4,0),885),IF(OR(F9="เทาซาฮาร่า",F9="สีดำซาฮาร่า"),VLOOKUP("B20051",ราคาสี!$A:$F,5,0),IF(F9="ลายไม้ stock",(VLOOKUP("B20051",ราคาสี!$A:$H,8,0)*mult_wood/mult_sms),IFERROR(VLOOKUP("B20051",ราคาสี!$A:$D,4,0),885)+IF(F9="สีอบพิเศษ",rate_special,rate_woodbake)*น้ำหนักโปรไฟล์!$C$256))) -> 885 | D14: =B14*C14*mult_sms -> 1078.5938
A15: เสาเกี่ยวธรรมดา | B15: =(IF((B3/100)>=2.4,$F$6,2*$F$6)*(B3/100)/6.4)*buf_scrap -> 1.21875 | C15: =IF(F9="สีอบขาว/ดำ",IFERROR(VLOOKUP("B20009",ราคาสี!$A:$D,4,0),745),IF(OR(F9="เทาซาฮาร่า",F9="สีดำซาฮาร่า"),VLOOKUP("B20009",ราคาสี!$A:$F,5,0),IF(F9="ลายไม้ stock",(VLOOKUP("B20009",ราคาสี!$A:$H,8,0)*mult_wood/mult_sms),IFERROR(VLOOKUP("B20009",ราคาสี!$A:$D,4,0),745)+IF(F9="สีอบพิเศษ",rate_special,rate_woodbake)*น้ำหนักโปรไฟล์!$C$257))) -> 690 | D15: =B15*C15*mult_sms -> 840.9375
A16: เสาเกี่ยวรับแรง B20010 (สูง ≥ 2.40 ม.) | B16: =(IF((B3/100)>=2.4,$F$6,0)*(B3/100)/6.4)*buf_scrap -> 1.21875 | C16: =IF(F9="สีอบขาว/ดำ",IFERROR(VLOOKUP("B20010",ราคาสี!$A:$D,4,0),1235),IF(OR(F9="เทาซาฮาร่า",F9="สีดำซาฮาร่า"),VLOOKUP("B20010",ราคาสี!$A:$F,5,0),IF(F9="ลายไม้ stock",(VLOOKUP("B20010",ราคาสี!$A:$H,8,0)*mult_wood/mult_sms),IFERROR(VLOOKUP("B20010",ราคาสี!$A:$D,4,0),1235)+IF(F9="สีอบพิเศษ",rate_special,rate_woodbake)*น้ำหนักโปรไฟล์!$C$258))) -> 1235 | D16: =B16*C16*mult_sms -> 1505.1562
A17: ขวางบน/ล่าง | B17: =(2*(B2/100)/6.4)*buf_scrap -> 2.4375 | C17: =IF(F9="สีอบขาว/ดำ",IFERROR(VLOOKUP("B20054",ราคาสี!$A:$D,4,0),1060),IF(OR(F9="เทาซาฮาร่า",F9="สีดำซาฮาร่า"),VLOOKUP("B20054",ราคาสี!$A:$F,5,0),IF(F9="ลายไม้ stock",(VLOOKUP("B20054",ราคาสี!$A:$H,8,0)*mult_wood/mult_sms),IFERROR(VLOOKUP("B20054",ราคาสี!$A:$D,4,0),1060)+IF(F9="สีอบพิเศษ",rate_special,rate_woodbake)*น้ำหนักโปรไฟล์!$C$259))) -> 1060 | D17: =B17*C17*mult_sms -> 2583.75
A18: ตบปิดเฟรม | B18: =(4*(B3/100)/6.4)*buf_scrap -> 2.4375 | C18: =IF(F9="สีอบขาว/ดำ",IFERROR(VLOOKUP("B20019",ราคาสี!$A:$D,4,0),175),IF(OR(F9="เทาซาฮาร่า",F9="สีดำซาฮาร่า"),VLOOKUP("B20019",ราคาสี!$A:$F,5,0),IF(F9="ลายไม้ stock",(VLOOKUP("B20019",ราคาสี!$A:$H,8,0)*mult_wood/mult_sms),IFERROR(VLOOKUP("B20019",ราคาสี!$A:$D,4,0),175)+IF(F9="สีอบพิเศษ",rate_special,rate_woodbake)*น้ำหนักโปรไฟล์!$C$260))) -> 175 | D18: =B18*C18*mult_sms -> 426.5625
A19: ตบราง(นอก)/ตบปิดรางเตี้ย20050(ใน) | B19: =IF(F7="ภายใน",(2*(B2/100)/6.4)*buf_scrap,($F$2*(B2/100)/6.4)*buf_scrap) -> 3.65625 | C19: =IF(F7="ภายใน",IF(F9="สีอบขาว/ดำ",IFERROR(VLOOKUP("B20050",ราคาสี!$A:$D,4,0),145),IF(OR(F9="เทาซาฮาร่า",F9="สีดำซาฮาร่า"),VLOOKUP("B20050",ราคาสี!$A:$F,5,0),IF(F9="ลายไม้ stock",(VLOOKUP("B20050",ราคาสี!$A:$H,8,0)*mult_wood/mult_sms),IFERROR(VLOOKUP("B20050",ราคาสี!$A:$D,4,0),145)+IF(F9="สีอบพิเศษ",rate_special,rate_woodbake)*น้ำหนักโปรไฟล์!$C$261))),150) -> 150 | D19: =B19*C19*mult_sms -> 548.4375
A20: กระจก (ตร.ม.) | B20: =((B2/100)+(B4-1)*0.1)*(B3/100) -> 18.6 | C20: =INDEX(ราคากระจก!$B$3:$B$206,MATCH(B9,ราคากระจก!$A$3:$A$206,0)) -> 264 | D20: =B20*C20 -> 4910.4
A21: ล้อ 27 (2/บาน) | B21: =2*$F$2 -> 6 | C21: 80 | D21: =B21*C21 -> 480
A22: มือจับ Align (2/บาน) | B22: =2*$F$3 -> 4 | C22: 99 | D22: =B22*C22 -> 396
A23: ชุดล็อค | B23: =$F$4 -> 2 | C23: =ชีทอุปกรณ์!$D$193 -> 189 | D23: =B23*C23 -> 378
A24: สักหลาด (ม.) | B24: =6*(B3/100)+9*(B2/100)+2*($F$5+$F$6)*(B3/100) -> 96 | C24: 1.5 | D24: =B24*C24 -> 144
A25: น็อต | B25: =8+4*B4 -> 20 | C25: 1 | D25: =B25*C25 -> 20
A26: ซิลิโคน (หลอด) ใน+นอก | B26: =ROUNDUP(2*((B2/100)+(B3/100))*2/12.5,0) -> 3 | C26: =B8 -> 90 | D26: =B26*C26 -> 270
A27: ค่าเปิดตู้อบ | B27: =IF(OR(F9="สีอบพิเศษ",F9="สีลายไม้อบพิเศษ"),1,0) -> 0 | C27: =อัปเดตราคาอลู!$B$17 -> 2000 | D27: =B27*C27 -> 0 | E27: สีอบพิเศษ / ลายไม้อบพิเศษ เท่านั้น
A28: ทุนรวม | D28: =SUM(D11:D27)+D57+D36+D37+D38+D39 -> 18852.931 | F28: 🔍 แยกก้อนต้นทุน
A29: ทุน/ตร.ม. | D29: =IFERROR(D28/B6,0) -> 1047.3851 | F29: ทุนอลู (×ราคา/กก.) | G29: =SUM(D11:D19) -> 12254.531
A30: ราคาขาย/ตร.ม. (ทุน+กำไร%) | D30: =ROUNDUP(D28*(1+B7/100)/100,0)*100 -> 39500 | F30: ทุนกระจก | G30: =D20 -> 4910.4
G31: =SUM(D21:D27) -> 1688
A32: ราคาขายรวม/ชุด | D32: =D30 -> 39500 | F32: รวมวัสดุ | G32: =SUM(G29:G31) -> 18852.931
A33: — มุ้ง (ออปชั่น) — บวกเข้าทุน — | F33: อลูเท่านั้นที่ ×ราคา/กก. · กระจก/อุปกรณ์คงที่
A34: เลือกมุ้ง → | B34: ไม่มีมุ้ง | C34: =IF(B34="ไม่มีมุ้ง","—",IF(H35=1,"✓ ใช้ได้","⚠ ใช้กับบานนี้ไม่ได้(ทุน=0)")) -> — | D34: =IF(B34="ไม่มีมุ้ง","",H40&" บาน") | H34: =IFERROR(VLOOKUP(B34,ราคามุ้ง!$A$2:$K$15,3,0),"")
A35: ชนิดผ้า / สี → | B35: ไฟเบอร์ | C35: เทา | H35: =IF(B34="ไม่มีมุ้ง",0,IF(OR(IFERROR(VLOOKUP(B34,ราคามุ้ง!$A$2:$K$15,4,0),"ALL")="ALL",ISNUMBER(SEARCH("SMS",IFERROR(VLOOKUP(B34,ราคามุ้ง!$A$2:$K$15,4,0),"")))),1,0)) -> 0
A36: › เสา (เส้น 6ม.) | B36: =IF(AND(H35=1,H36=1),ROUND(H40*2*H39/6,2),0) -> 0 | C36: =IF(B34="มุ้งเฟรมเล็ก",ราคามุ้ง!$B$19,IF(B34="มุ้งเฟรมใหญ่",ROUND(C14*mult_sms,0),IF(B34="มุ้งนิรภัย",ราคามุ้ง!$B$21,0))) -> 0 | D36: =ROUND(B36*C36,0) -> 0 | H36: =IF(OR(B34="มุ้งเฟรมเล็ก",B34="มุ้งเฟรมใหญ่",B34="มุ้งนิรภัย"),1,0) -> 0
A37: › ขวาง (เส้น 6ม.) | B37: =IF(AND(H35=1,H36=1),ROUND(H40*2*H38/6,2),0) -> 0 | C37: =IF(B34="มุ้งเฟรมเล็ก",ราคามุ้ง!$B$19,IF(B34="มุ้งเฟรมใหญ่",ROUND(C14*mult_sms,0),IF(B34="มุ้งนิรภัย",ราคามุ้ง!$B$21,0))) -> 0 | D37: =ROUND(B37*C37,0) -> 0 | H37: =IFERROR(VLOOKUP(B35,ราคามุ้ง!$I$2:$J$5,2,0),0) -> 23
A38: › ยางอัด (ม.) | B38: =IF(AND(H35=1,H36=1),ROUND(H40*2*(H38+H39),2),0) -> 0 | C38: =ราคามุ้ง!$D$19 -> 5 | D38: =ROUND(B38*C38,0) -> 0 | H38: =B2/(B4*100) -> 2
A39: › ผ้า / มุ้งสำเร็จ | B39: =IF(H35=0,0,ROUND(H40*H38*H39,2)) -> 0 | C39: =IF(B34="มุ้งนิรภัย",650,IF(OR(B34="มุ้งเฟรมเล็ก",B34="มุ้งเฟรมใหญ่"),H37,IF(H34="ซื้อสำเร็จ",IFERROR(VLOOKUP(B34,ราคามุ้ง!$A$2:$K$15,2,0),0),0))) -> 0 | D39: =ROUND(B39*C39,0) -> 0 | H39: =B3/100 -> 3
A40: › ค่าแรงผลิตมุ้ง | D40: =IF(H35=0,0,ROUND(H40*(VLOOKUP(B34,ค่าแรง!$A$12:$N$103,2,0)+VLOOKUP(B34,ค่าแรง!$A$12:$N$103,3,0)*H38*H39),0)) -> 0 | H40: =IF(AND(B5="อิสระ",B4=2),1,F2) -> 3
A41: › ค่าแรงติดตั้งมุ้ง | D41: =IF(H35=0,0,ROUND(H40*(VLOOKUP(B34,ค่าแรง!$A$12:$N$103,4,0)+VLOOKUP(B34,ค่าแรง!$A$12:$N$103,5,0)*H38*H39),0)) -> 0 | E41: รวมมุ้ง → | F41: =SUM(D36:D41) -> 0
A42: — ผูกค่าแรง (ราคาขายรวมค่าแรง) —
A43: ค่าแรงผลิต (จากชีทค่าแรง) | D43: =MAX(0,VLOOKUP("บานเลื่อน SMS",ค่าแรง!$A$12:$N$117,2,0)+VLOOKUP("บานเลื่อน SMS",ค่าแรง!$A$12:$N$117,3,0)*B6) -> 1567.125
A44: ค่าแรงติดตั้ง (จากชีทค่าแรง) | D44: =MAX(0,VLOOKUP("บานเลื่อน SMS",ค่าแรง!$A$12:$N$117,4,0)+VLOOKUP("บานเลื่อน SMS",ค่าแรง!$A$12:$N$117,5,0)*B6) -> 1760.5
A46: ราคาขาย ผลิตอย่างเดียว | D46: =ROUNDUP((ROUNDUP((ROUNDUP(D28*(1+B7/100)/100,0)*100+ROUNDUP((D43+D40)*(1+B63/100)/100,0)*100)*(1+$B$65/100)/100,0)*100)*1/100,0)*100 -> 55700
A47: ราคาขาย ผลิต+ติดตั้ง | D47: =D46+ROUNDUP((ROUNDUP((ROUNDUP((D44+D41)*(1+B64/100)/100,0)*100)*(1+$B$65/100)/100,0)*100)*1/100,0)*100 -> 60600
A50: — ชุด auto (ออปชั่น) — บวกเข้าทุน × กำไ%
A51: ใส่ auto? → | B51: ไม่มี | F51: Evecca base | G51: =INDEX(ราคาออโต้!$C:$C,MATCH("Evecca (จีน)",ราคาออโต้!$B:$B,0)) -> 13480
A52: ชุด auto → | B52: Evecca (จีน) | F52: สายพาน/ม | G52: =INDEX(ราคาออโต้!$C:$C,MATCH("สายพาน Evecca",ราคาออโต้!$B:$B,0)) -> 75
A53: ออป Smart lock (Evecca) → | B53: ไม่มี | F53: ส่ง Evecca | G53: =INDEX(ราคาออโต้!$D:$D,MATCH("Evecca (จีน)",ราคาออโต้!$B:$B,0)) -> 1700
A54: ออป Touch (ช่างแซก) → | B54: ไม่มี | F54: Smart lock | G54: =INDEX(ราคาออโต้!$C:$C,MATCH("ออป Smart lock",ราคาออโต้!$B:$B,0)) -> 6500
A55: ออป Infrared (ช่างแซก) → | B55: ไม่มี | F55: ช่างแซก base | G55: =INDEX(ราคาออโต้!$C:$C,MATCH("ช่างแซก",ราคาออโต้!$B:$B,0)) -> 8000
F56: เซฟตี้ตาแมว | G56: =INDEX(ราคาออโต้!$C:$C,MATCH("เซฟตี้ตาแมว (บังคับช่างแซก)",ราคาออโต้!$B:$B,0)) -> 1000
A57: ทุนชุด auto | D57: =IF(B51="ไม่มี",0,IF(B52="Evecca (จีน)",G51+ROUND(G52*B2*2/100,0)+G53+IF(B53="มี",G54,0),(G55+G56+ROUND(G57*B2/100,0)+IF(B54="มี",G58,0)+IF(B55="มี",G59,0))*IF(B5="เปิดคู่กลาง",1,MIN(B4,3)))) -> 0 | F57: ราง/ม | G57: =INDEX(ราคาออโต้!$C:$C,MATCH("ราง ช่างแซก",ราคาออโต้!$B:$B,0)) -> 950
F58: Touch | G58: =INDEX(ราคาออโต้!$C:$C,MATCH("ออป Touch Switch (ช่างแซก)",ราคาออโต้!$B:$B,0)) -> 1000
F59: Infrared | G59: =INDEX(ราคาออโต้!$C:$C,MATCH("ออป Infrared (ช่างแซก)",ราคาออโต้!$B:$B,0)) -> 9000
A61: ⚙ กำไร 3 ก้อน — คำนวณให้เองจากเป้าหมายด้านล่าง (ล็อก)
A62: กำไรค่าวัสดุ % | B62: =ROUND(($B$69*$B$70-1)*100,0) -> 109 | C62: 🔒 คำนวณให้ — ปรับที่ 🎯 เป้าหมายด้านล่าง
A63: กำไรค่าผลิต % | B63: =ROUND(($C$69*$B$70-1)*100,0) -> 109 | C63: 🔒 คำนวณให้ — ปรับที่ 🎯 เป้าหมายด้านล่าง
A64: กำไรค่าติดตั้ง % | B64: =ROUND(($D$69*$B$70-1)*100,0) -> 106 | C64: 🔒 คำนวณให้ — ปรับที่ 🎯 เป้าหมายด้านล่าง
A65: ค่าดำเนินการ % | B65: 30 | C65: 🟡 กรอกได้ — ค่าดำเนินการที่ฝังในราคา
A67: 🎯 ตั้งเป้ากำไร — กรอกช่องเดียวที่นี่
A68: 🎯 กำไรสุทธิที่ต้องการ % | B68: 40 | C68: ← กรอกช่องเดียวพอ · กำไร 3 ก้อนด้านบนคำนวณให้เอง (หักค่าดำเนินการแล้ว)
A69: สัดส่วนกำไร วัสดุ · ผลิต · ติดตั้ง | B69: 1.723 | C69: 1.723 | D69: 1.7 | E69: 🔒 ล็อก — แก้เมื่อจะเปลี่ยนนโยบายเท่านั้น
A70: ตัวปรับอัตโนมัติ | B70: =IFERROR((((D28)+(D43+D40)+(D44+D41))/(100/(100+B65)-B68/100))/(((D28)*$B$69+(D43+D40)*$C$69+(D44+D41)*$D$69)*(1+B65/100)),1) -> 1.2104138 | C70: คำนวณให้เอง — ห้ามแก้
A72: 🔍 กำไรจริง
A73: ค่าดำเนินการ (บาท) | B73: =IFERROR(ROUND(D47-D47/(1+B65/100),0),0) -> 13985 | C73: ราคาขาย × 30 ÷ 130 = ค่าดำเนินการที่ฝังในราคา
A74: ทุนรวมจริง | B74: =D28+D43+D40+D44+D41+B73 -> 36165.556 | C74: ทุนตรง + ค่าดำเนินการ
A75: ★ % กำไรสุทธิ | B75: =IFERROR((D47-B74)/D47,"") -> 0.40320864 | C75: ★ ฐาน = ยอดขาย — หักค่าดำเนินการแล้ว

Sheet คิดทุน ยูโร
A1: คิดทุนบานเลื่อนยูโร — เลือกรูปแบบ + อุปกรณ์แยกชิ้น | G1: 🏠 สารบัญ
A2: กว้างรวม (ซม.) → | B2: 600 | E2: เลื่อน(ล้อ)= | F2: =IF(B5="อิสระ",B4,IF(B5="ลากจูง",B4-1,B4-2)) -> 3
A3: สูง (ซม.) → | B3: 300 | E3: มือจับบาน= | F3: =IF(B5="ลากจูง",1,2) -> 2
A4: จำนวนบาน → | B4: 3 | E4: ล็อคบาน= | F4: =IF(B5="อิสระ",2,1) -> 2
A5: รูปแบบ → (อิสระ/ลากจูง/เปิดคู่กลาง) | B5: อิสระ | C5: =IF(B5="","⚠ ยังไม่เลือกรูปแบบ — จำนวนเสา/ราง จะขาด","") | E5: เสากุญแจ= | F5: =IF(B5="เปิดคู่กลาง",4,2) -> 2
A6: พื้นที่ (ตร.ม.) = | B6: =(B2/100)*(B3/100) -> 18 | E6: รอยต่อ= | F6: =IF(B5="เปิดคู่กลาง",B4-2,B4-1) -> 2
A7: บวกกำไร % → | B7: =$B$87 -> 60 | C7: ← ผูกกับ "กำไรค่าวัสดุ %" ท้ายชีท (แก้ตัวเลขที่นั่น) | E7: รางล่าง → | F7: ภายนอก
A8: ราคาซิลิโคน/หลอด → | B8: 90
A9: กระจก → | B9: เขียว 6มม. | C9: =INDEX(ราคากระจก!$B$3:$B$206,MATCH(B9,ราคากระจก!$A$3:$A$206,0)) -> 264 | D9: ← ราคากระจก/ตร.ม. (อัตโนมัติ) | E9: สี → | F9: สีอบขาว/ดำ
A10: วัสดุ | B10: จำนวน | C10: ราคา/หน่วย | D10: ทุน(บาท) | F10: สีอบขาว/ดำ
A11: กรอบบาน (รอบ) | B11: =((2*(B3/100)*B4+2*(B2/100))/6.4)*buf_scrap -> 6.09375 | C11: =IF(F9="สีอบขาว/ดำ",IFERROR(VLOOKUP("F7980",ราคาสี!$A:$D,4,0),1445),IF(OR(F9="เทาซาฮาร่า",F9="สีดำซาฮาร่า"),VLOOKUP("F7980",ราคาสี!$A:$F,5,0),IF(F9="แอทแทคเกรย์",VLOOKUP("F7980",ราคาสี!$A:$J,7,0),IF(F9="ลายไม้สักทอง",(VLOOKUP("F7980",ราคาสี!$A:$H,8,0)*mult_wood/mult_euro),IF(F9="ลายไม้มะฮอกกานี",(VLOOKUP("F7980",ราคาสี!$A:$J,9,0)*mult_wood/mult_euro),IF(F9="ลายไม้ไวท์โอ๊ค",(VLOOKUP("F7980",ราคาสี!$A:$J,10,0)*mult_wood/mult_euro),IFERROR(VLOOKUP("F7980",ราคาสี!$A:$D,4,0),1445)+IF(F9="สีอบพิเศษ",rate_special,rate_woodbake)*น้ำหนักโปรไฟล์!$C$262)))))) -> 1530 | D11: =B11*C11*mult_euro -> 9323.4375
A12: คิ้วกระจก | B12: =((2*(B3/100)*B4+2*(B2/100))/6.4)*buf_scrap -> 6.09375 | C12: =IF(F9="สีอบขาว/ดำ",IFERROR(VLOOKUP("F7919",ราคาสี!$A:$D,4,0),200),IF(OR(F9="เทาซาฮาร่า",F9="สีดำซาฮาร่า"),VLOOKUP("F7919",ราคาสี!$A:$F,5,0),IF(F9="แอทแทคเกรย์",VLOOKUP("F7919",ราคาสี!$A:$J,7,0),IF(F9="ลายไม้สักทอง",(VLOOKUP("F7919",ราคาสี!$A:$H,8,0)*mult_wood/mult_euro),IF(F9="ลายไม้มะฮอกกานี",(VLOOKUP("F7919",ราคาสี!$A:$J,9,0)*mult_wood/mult_euro),IF(F9="ลายไม้ไวท์โอ๊ค",(VLOOKUP("F7919",ราคาสี!$A:$J,10,0)*mult_wood/mult_euro),IFERROR(VLOOKUP("F7919",ราคาสี!$A:$D,4,0),200)+IF(F9="สีอบพิเศษ",rate_special,rate_woodbake)*น้ำหนักโปรไฟล์!$C$263)))))) -> 220 | D12: =B12*C12*mult_euro -> 1340.625
A13: เฟรมบน (+ล่างนอก ถ้ารางล่าง=ภายนอก) F7869 | B13: =IF($F$7="ภายใน",((1*(B2/100))/6.4)*buf_scrap,((2*(B2/100))/6.4)*buf_scrap) -> 2.4375 | C13: =IF(F9="สีอบขาว/ดำ",IFERROR(VLOOKUP("F7869",ราคาสี!$A:$D,4,0),2615),IF(OR(F9="เทาซาฮาร่า",F9="สีดำซาฮาร่า"),VLOOKUP("F7869",ราคาสี!$A:$F,5,0),IF(F9="แอทแทคเกรย์",VLOOKUP("F7869",ราคาสี!$A:$J,7,0),IF(F9="ลายไม้สักทอง",(VLOOKUP("F7869",ราคาสี!$A:$H,8,0)*mult_wood/mult_euro),IF(F9="ลายไม้มะฮอกกานี",(VLOOKUP("F7869",ราคาสี!$A:$J,9,0)*mult_wood/mult_euro),IF(F9="ลายไม้ไวท์โอ๊ค",(VLOOKUP("F7869",ราคาสี!$A:$J,10,0)*mult_wood/mult_euro),IFERROR(VLOOKUP("F7869",ราคาสี!$A:$D,4,0),2615)+IF(F9="สีอบพิเศษ",rate_special,rate_woodbake)*น้ำหนักโปรไฟล์!$C$264)))))) -> 2765 | D13: =B13*C13*mult_euro -> 6739.6875
A14: เฟรมล่างตัวเตี้ย F7902 (เมื่อรางล่าง=ภายใน) | B14: =IF($F$7="ภายใน",((1*(B2/100))/6.4)*buf_scrap,0) -> 0 | C14: =IF(F9="สีอบขาว/ดำ",IFERROR(VLOOKUP("F7902",ราคาสี!$A:$D,4,0),1220),IF(OR(F9="เทาซาฮาร่า",F9="สีดำซาฮาร่า"),VLOOKUP("F7902",ราคาสี!$A:$F,5,0),IF(F9="แอทแทคเกรย์",VLOOKUP("F7902",ราคาสี!$A:$J,7,0),IF(F9="ลายไม้สักทอง",(VLOOKUP("F7902",ราคาสี!$A:$H,8,0)*mult_wood/mult_euro),IF(F9="ลายไม้มะฮอกกานี",(VLOOKUP("F7902",ราคาสี!$A:$J,9,0)*mult_wood/mult_euro),IF(F9="ลายไม้ไวท์โอ๊ค",(VLOOKUP("F7902",ราคาสี!$A:$J,10,0)*mult_wood/mult_euro),IFERROR(VLOOKUP("F7902",ราคาสี!$A:$D,4,0),1220)+IF(F9="สีอบพิเศษ",rate_special,rate_woodbake)*น้ำหนักโปรไฟล์!$C$335)))))) -> 1220 | D14: =B14*C14*mult_euro -> 0
A15: เฟรมข้าง | B15: =(2*(B3/100)/6.4)*buf_scrap -> 1.21875 | C15: =IF(F9="สีอบขาว/ดำ",IFERROR(VLOOKUP("F7870",ราคาสี!$A:$D,4,0),935),IF(OR(F9="เทาซาฮาร่า",F9="สีดำซาฮาร่า"),VLOOKUP("F7870",ราคาสี!$A:$F,5,0),IF(F9="แอทแทคเกรย์",VLOOKUP("F7870",ราคาสี!$A:$J,7,0),IF(F9="ลายไม้สักทอง",(VLOOKUP("F7870",ราคาสี!$A:$H,8,0)*mult_wood/mult_euro),IF(F9="ลายไม้มะฮอกกานี",(VLOOKUP("F7870",ราคาสี!$A:$J,9,0)*mult_wood/mult_euro),IF(F9="ลายไม้ไวท์โอ๊ค",(VLOOKUP("F7870",ราคาสี!$A:$J,10,0)*mult_wood/mult_euro),IFERROR(VLOOKUP("F7870",ราคาสี!$A:$D,4,0),935)+IF(F9="สีอบพิเศษ",rate_special,rate_woodbake)*น้ำหนักโปรไฟล์!$C$266)))))) -> 1110 | D15: =B15*C15*mult_euro -> 1352.8125
A16: เดือย | B16: =1 -> 1 | C16: =IF(F9="สีอบขาว/ดำ",IFERROR(VLOOKUP("F7986",ราคาสี!$A:$D,4,0),285),IF(OR(F9="เทาซาฮาร่า",F9="สีดำซาฮาร่า"),VLOOKUP("F7986",ราคาสี!$A:$F,5,0),IF(F9="แอทแทคเกรย์",VLOOKUP("F7986",ราคาสี!$A:$J,7,0),IF(F9="ลายไม้สักทอง",(VLOOKUP("F7986",ราคาสี!$A:$H,8,0)*mult_wood/mult_euro),IF(F9="ลายไม้มะฮอกกานี",(VLOOKUP("F7986",ราคาสี!$A:$J,9,0)*mult_wood/mult_euro),IF(F9="ลายไม้ไวท์โอ๊ค",(VLOOKUP("F7986",ราคาสี!$A:$J,10,0)*mult_wood/mult_euro),IFERROR(VLOOKUP("F7986",ราคาสี!$A:$D,4,0),285)+IF(F9="สีอบพิเศษ",rate_special,rate_woodbake)*น้ำหนักโปรไฟล์!$C$267)))))) -> 300 | D16: =B16*C16*mult_euro -> 300
A17: ตบเกี่ยว F7983 (รอยต่อ · หักตัวที่ใช้เสารับแรง) | B17: =IF((B3/100)>2.8,MAX(IF(B5="เปิดคู่กลาง",2,B4-1)-1,0),IF(B5="เปิดคู่กลาง",2,B4-1)) -> 1 | C17: =IF(F9="สีอบขาว/ดำ",IFERROR(VLOOKUP("F7983",ราคาสี!$A:$D,4,0),465),IF(OR(F9="เทาซาฮาร่า",F9="สีดำซาฮาร่า"),VLOOKUP("F7983",ราคาสี!$A:$F,5,0),IF(F9="แอทแทคเกรย์",VLOOKUP("F7983",ราคาสี!$A:$J,7,0),IF(F9="ลายไม้สักทอง",(VLOOKUP("F7983",ราคาสี!$A:$H,8,0)*mult_wood/mult_euro),IF(F9="ลายไม้มะฮอกกานี",(VLOOKUP("F7983",ราคาสี!$A:$J,9,0)*mult_wood/mult_euro),IF(F9="ลายไม้ไวท์โอ๊ค",(VLOOKUP("F7983",ราคาสี!$A:$J,10,0)*mult_wood/mult_euro),IFERROR(VLOOKUP("F7983",ราคาสี!$A:$D,4,0),465)+IF(F9="สีอบพิเศษ",rate_special,rate_woodbake)*น้ำหนักโปรไฟล์!$C$268)))))) -> 520 | D17: =B17*C17*mult_euro -> 520
A18: เสารับแรง F7951 — ด้านนอก 1 ต้น (สูง > 2.80 ม.) | B18: =IF((B3/100)>2.8,1,0) -> 1 | C18: =IF(F9="สีอบขาว/ดำ",IFERROR(VLOOKUP("F7951",ราคาสี!$A:$D,4,0),2020),IF(OR(F9="เทาซาฮาร่า",F9="สีดำซาฮาร่า"),VLOOKUP("F7951",ราคาสี!$A:$F,5,0),IF(F9="แอทแทคเกรย์",VLOOKUP("F7951",ราคาสี!$A:$J,7,0),IF(F9="ลายไม้สักทอง",(VLOOKUP("F7951",ราคาสี!$A:$H,8,0)*mult_wood/mult_euro),IF(F9="ลายไม้มะฮอกกานี",(VLOOKUP("F7951",ราคาสี!$A:$J,9,0)*mult_wood/mult_euro),IF(F9="ลายไม้ไวท์โอ๊ค",(VLOOKUP("F7951",ราคาสี!$A:$J,10,0)*mult_wood/mult_euro),IFERROR(VLOOKUP("F7951",ราคาสี!$A:$D,4,0),2020)+IF(F9="สีอบพิเศษ",rate_special,rate_woodbake)*น้ำหนักโปรไฟล์!$C$269)))))) -> 2175 | D18: =B18*C18*mult_euro -> 2175
A19: ตบปิดน๊อต F7988 | B19: =2*MAX(B4-1,0) -> 4 | C19: =IF(F9="สีอบขาว/ดำ",IFERROR(VLOOKUP("F7988",ราคาสี!$A:$D,4,0),120),IF(OR(F9="เทาซาฮาร่า",F9="สีดำซาฮาร่า"),VLOOKUP("F7988",ราคาสี!$A:$F,5,0),IF(F9="แอทแทคเกรย์",VLOOKUP("F7988",ราคาสี!$A:$J,7,0),IF(F9="ลายไม้สักทอง",(VLOOKUP("F7988",ราคาสี!$A:$H,8,0)*mult_wood/mult_euro),IF(F9="ลายไม้มะฮอกกานี",(VLOOKUP("F7988",ราคาสี!$A:$J,9,0)*mult_wood/mult_euro),IF(F9="ลายไม้ไวท์โอ๊ค",(VLOOKUP("F7988",ราคาสี!$A:$J,10,0)*mult_wood/mult_euro),IFERROR(VLOOKUP("F7988",ราคาสี!$A:$D,4,0),120)+IF(F9="สีอบพิเศษ",rate_special,rate_woodbake)*น้ำหนักโปรไฟล์!$C$270)))))) -> 100 | D19: =B19*C19*mult_euro -> 400
A20: ตบปิดราง F7993 | B20: =($F$2*(B2/100)/6.4)*buf_scrap -> 3.65625 | C20: =IF(F9="สีอบขาว/ดำ",IFERROR(VLOOKUP("F7993",ราคาสี!$A:$D,4,0),120),IF(OR(F9="เทาซาฮาร่า",F9="สีดำซาฮาร่า"),VLOOKUP("F7993",ราคาสี!$A:$F,5,0),IF(F9="แอทแทคเกรย์",VLOOKUP("F7993",ราคาสี!$A:$J,7,0),IF(F9="ลายไม้สักทอง",(VLOOKUP("F7993",ราคาสี!$A:$H,8,0)*mult_wood/mult_euro),IF(F9="ลายไม้มะฮอกกานี",(VLOOKUP("F7993",ราคาสี!$A:$J,9,0)*mult_wood/mult_euro),IF(F9="ลายไม้ไวท์โอ๊ค",(VLOOKUP("F7993",ราคาสี!$A:$J,10,0)*mult_wood/mult_euro),IFERROR(VLOOKUP("F7993",ราคาสี!$A:$D,4,0),120)+IF(F9="สีอบพิเศษ",rate_special,rate_woodbake)*น้ำหนักโปรไฟล์!$C$271)))))) -> 95 | D20: =B20*C20*mult_euro -> 347.34375
A21: ตบราง F7994 | B21: =($F$2*(B2/100)/6.4)*buf_scrap -> 3.65625 | C21: =IF(F9="สีอบขาว/ดำ",IFERROR(VLOOKUP("F7994",ราคาสี!$A:$D,4,0),150),IF(OR(F9="เทาซาฮาร่า",F9="สีดำซาฮาร่า"),VLOOKUP("F7994",ราคาสี!$A:$F,5,0),IF(F9="แอทแทคเกรย์",VLOOKUP("F7994",ราคาสี!$A:$J,7,0),IF(F9="ลายไม้สักทอง",(VLOOKUP("F7994",ราคาสี!$A:$H,8,0)*mult_wood/mult_euro),IF(F9="ลายไม้มะฮอกกานี",(VLOOKUP("F7994",ราคาสี!$A:$J,9,0)*mult_wood/mult_euro),IF(F9="ลายไม้ไวท์โอ๊ค",(VLOOKUP("F7994",ราคาสี!$A:$J,10,0)*mult_wood/mult_euro),IFERROR(VLOOKUP("F7994",ราคาสี!$A:$D,4,0),150)+IF(F9="สีอบพิเศษ",rate_special,rate_woodbake)*น้ำหนักโปรไฟล์!$C$272)))))) -> 150 | D21: =B21*C21*mult_euro -> 548.4375
A22: ตบธรณีบานเลื่อน (ตบร่องรางที่ไม่ได้ใช้) | B22: =((B2/100)/6.4)*buf_scrap -> 1.21875 | C22: =IF(F9="สีอบขาว/ดำ",IFERROR(VLOOKUP("F7991",ราคาสี!$A:$D,4,0),150),IF(OR(F9="เทาซาฮาร่า",F9="สีดำซาฮาร่า"),VLOOKUP("F7991",ราคาสี!$A:$F,5,0),IF(F9="แอทแทคเกรย์",VLOOKUP("F7991",ราคาสี!$A:$J,7,0),IF(F9="ลายไม้สักทอง",(VLOOKUP("F7991",ราคาสี!$A:$H,8,0)*mult_wood/mult_euro),IF(F9="ลายไม้มะฮอกกานี",(VLOOKUP("F7991",ราคาสี!$A:$J,9,0)*mult_wood/mult_euro),IF(F9="ลายไม้ไวท์โอ๊ค",(VLOOKUP("F7991",ราคาสี!$A:$J,10,0)*mult_wood/mult_euro),IFERROR(VLOOKUP("F7991",ราคาสี!$A:$D,4,0),150)+IF(F9="สีอบพิเศษ",rate_special,rate_woodbake)*น้ำหนักโปรไฟล์!$C$273)))))) -> 300 | D22: =B22*C22*mult_euro -> 365.625
A23: ตบปิดร่องบน | B23: =1 -> 1 | C23: =IF(F9="สีอบขาว/ดำ",IFERROR(VLOOKUP("F7992",ราคาสี!$A:$D,4,0),505),IF(OR(F9="เทาซาฮาร่า",F9="สีดำซาฮาร่า"),VLOOKUP("F7992",ราคาสี!$A:$F,5,0),IF(F9="แอทแทคเกรย์",VLOOKUP("F7992",ราคาสี!$A:$J,7,0),IF(F9="ลายไม้สักทอง",(VLOOKUP("F7992",ราคาสี!$A:$H,8,0)*mult_wood/mult_euro),IF(F9="ลายไม้มะฮอกกานี",(VLOOKUP("F7992",ราคาสี!$A:$J,9,0)*mult_wood/mult_euro),IF(F9="ลายไม้ไวท์โอ๊ค",(VLOOKUP("F7992",ราคาสี!$A:$J,10,0)*mult_wood/mult_euro),IFERROR(VLOOKUP("F7992",ราคาสี!$A:$D,4,0),505)+IF(F9="สีอบพิเศษ",rate_special,rate_woodbake)*น้ำหนักโปรไฟล์!$C$274)))))) -> 535 | D23: =B23*C23*mult_euro -> 535
A24: ชนกลาง(เปิดคู่กลาง) | B24: =IF(B5="เปิดคู่กลาง",1,0) -> 0 | C24: =IF(F9="สีอบขาว/ดำ",IFERROR(VLOOKUP("F7855",ราคาสี!$A:$D,4,0),1230),IF(OR(F9="เทาซาฮาร่า",F9="สีดำซาฮาร่า"),VLOOKUP("F7855",ราคาสี!$A:$F,5,0),IF(F9="แอทแทคเกรย์",VLOOKUP("F7855",ราคาสี!$A:$J,7,0),IF(F9="ลายไม้สักทอง",(VLOOKUP("F7855",ราคาสี!$A:$H,8,0)*mult_wood/mult_euro),IF(F9="ลายไม้มะฮอกกานี",(VLOOKUP("F7855",ราคาสี!$A:$J,9,0)*mult_wood/mult_euro),IF(F9="ลายไม้ไวท์โอ๊ค",(VLOOKUP("F7855",ราคาสี!$A:$J,10,0)*mult_wood/mult_euro),IFERROR(VLOOKUP("F7855",ราคาสี!$A:$D,4,0),1230)+IF(F9="สีอบพิเศษ",rate_special,rate_woodbake)*น้ำหนักโปรไฟล์!$C$275)))))) -> 1300 | D24: =B24*C24*mult_euro -> 0
A25: ตบปิดเฟรมร่องใน | B25: =IF(B5="เปิดคู่กลาง",2,0) -> 0 | C25: =IF(F9="สีอบขาว/ดำ",IFERROR(VLOOKUP("F7880",ราคาสี!$A:$D,4,0),345),IF(OR(F9="เทาซาฮาร่า",F9="สีดำซาฮาร่า"),VLOOKUP("F7880",ราคาสี!$A:$F,5,0),IF(F9="แอทแทคเกรย์",VLOOKUP("F7880",ราคาสี!$A:$J,7,0),IF(F9="ลายไม้สักทอง",(VLOOKUP("F7880",ราคาสี!$A:$H,8,0)*mult_wood/mult_euro),IF(F9="ลายไม้มะฮอกกานี",(VLOOKUP("F7880",ราคาสี!$A:$J,9,0)*mult_wood/mult_euro),IF(F9="ลายไม้ไวท์โอ๊ค",(VLOOKUP("F7880",ราคาสี!$A:$J,10,0)*mult_wood/mult_euro),IFERROR(VLOOKUP("F7880",ราคาสี!$A:$D,4,0),345)+IF(F9="สีอบพิเศษ",rate_special,rate_woodbake)*น้ำหนักโปรไฟล์!$C$276)))))) -> 370 | D25: =B25*C25*mult_euro -> 0
A26: ตบปิดเฟรมร่องกลาง | B26: =IF(B5="เปิดคู่กลาง",2,0) -> 0 | C26: =IF(F9="สีอบขาว/ดำ",IFERROR(VLOOKUP("F7879",ราคาสี!$A:$D,4,0),355),IF(OR(F9="เทาซาฮาร่า",F9="สีดำซาฮาร่า"),VLOOKUP("F7879",ราคาสี!$A:$F,5,0),IF(F9="แอทแทคเกรย์",VLOOKUP("F7879",ราคาสี!$A:$J,7,0),IF(F9="ลายไม้สักทอง",(VLOOKUP("F7879",ราคาสี!$A:$H,8,0)*mult_wood/mult_euro),IF(F9="ลายไม้มะฮอกกานี",(VLOOKUP("F7879",ราคาสี!$A:$J,9,0)*mult_wood/mult_euro),IF(F9="ลายไม้ไวท์โอ๊ค",(VLOOKUP("F7879",ราคาสี!$A:$J,10,0)*mult_wood/mult_euro),IFERROR(VLOOKUP("F7879",ราคาสี!$A:$D,4,0),355)+IF(F9="สีอบพิเศษ",rate_special,rate_woodbake)*น้ำหนักโปรไฟล์!$C$277)))))) -> 375 | D26: =B26*C26*mult_euro -> 0
A27: ต่อชนกลาง (เปิดคู่กลาง) | B27: =IF(B5="เปิดคู่กลาง",1,0) -> 0 | C27: =IF(F9="สีอบขาว/ดำ",IFERROR(VLOOKUP("F7925",ราคาสี!$A:$D,4,0),355),IF(OR(F9="เทาซาฮาร่า",F9="สีดำซาฮาร่า"),VLOOKUP("F7925",ราคาสี!$A:$F,5,0),IF(F9="แอทแทคเกรย์",VLOOKUP("F7925",ราคาสี!$A:$J,7,0),IF(F9="ลายไม้สักทอง",(VLOOKUP("F7925",ราคาสี!$A:$H,8,0)*mult_wood/mult_euro),IF(F9="ลายไม้มะฮอกกานี",(VLOOKUP("F7925",ราคาสี!$A:$J,9,0)*mult_wood/mult_euro),IF(F9="ลายไม้ไวท์โอ๊ค",(VLOOKUP("F7925",ราคาสี!$A:$J,10,0)*mult_wood/mult_euro),IFERROR(VLOOKUP("F7925",ราคาสี!$A:$D,4,0),355)+IF(F9="สีอบพิเศษ",rate_special,rate_woodbake)*น้ำหนักโปรไฟล์!$C$279)))))) -> 440 | D27: =B27*C27*mult_euro -> 0
A28: กระจก (ตร.ม.) | B28: =((B2/100)+(B4-1)*0.1)*(B3/100) -> 18.6 | C28: =INDEX(ราคากระจก!$B$3:$B$206,MATCH(B9,ราคากระจก!$A$3:$A$206,0)) -> 264 | D28: =B28*C28 -> 4910.4
A29: ล้อ 27 (2/บาน) | B29: =2*$F$2 -> 6 | C29: 80 | D29: =B29*C29 -> 480
A30: มือจับ Align (2/บาน) | B30: =2*$F$3 -> 4 | C30: 99 | D30: =B30*C30 -> 396
A31: ชุดล็อค | B31: =$F$4 -> 2 | C31: =ชีทอุปกรณ์!$D$193 -> 189 | D31: =B31*C31 -> 378
A32: มุมเลื่อน (8/บาน) | B32: =8*B4 -> 24 | C32: 2 | D32: =B32*C32 -> 48
A33: สปริงก็อต (4/บาน) | B33: =4*B4 -> 12 | C33: 29 | D33: =B33*C33 -> 348
A34: สักหลาด (ม.) | B34: =6*(B3/100)+9*(B2/100)+2*($F$5+$F$6)*(B3/100) -> 96 | C34: 1.5 | D34: =B34*C34 -> 144
A35: น็อต | B35: =8+4*B4 -> 20 | C35: 1 | D35: =B35*C35 -> 20
A36: ซิลิโคน (หลอด) ใน+นอก | B36: =ROUNDUP(2*((B2/100)+(B3/100))*2/12.5,0) -> 3 | C36: =B8 -> 90 | D36: =B36*C36 -> 270
A37: ค่าเปิดตู้อบ | B37: =IF(OR(F9="สีอบพิเศษ",F9="สีลายไม้อบพิเศษ"),1,0) -> 0 | C37: =อัปเดตราคาอลู!$B$17 -> 2000 | D37: =B37*C37 -> 0 | E37: สีอบพิเศษ / ลายไม้อบพิเศษ เท่านั้น
A38: ทุนรวม | D38: =SUM(D11:D37)+D59+D66+D67+D68+D69 -> 30942.369
A39: ทุน/ตร.ม. | D39: =IFERROR(D38/B6,0) -> 1719.0205
A40: ราคาขาย/ตร.ม. (ทุน+กำไร%) | D40: =ROUNDUP(D38*(1+B7/100)/100,0)*100 -> 49600
A42: ราคาขายรวม/ชุด | D42: =D40 -> 49600
A44: — ผูกค่าแรง (ราคาขายรวมค่าแรง) —
A45: ค่าแรงผลิต (จากชีทค่าแรง) | D45: =MAX(0,VLOOKUP("บานเลื่อน ยูโร",ค่าแรง!$A$12:$N$117,2,0)+VLOOKUP("บานเลื่อน ยูโร",ค่าแรง!$A$12:$N$117,3,0)*B6) -> 1685.25
A46: ค่าแรงติดตั้ง (จากชีทค่าแรง) | D46: =MAX(0,VLOOKUP("บานเลื่อน ยูโร",ค่าแรง!$A$12:$N$117,4,0)+VLOOKUP("บานเลื่อน ยูโร",ค่าแรง!$A$12:$N$117,5,0)*B6) -> 1743
A48: ราคาขาย ผลิตอย่างเดียว | D48: =ROUNDUP((ROUNDUP((ROUNDUP(D38*(1+B7/100)/100,0)*100+ROUNDUP((D45+D70)*(1+B88/100)/100,0)*100)*(1+$B$90/100)/100,0)*100)*1/100,0)*100 -> 68400
A49: ราคาขาย ผลิต+ติดตั้ง | D49: =D48+ROUNDUP((ROUNDUP((ROUNDUP((D46+D71)*(1+B89/100)/100,0)*100)*(1+$B$90/100)/100,0)*100)*1/100,0)*100 -> 73500
A52: — ชุด auto (ออปชั่น) — บวกเข้าทุน × กำไร%
A53: ใส่ auto? → | B53: ไม่มี | F53: Evecca base | G53: =INDEX(ราคาออโต้!$C:$C,MATCH("Evecca (จีน)",ราคาออโต้!$B:$B,0)) -> 13480
A54: ชุด auto → | B54: Evecca (จีน) | F54: สายพาน/ม | G54: =INDEX(ราคาออโต้!$C:$C,MATCH("สายพาน Evecca",ราคาออโต้!$B:$B,0)) -> 75
A55: ออป Smart lock (Evecca) → | B55: ไม่มี | F55: ส่ง Evecca | G55: =INDEX(ราคาออโต้!$D:$D,MATCH("Evecca (จีน)",ราคาออโต้!$B:$B,0)) -> 1700
A56: ออป Touch (ช่างแซก) → | B56: ไม่มี | F56: Smart lock | G56: =INDEX(ราคาออโต้!$C:$C,MATCH("ออป Smart lock",ราคาออโต้!$B:$B,0)) -> 6500
A57: ออป Infrared (ช่างแซก) → | B57: ไม่มี | F57: ช่างแซก base | G57: =INDEX(ราคาออโต้!$C:$C,MATCH("ช่างแซก",ราคาออโต้!$B:$B,0)) -> 8000
F58: เซฟตี้ตาแมว | G58: =INDEX(ราคาออโต้!$C:$C,MATCH("เซฟตี้ตาแมว (บังคับช่างแซก)",ราคาออโต้!$B:$B,0)) -> 1000
A59: ทุนชุด auto | D59: =IF(B53="ไม่มี",0,IF(B54="Evecca (จีน)",G53+ROUND(G54*B2*2/100,0)+G55+IF(B55="มี",G56,0),(G57+G58+ROUND(G59*B2/100,0)+IF(B56="มี",G60,0)+IF(B57="มี",G61,0))*IF(B5="เปิดคู่กลาง",1,MIN(B4,3)))) -> 0 | F59: ราง/ม | G59: =INDEX(ราคาออโต้!$C:$C,MATCH("ราง ช่างแซก",ราคาออโต้!$B:$B,0)) -> 950
F60: Touch | G60: =INDEX(ราคาออโต้!$C:$C,MATCH("ออป Touch Switch (ช่างแซก)",ราคาออโต้!$B:$B,0)) -> 1000
F61: Infrared | G61: =INDEX(ราคาออโต้!$C:$C,MATCH("ออป Infrared (ช่างแซก)",ราคาออโต้!$B:$B,0)) -> 9000
A63: — มุ้ง (ออปชั่น) — บวกเข้าทุน —
A64: เลือกมุ้ง → | B64: ไม่มีมุ้ง | C64: =IF(B64="ไม่มีมุ้ง","—",IF(H65=1,"✓ ใช้ได้","⚠ ใช้กับบานนี้ไม่ได้(ทุน=0)")) -> — | D64: =IF(B64="ไม่มีมุ้ง","",H70&" บาน") | H64: =IFERROR(VLOOKUP(B64,ราคามุ้ง!$A$2:$K$15,3,0),"")
A65: ชนิดผ้า / สี → | B65: ไฟเบอร์ | C65: เทา | H65: =IF(B64="ไม่มีมุ้ง",0,IF(OR(IFERROR(VLOOKUP(B64,ราคามุ้ง!$A$2:$K$15,4,0),"ALL")="ALL",ISNUMBER(SEARCH("ยูโร",IFERROR(VLOOKUP(B64,ราคามุ้ง!$A$2:$K$15,4,0),"")))),1,0)) -> 0
A66: › เสา (เส้น 6ม.) | B66: =IF(AND(H65=1,H66=1),ROUND(H70*2*H69/6,2),0) -> 0 | C66: =IF(B64="มุ้งเฟรมเล็ก",ราคามุ้ง!$B$19,IF(B64="มุ้งเฟรมใหญ่",ROUND(C11*mult_euro,0),IF(B64="มุ้งนิรภัย",ราคามุ้ง!$B$21,0))) -> 0 | D66: =ROUND(B66*C66,0) -> 0 | H66: =IF(OR(B64="มุ้งเฟรมเล็ก",B64="มุ้งเฟรมใหญ่",B64="มุ้งนิรภัย"),1,0) -> 0
A67: › ขวาง (เส้น 6ม.) | B67: =IF(AND(H65=1,H66=1),ROUND(H70*2*H68/6,2),0) -> 0 | C67: =IF(B64="มุ้งเฟรมเล็ก",ราคามุ้ง!$B$19,IF(B64="มุ้งเฟรมใหญ่",ROUND(C11*mult_euro,0),IF(B64="มุ้งนิรภัย",ราคามุ้ง!$B$21,0))) -> 0 | D67: =ROUND(B67*C67,0) -> 0 | H67: =IFERROR(VLOOKUP(B65,ราคามุ้ง!$I$2:$J$5,2,0),0) -> 23
A68: › ยางอัด (ม.) | B68: =IF(AND(H65=1,H66=1),ROUND(H70*2*(H68+H69),2),0) -> 0 | C68: =ราคามุ้ง!$D$19 -> 5 | D68: =ROUND(B68*C68,0) -> 0 | H68: =B2/(B4*100) -> 2
A69: › ผ้า / มุ้งสำเร็จ | B69: =IF(H65=0,0,ROUND(H70*H68*H69,2)) -> 0 | C69: =IF(B64="มุ้งนิรภัย",650,IF(OR(B64="มุ้งเฟรมเล็ก",B64="มุ้งเฟรมใหญ่"),H67,IF(H64="ซื้อสำเร็จ",IFERROR(VLOOKUP(B64,ราคามุ้ง!$A$2:$K$15,2,0),0),0))) -> 0 | D69: =ROUND(B69*C69,0) -> 0 | H69: =B3/100 -> 3
A70: › ค่าแรงผลิตมุ้ง | D70: =IF(H65=0,0,ROUND(H70*(VLOOKUP(B64,ค่าแรง!$A$12:$N$103,2,0)+VLOOKUP(B64,ค่าแรง!$A$12:$N$103,3,0)*H68*H69),0)) -> 0 | H70: =IF(AND(B5="อิสระ",B4=2),1,F2) -> 3
A71: › ค่าแรงติดตั้งมุ้ง | D71: =IF(H65=0,0,ROUND(H70*(VLOOKUP(B64,ค่าแรง!$A$12:$N$103,4,0)+VLOOKUP(B64,ค่าแรง!$A$12:$N$103,5,0)*H68*H69),0)) -> 0
A72: รวมราคามุ้ง (บวกเข้าทุนแล้ว) | D72: =SUM(D66:D71) -> 0
A80: 🔍 แยกก้อนต้นทุน
A81: ทุนอลู (×ราคา/กก.) | B81: =D11+D13+D14+D15+D16+D17+D18+D19+D20+D21+D23+D24+D25+D26+D36 -> 22511.719
A82: ทุนกระจก | B82: =D12+D28 -> 6251.025
A83: ทุนอุปกรณ์+ซิลิโคน | B83: =D29+D30+D31+D32+D33+D34+D35+D37 -> 1814
A84: รวมวัสดุ | B84: =SUM(B81:B83) -> 30576.744
A86: ⚙ กำไร 3 ก้อน — คำนวณให้เองจากเป้าหมายด้านล่าง (ล็อก)
A87: กำไรค่าวัสดุ % | B87: =ROUND(($B$94*$B$95-1)*100,0) -> 60 | C87: 🔒 คำนวณให้ — ปรับที่ 🎯 เป้าหมายด้านล่าง
A88: กำไรค่าผลิต % | B88: =ROUND(($C$94*$B$95-1)*100,0) -> 78 | C88: 🔒 คำนวณให้ — ปรับที่ 🎯 เป้าหมายด้านล่าง
A89: กำไรค่าติดตั้ง % | B89: =ROUND(($D$94*$B$95-1)*100,0) -> 122 | C89: 🔒 คำนวณให้ — ปรับที่ 🎯 เป้าหมายด้านล่าง
A90: ค่าดำเนินการ % | B90: 30 | C90: 🟡 กรอกได้ — ค่าดำเนินการที่ฝังในราคา
A92: 🎯 ตั้งเป้ากำไร — กรอกช่องเดียวที่นี่
A93: 🎯 กำไรสุทธิที่ต้องการ % | B93: 30 | C93: ← กรอกช่องเดียวพอ · กำไร 3 ก้อนด้านบนคำนวณให้เอง (หักค่าดำเนินการแล้ว)
A94: สัดส่วนกำไร วัสดุ · ผลิต · ติดตั้ง | B94: 1.551 | C94: 1.723 | D94: 2.154 | E94: 🔒 ล็อก — แก้เมื่อจะเปลี่ยนนโยบายเท่านั้น
A95: ตัวปรับอัตโนมัติ | B95: =IFERROR((((D38)+(D45+D70)+(D46+D71))/(100/(100+B90)-B93/100))/(((D38)*$B$94+(D45+D70)*$C$94+(D46+D71)*$D$94)*(1+B90/100)),1) -> 1.0310259 | C95: คำนวณให้เอง — ห้ามแก้
A97: 🔍 กำไรจริง
A98: ค่าดำเนินการ (บาท) | B98: =IFERROR(ROUND(D49-D49/(1+B90/100),0),0) -> 16962 | C98: ราคาขาย × 30 ÷ 130 = ค่าดำเนินการที่ฝังในราคา
A99: ทุนรวมจริง | B99: =D38+D45+D70+D46+D71+B98 -> 51332.619 | C99: ทุนตรง + ค่าดำเนินการ
A100: ★ % กำไรสุทธิ | B100: =IFERROR((D49-B99)/D49,"") -> 0.30159702 | C100: ★ ฐาน = ยอดขาย — หักค่าดำเนินการแล้ว

Sheet คิดทุน SlimLux
A1: คิดทุนบานเลื่อน SlimLux — เลือกรูปแบบ + จำนวนบาน | H1: 🏠 สารบัญ | AA1: เทมเปอร์ 6มม.
A2: รูปแบบ → | B2: อิสระ | C2: =IF(B2="","⚠ ยังไม่เลือกรูปแบบ — จำนวนราง/อุปกรณ์จะขาด","") | E2: =B2&"-"&B3 -> อิสระ-2 | AA2: เทมเปอร์ใสพิเศษ 6มม.
A3: จำนวนบาน → | B3: 2 | C3: =IF(ISNA(MATCH(E2,G41:G48,0)),"⚠ "&B2&" "&B3&" บาน ไม่มีในระบบ — อิสระ 2-5 · ลากจูง 3-5 · เปิดคู่กลาง 4,6","") | AA3: เทมเปอร์ฝ้า 6มม.
A4: กว้างรวม (ซม.) → | B4: 200 | AA4: เทมเปอร์ฝ้า 8มม.
A5: สูง (ซม.) → | B5: 200 | AA5: เทมเปอร์ยูโรเกรย์ 4มม.
A6: พื้นที่ (ตร.ม.) = | B6: =(B4/100)*(B5/100) -> 4 | AA6: เทมเปอร์ยูโรเกรย์ 5มม.
A7: มือจับ → | B7: มือจับล็อค | C7: =IF(B7="","⚠ ยังไม่เลือกมือจับ — ราคาจะขาด","") | AA7: เทมเปอร์ยูโรเกรย์ 6มม.
A8: บวกกำไร % → | B8: =$B$84 -> 62 | C8: ← ผูกกับ "กำไรค่าวัสดุ %" ท้ายชีท (แก้ตัวเลขที่นั่น) | AA8: เทมเปอร์ยูโรบรอนซ์ 5มม.
A9: ราคาซิลิโคน/หลอด → | B9: 90 | AA9: เทมเปอร์ยูโรบรอนซ์ 6มม.
A10: กระจก → | B10: เทมเปอร์ 6มม. | C10: =INDEX(ราคากระจก!$B$3:$B$206,MATCH(B10,ราคากระจก!$A$3:$A$206,0)) -> 403 | D10: ← ราคากระจก/ตร.ม. (อัตโนมัติ) | E10: สี → | F10: สีอบขาว/ดำ | AA10: เทมเปอร์ reflective เทา 6มม.
A11: วัสดุ | B11: จำนวน | C11: ราคา/หน่วย | D11: ทุน(บาท) | AA11: เทมเปอร์ reflective เขียว 6มม.
A12: ขวางบน/ล่าง (WM-K04) | B12: =(IFERROR(SlimLux_ตัด!E22*SlimLux_ตัด!F22,0))/600*buf_scrap -> 0.84846667 | C12: =VLOOKUP("WM-K04",ราคาสี!$A:$D,4,0)+IF(OR(F10="สีอบขาว/ดำ",F10="เทาซาฮาร่า"),rate_grey,IF(F10="สีอบพิเศษ",rate_special,rate_woodbake))*น้ำหนักโปรไฟล์!$C$279 -> 1233.8 | D12: =B12*C12*mult_slim -> 1046.8382 | AA12: เทมเปอร์ reflective ฟ้า 6มม.
A13: เสาบาน (WM-K01) | B13: =(IFERROR(SlimLux_ตัด!E23*SlimLux_ตัด!F23,0))/600*buf_scrap -> 1.6068 | C13: =VLOOKUP("WM-K01",ราคาสี!$A:$D,4,0)+IF(OR(F10="สีอบขาว/ดำ",F10="เทาซาฮาร่า"),rate_grey,IF(F10="สีอบพิเศษ",rate_special,rate_woodbake))*น้ำหนักโปรไฟล์!$C$280 -> 775 | D13: =B13*C13*mult_slim -> 1245.27 | AA13: เทมเปอร์ 8มม.
A14: ตบเรียบ (WM-K02) | B14: =(IFERROR(SlimLux_ตัด!E24*SlimLux_ตัด!F24,0)+IFERROR(SlimLux_ตัด!E25*SlimLux_ตัด!F25,0))/600*buf_scrap -> 0.83373333 | C14: =VLOOKUP("WM-K02",ราคาสี!$A:$D,4,0)+IF(OR(F10="สีอบขาว/ดำ",F10="เทาซาฮาร่า"),rate_grey,IF(F10="สีอบพิเศษ",rate_special,rate_woodbake))*น้ำหนักโปรไฟล์!$C$281 -> 429 | D14: =B14*C14*mult_slim -> 357.6716 | AA14: เทมเปอร์สีชาดำ 6มม.
A15: ตบเกี่ยว (WM-K03) | B15: =(IFERROR(SlimLux_ตัด!E26*SlimLux_ตัด!F26,0))/600*buf_scrap -> 1.2506 | C15: =VLOOKUP("WM-K03",ราคาสี!$A:$D,4,0)+IF(OR(F10="สีอบขาว/ดำ",F10="เทาซาฮาร่า"),rate_grey,IF(F10="สีอบพิเศษ",rate_special,rate_woodbake))*น้ำหนักโปรไฟล์!$C$282 -> 454 | D15: =B15*C15*mult_slim -> 567.7724 | AA15: เทมเปอร์สีฟ้า 6มม.
A16: รางแขวน (WM-K15) | B16: =(IFERROR(SlimLux_ตัด!E19*SlimLux_ตัด!F19,0))/600*buf_scrap -> 0.845 | C16: =VLOOKUP("WM-K15",ราคาสี!$A:$D,4,0)+IF(OR(F10="สีอบขาว/ดำ",F10="เทาซาฮาร่า"),rate_grey,IF(F10="สีอบพิเศษ",rate_special,rate_woodbake))*น้ำหนักโปรไฟล์!$C$334 -> 1414.8 | D16: =B16*C16*mult_slim -> 1195.506 | AA16: เทมเปอร์ใสพิเศษ 8มม.
A17: ฝาล่างเล็ก (WM-K20) | B17: =(IFERROR(SlimLux_ตัด!E29*SlimLux_ตัด!F29,0)+IFERROR(SlimLux_ตัด!E30*SlimLux_ตัด!F30,0))/600*buf_scrap -> 1.2675 | C17: =VLOOKUP("WM-K20",ราคาสี!$A:$D,4,0)+IF(OR(F10="สีอบขาว/ดำ",F10="เทาซาฮาร่า"),rate_grey,IF(F10="สีอบพิเศษ",rate_special,rate_woodbake))*น้ำหนักโปรไฟล์!$C$283 -> 132.2 | D17: =B17*C17*mult_slim -> 167.5635 | AA17: เทมเปอร์ใส 6มม.
A18: บังใบ 4หุน | B18: =(IFERROR(SlimLux_ตัด!E21*SlimLux_ตัด!F21,0))/600*buf_scrap -> 0.84023333 | C18: =IF(OR(F10="สีอบขาว/ดำ",F10="เทาซาฮาร่า"),ราคาสี!$E$191,ราคาสี!$D$191) -> 200 | D18: =B18*C18*mult_mtong -> 168.04667 | AA18: เทมเปอร์ใส 8มม.
A19: ฉากปิดราง | B19: =(IFERROR(SlimLux_ตัด!E28*SlimLux_ตัด!F28,0))/600*buf_scrap -> 0.86666667 | C19: =ราคาสี!$D$192+IF(OR(F10="สีอบขาว/ดำ",F10="เทาซาฮาร่า"),rate_grey,IF(F10="สีอบพิเศษ",rate_special,rate_woodbake))*น้ำหนักโปรไฟล์!$C$284 -> 483 | D19: =B19*C19*mult_mtong -> 418.6 | AA19: เทมเปอร์ยูโรบรอนซ์ 8มม.
A20: กล่องเฟรม/คาน | B20: =(IFERROR(SlimLux_ตัด!E18*SlimLux_ตัด!F18,0)+IFERROR(SlimLux_ตัด!E20*SlimLux_ตัด!F20,0))/600*buf_scrap -> 2.145 | C20: =ราคาสี!$D$136+IF(OR(F10="สีอบขาว/ดำ",F10="เทาซาฮาร่า"),rate_grey,IF(F10="สีอบพิเศษ",rate_special,rate_woodbake))*น้ำหนักโปรไฟล์!$C$285 -> 1742 | D20: =B20*C20*mult_mtong -> 3736.59 | AA20: เทมเปอร์ใสพ่นสีขาว 6มม.
AA21: เทมเปอร์ใสพ่นสีขาว 8มม.
A23: ตัวต่อ+สักหลาด (ชุด) | B23: =IFERROR(INDEX($T$40:$T$48,MATCH($E$2,$G$40:$G$48,0)),0) -> 1 | C23: =ชีทอุปกรณ์!$D$164 -> 100 | D23: =B23*C23 -> 100
A24: ข้อต่อบาน | B24: =IFERROR(INDEX($U$40:$U$48,MATCH($E$2,$G$40:$G$48,0)),0) -> 8 | C24: =ชีทอุปกรณ์!$D$165 -> 42 | D24: =B24*C24 -> 336
A25: ล้อล่าง (ตัว) | B25: =IFERROR(INDEX($V$40:$V$48,MATCH($E$2,$G$40:$G$48,0)),0) -> 4 | C25: =ชีทอุปกรณ์!$D$166 -> 100 | D25: =B25*C25 -> 400
A26: soft close (ชุด) | B26: =IFERROR(INDEX($W$40:$W$48,MATCH($E$2,$G$40:$G$48,0)),0) -> 2 | C26: =ชีทอุปกรณ์!$D$167 -> 650 | D26: =B26*C26 -> 1300
A27: สลิง (ชุด) | B27: =IFERROR(INDEX($X$40:$X$48,MATCH($E$2,$G$40:$G$48,0)),0) -> 0 | C27: =ชีทอุปกรณ์!$D$168 -> 700 | D27: =B27*C27 -> 0
A28: มือจับ | B28: =IFERROR(INDEX($S$40:$S$48,MATCH($E$2,$G$40:$G$48,0)),0) -> 2 | C28: =IF(B7="มือจับล็อค",ชีทอุปกรณ์!$D$169,IF(B7="X-J",ชีทอุปกรณ์!$D$170,0)) -> 200 | D28: =B28*C28 -> 400 | E28: มือจับล็อค=200/ชุด · X-J=860/บาน · ลูกค้าเตรียมเอง=0
A29: ซิลิโคน (หลอด) | B29: =ROUNDUP(2*(B4+B5)/100*2/12.5,0) -> 2 | C29: =B9 -> 90 | D29: =B29*C29 -> 180
A30: กระจก (ตร.ม.) | B30: =B6 -> 4 | C30: =INDEX(ราคากระจก!$B$3:$B$206,MATCH(B10,ราคากระจก!$A$3:$A$206,0)) -> 403 | D30: =B30*C30 -> 1612
A31: ค่าเปิดตู้อบ | B31: =1 -> 1 | C31: =อัปเดตราคาอลู!$B$17 -> 2000 | D31: =B31*C31 -> 2000 | E31: สีอบพิเศษ / ลายไม้อบพิเศษ เท่านั้น
A32: ทุนรวม | D32: =SUM(D12:D31)+D58+D63+D64+D65+D66 -> 15231.858 | E32: =IF(COUNTIFS(B12:B31,">0",C12:C31,0)+COUNTIFS(B12:B31,">0",C12:C31,"")>0,"⚠ ราคาบางรายการ = 0 (เช็ค dropdown/รหัส)","✅ ราคาครบ") -> ✅ ราคาครบ
A33: ทุน/ตร.ม. | D33: =IFERROR(D32/B6,0) -> 3807.9646
A34: ราคาขาย/ตร.ม. (markup%) | D34: =ROUNDUP(D32*(1+B8/100)/100,0)*100 -> 24700
A35: ราคาขายรวม/ชุด | D35: =D34 -> 24700
A37: อิสระ: 2/3/4/5 บาน · ลากจูง: 3/4/5 บาน · เปิดคู่กลาง: 4/6 บาน
A39: — ผูกค่าแรง (ราคาขายรวมค่าแรง) —
A40: ค่าแรงผลิต (จากชีทค่าแรง) | D40: =MAX(0,VLOOKUP("SlimLux",ค่าแรง!$A$12:$N$117,2,0)+VLOOKUP("SlimLux",ค่าแรง!$A$12:$N$117,3,0)*B6) -> 1155
A41: ค่าแรงติดตั้ง (จากชีทค่าแรง) | D41: =MAX(0,VLOOKUP("SlimLux",ค่าแรง!$A$12:$N$117,4,0)+VLOOKUP("SlimLux",ค่าแรง!$A$12:$N$117,5,0)*B6) -> 2100 | G41: อิสระ-2 | H41: 1 | I41: 2 | J41: 1 | K41: 1 | L41: 1 | M41: 1 | N41: 1 | O41: 1 | P41: 2 | Q41: 2 | R41: 1 | S41: 2 | T41: 1 | U41: 8 | V41: 4 | W41: 2 | X41: 0
G42: อิสระ-3 | H42: 1 | I42: 3 | J42: 1 | K42: 2 | L42: 2 | M42: 2 | N42: 1 | O42: 1 | P42: 2 | Q42: 2 | R42: 1 | S42: 1 | T42: 1 | U42: 12 | V42: 6 | W42: 2 | X42: 1
A43: ราคาขาย ผลิตอย่างเดียว | D43: =ROUNDUP((ROUNDUP((ROUNDUP(D32*(1+B8/100)/100,0)*100+ROUNDUP((D40+D67)*(1+B85/100)/100,0)*100)*(1+$B$87/100)/100,0)*100)*1/100,0)*100 -> 34500 | G43: อิสระ-4 | H43: 2 | I43: 4 | J43: 1 | K43: 3 | L43: 3 | M43: 2 | N43: 2 | O43: 2 | P43: 2 | Q43: 2 | R43: 1 | S43: 1 | T43: 1 | U43: 16 | V43: 8 | W43: 2 | X43: 1
A44: ราคาขาย ผลิต+ติดตั้ง | D44: =D43+ROUNDUP((ROUNDUP((ROUNDUP((D41+D68)*(1+B86/100)/100,0)*100)*(1+$B$87/100)/100,0)*100)*1/100,0)*100 -> 39600 | G44: อิสระ-5 | H44: 2 | I44: 5 | J44: 1 | K44: 4 | L44: 4 | M44: 2 | N44: 3 | O44: 2 | P44: 3 | Q44: 2 | R44: 2 | S44: 1 | T44: 1 | U44: 20 | V44: 10 | W44: 2 | X44: 1
G45: ลากจูง-3 | H45: 1 | I45: 3 | J45: 1 | K45: 1 | L45: 2 | M45: 1 | N45: 1 | O45: 1 | P45: 2 | Q45: 1 | R45: 1 | S45: 1 | T45: 1 | U45: 8 | V45: 4 | W45: 1 | X45: 1
G46: ลากจูง-4 | H46: 2 | I46: 4 | J46: 1 | K46: 2 | L46: 3 | M46: 2 | N46: 2 | O46: 2 | P46: 2 | Q46: 1 | R46: 1 | S46: 1 | T46: 1 | U46: 12 | V46: 6 | W46: 1 | X46: 1
G47: ลากจูง-5 | H47: 2 | I47: 5 | J47: 1 | K47: 3 | L47: 4 | M47: 2 | N47: 2 | O47: 2 | P47: 2 | Q47: 1 | R47: 2 | S47: 1 | T47: 1 | U47: 16 | V47: 8 | W47: 1 | X47: 1
G48: เปิดคู่กลาง-4 | H48: 2 | I48: 4 | J48: 2 | K48: 2 | L48: 2 | M48: 1 | N48: 2 | O48: 2 | P48: 2 | Q48: 2 | R48: 1 | S48: 2 | T48: 1 | U48: 8 | V48: 4 | W48: 2 | X48: 0
G49: เปิดคู่กลาง-6 | H49: 2 | I49: 6 | J49: 2 | K49: 4 | L49: 4 | M49: 2 | N49: 3 | O49: 2 | P49: 2 | Q49: 2 | R49: 1 | S49: 2 | T49: 1 | U49: 16 | V49: 8 | W49: 2 | X49: 1
A51: — ชุด auto (ออปชั่น) — บวกเข้าทุน × กำไร%
A52: ใส่ auto? → | B52: ไม่มี
A53: ชุด auto → | B53: ชุด SlimLux
A54: ออป SlimLux (บังคับเลือก1) → | B54: สแกนหน้า
A55: ออป Touch (ช่างแซก) → | B55: ไม่มี
A56: ออป Infrared (ช่างแซก) → | B56: ไม่มี
A58: ทุนชุด auto | D58: =IF(B52="ไม่มี",0,IF(B53="ชุด SlimLux",INDEX(ราคาออโต้!$C:$C,MATCH("ชุด SlimLux (บานแรก)",ราคาออโต้!$B:$B,0))+INDEX(ราคาออโต้!$C:$C,MATCH("บานเพิ่ม",ราคาออโต้!$B:$B,0))*(B3-1)+ROUND(INDEX(ราคาออโต้!$C:$C,MATCH("ราง SlimLux",ราคาออโต้!$B:$B,0))*B4/100*B3,0)+IF(B54="สแกนหน้า",INDEX(ราคาออโต้!$C:$C,MATCH("ออป สแกนหน้า (บังคับเลือก1)",ราคาออโต้!$B:$B,0)),INDEX(ราคาออโต้!$C:$C,MATCH("ออป Touch Switch (บังคับเลือก1)",ราคาออโต้!$B:$B,0)))+INDEX(ราคาออโต้!$D:$D,MATCH("ชุด SlimLux (บานแรก)",ราคาออโต้!$B:$B,0)),INDEX(ราคาออโต้!$C:$C,MATCH("ช่างแซก",ราคาออโต้!$B:$B,0))+INDEX(ราคาออโต้!$C:$C,MATCH("เซฟตี้ตาแมว (บังคับช่างแซก)",ราคาออโต้!$B:$B,0))+ROUND(INDEX(ราคาออโต้!$C:$C,MATCH("ราง ช่างแซก",ราคาออโต้!$B:$B,0))*B4/100,0)+IF(B55="มี",INDEX(ราคาออโต้!$C:$C,MATCH("ออป Touch Switch (ช่างแซก)",ราคาออโต้!$B:$B,0)),0)+IF(B56="มี",INDEX(ราคาออโต้!$C:$C,MATCH("ออป Infrared (ช่างแซก)",ราคาออโต้!$B:$B,0)),0))) -> 0
A60: — มุ้ง (ออปชั่น) — บวกเข้าทุน —
A61: เลือกมุ้ง → | B61: ไม่มีมุ้ง | C61: =IF(B61="ไม่มีมุ้ง","—",IF(AC62=1,"✓ ใช้ได้","⚠ ใช้กับบานนี้ไม่ได้(ทุน=0)")) -> — | D61: =IF(B61="ไม่มีมุ้ง","",AC67&" บาน") | AC61: =IFERROR(VLOOKUP(B61,ราคามุ้ง!$A$2:$K$15,3,0),"")
A62: ชนิดผ้า / สี → | B62: ไฟเบอร์ | C62: เทา | AC62: =IF(B61="ไม่มีมุ้ง",0,IF(OR(IFERROR(VLOOKUP(B61,ราคามุ้ง!$A$2:$K$15,4,0),"ALL")="ALL",ISNUMBER(SEARCH("SlimLux",IFERROR(VLOOKUP(B61,ราคามุ้ง!$A$2:$K$15,4,0),"")))),1,0)) -> 0
A63: › เสา (เส้น 6ม.) | B63: =IF(AND(AC62=1,AC63=1),ROUND(AC67*2*AC66/6,2),0) -> 0 | C63: =IF(B61="มุ้งเฟรมเล็ก",ราคามุ้ง!$B$19,IF(B61="มุ้งเฟรมใหญ่",0,IF(B61="มุ้งนิรภัย",ราคามุ้ง!$B$21,0))) -> 0 | D63: =ROUND(B63*C63,0) -> 0 | AC63: =IF(OR(B61="มุ้งเฟรมเล็ก",B61="มุ้งเฟรมใหญ่",B61="มุ้งนิรภัย"),1,0) -> 0
A64: › ขวาง (เส้น 6ม.) | B64: =IF(AND(AC62=1,AC63=1),ROUND(AC67*2*AC65/6,2),0) -> 0 | C64: =IF(B61="มุ้งเฟรมเล็ก",ราคามุ้ง!$B$19,IF(B61="มุ้งเฟรมใหญ่",0,IF(B61="มุ้งนิรภัย",ราคามุ้ง!$B$21,0))) -> 0 | D64: =ROUND(B64*C64,0) -> 0 | AC64: =IFERROR(VLOOKUP(B62,ราคามุ้ง!$I$2:$J$5,2,0),0) -> 23
A65: › ยางอัด (ม.) | B65: =IF(AND(AC62=1,AC63=1),ROUND(AC67*2*(AC65+AC66),2),0) -> 0 | C65: =ราคามุ้ง!$D$19 -> 5 | D65: =ROUND(B65*C65,0) -> 0 | AC65: =IF(AC67>0,B4/(AC67*100),0) -> 2
A66: › ผ้า / มุ้งสำเร็จ | B66: =IF(AC62=0,0,ROUND(AC67*AC65*AC66,2)) -> 0 | C66: =IF(B61="มุ้งนิรภัย",650,IF(OR(B61="มุ้งเฟรมเล็ก",B61="มุ้งเฟรมใหญ่"),AC64,IF(AC61="ซื้อสำเร็จ",IFERROR(VLOOKUP(B61,ราคามุ้ง!$A$2:$K$15,2,0),0),0))) -> 0 | D66: =ROUND(B66*C66,0) -> 0 | AC66: =B5/100 -> 2
A67: › ค่าแรงผลิตมุ้ง | D67: =IF(AC62=0,0,ROUND(AC67*(VLOOKUP(B61,ค่าแรง!$A$12:$N$103,2,0)+VLOOKUP(B61,ค่าแรง!$A$12:$N$103,3,0)*AC65*AC66),0)) -> 0 | AC67: =IF(AND(B2="อิสระ",B3=2),1,IF(B2="อิสระ",B3,IF(B2="ลากจูง",B3-1,B3-2))) -> 1
A68: › ค่าแรงติดตั้งมุ้ง | D68: =IF(AC62=0,0,ROUND(AC67*(VLOOKUP(B61,ค่าแรง!$A$12:$N$103,4,0)+VLOOKUP(B61,ค่าแรง!$A$12:$N$103,5,0)*AC65*AC66),0)) -> 0
A69: รวมราคามุ้ง (บวกเข้าทุนแล้ว) | D69: =SUM(D63:D68) -> 0
A77: 🔍 แยกก้อนต้นทุน
A78: ทุนอลู (×ราคา/กก.) | B78: =D12+D13+D14+D15+D16+D17+D18+D19+D20 -> 8903.8583
A79: ทุนกระจก | B79: =D30 -> 1612
A80: ทุนอุปกรณ์+ซิลิโคน | B80: =D21+D22+D23+D24+D25+D26+D27+D28+D29+D31 -> 4716
A81: รวมวัสดุ | B81: =SUM(B78:B80) -> 15231.858
A83: ⚙ กำไร 3 ก้อน — คำนวณให้เองจากเป้าหมายด้านล่าง (ล็อก)
A84: กำไรค่าวัสดุ % | B84: =ROUND(($B$91*$B$92-1)*100,0) -> 62 | C84: 🔒 คำนวณให้ — ปรับที่ 🎯 เป้าหมายด้านล่าง
A85: กำไรค่าผลิต % | B85: =ROUND(($C$91*$B$92-1)*100,0) -> 48 | C85: 🔒 คำนวณให้ — ปรับที่ 🎯 เป้าหมายด้านล่าง
A86: กำไรค่าติดตั้ง % | B86: =ROUND(($D$91*$B$92-1)*100,0) -> 85 | C86: 🔒 คำนวณให้ — ปรับที่ 🎯 เป้าหมายด้านล่าง
A87: ค่าดำเนินการ % | B87: 30 | C87: 🟡 กรอกได้ — ค่าดำเนินการที่ฝังในราคา
A89: 🎯 ตั้งเป้ากำไร — กรอกช่องเดียวที่นี่
A90: 🎯 กำไรสุทธิที่ต้องการ % | B90: 30 | C90: ← กรอกช่องเดียวพอ · กำไร 3 ก้อนด้านบนคำนวณให้เอง (หักค่าดำเนินการแล้ว)
A91: สัดส่วนกำไร วัสดุ · ผลิต · ติดตั้ง | B91: 1.895 | C91: 1.723 | D91: 2.154 | E91: 🔒 ล็อก — แก้เมื่อจะเปลี่ยนนโยบายเท่านั้น
A92: ตัวปรับอัตโนมัติ | B92: =IFERROR((((D32)+(D40+D67)+(D41+D68))/(100/(100+B87)-B90/100))/(((D32)*$B$91+(D40+D67)*$C$91+(D41+D68)*$D$91)*(1+B87/100)),1) -> 0.85664721 | C92: คำนวณให้เอง — ห้ามแก้
A94: 🔍 กำไรจริง
A95: ค่าดำเนินการ (บาท) | B95: =IFERROR(ROUND(D44-D44/(1+B87/100),0),0) -> 9138 | C95: ราคาขาย × 30 ÷ 130 = ค่าดำเนินการที่ฝังในราคา
A96: ทุนรวมจริง | B96: =D32+D40+D67+D41+D68+B95 -> 27624.858 | C96: ทุนตรง + ค่าดำเนินการ
A97: ★ % กำไรสุทธิ | B97: =IFERROR((D44-B96)/D44,"") -> 0.30240257 | C97: ★ ฐาน = ยอดขาย — หักค่าดำเนินการแล้ว

Sheet คิดทุน บานเลื่อนรางบน
A1: คิดทุน บานเลื่อนรางบน (Hafele · เลื่อนซ้อน) — ข้อ14 | G1: 🏠 สารบัญ
A2: กว้างช่อง (ซม.) → | B2: 360 | E2: กว้าง/บาน= | F2: =B2/B4 -> 180
A3: สูงช่อง (ซม.) → | B3: 240 | E3: พื้นที่ ตร.ม.= | F3: =(B2/100)*(B3/100) -> 8.64
A4: จำนวนบาน → | B4: 2 | E4: ราง/บาน (เส้น6ม.)= | F4: =ROUNDUP((B2/B4)*2/600,0) -> 1
A5: สีอลู → | B5: สีอบขาว/ดำ | E5: ราคากระจก/ตร.ม.= | F5: =INDEX(ราคากระจก!$B$3:$B$206,MATCH(B6,ราคากระจก!$A$3:$A$206,0)) -> 264
A6: กระจก → | B6: เขียว 6มม. | E6: สีพิเศษ?= | F6: =IF(OR(B5="สีอบพิเศษ",B5="สีลายไม้อบพิเศษ"),1,0) -> 0
A7: บวกกำไร % → | B7: =$B$48 -> 59 | C7: ← ผูกกับ "กำไรค่าวัสดุ %" ท้ายชีท (แก้ตัวเลขที่นั่น) | E7: เสากุญแจ/เส้น(สี)= | F7: =IF(B5="สีอบขาว/ดำ",IFERROR(VLOOKUP("B20051",ราคาสี!$A:$D,4,0),885),IF(OR(B5="เทาซาฮาร่า",B5="สีดำซาฮาร่า"),VLOOKUP("B20051",ราคาสี!$A:$F,5,0),IF(B5="ลายไม้ stock",VLOOKUP("B20051",ราคาสี!$A:$H,8,0),IFERROR(VLOOKUP("B20051",ราคาสี!$A:$D,4,0),885)+IF(B5="สีอบพิเศษ",rate_special,rate_woodbake)*น้ำหนักโปรไฟล์!$C$256))) -> 885
A8: ราคาซิลิโคน/หลอด → | B8: 90 | E8: ปัจจัยสีกล่อง= | F8: =IF(B5="สีอบขาว/ดำ",mult_mtong,IF(OR(B5="เทาซาฮาร่า",B5="สีดำซาฮาร่า"),mult_mtong+rate_grey/192,IF(B5="ลายไม้ stock",mult_mtong+rate_woodstock/192,IF(B5="สีอบพิเศษ",mult_mtong+rate_special/192,mult_mtong+rate_woodbake/192)))) -> 1
A10: รายการวัสดุ | B10: จำนวน | C10: ราคา/หน่วย | D10: ทุน (บาท)
A11: รางบน Hafele ((กว้าง/บาน)×2 · เส้น6ม.) | B11: =F4*B4 -> 2 | C11: =ชีทอุปกรณ์!$D$194 -> 2010 | D11: =B11*C11 -> 4020
A12: ล้อ Hafele (1 กล่อง/บาน) | B12: =B4 -> 2 | C12: =ชีทอุปกรณ์!$D$195 -> 1170 | D12: =B12*C12 -> 2340
A13: เสารับ 1"×4" (1 ต้น · ยาว=สูง) | B13: =(B3/600)*buf_scrap -> 0.52 | C13: =ROUND(ราคาสี!$D$198*$F$8/5,0)*5 -> 905 | D13: =B13*C13 -> 470.6
A14: คานรับราง 1.6"×4" (1 เส้น · ยาว=ราง) | B14: =(B2*2/600)*buf_scrap -> 1.56 | C14: =ROUND(ราคาสี!$D$200*$F$8/5,0)*5 -> 1220 | D14: =B14*C14 -> 1903.2
A15: กรอบบาน เสากุญแจ 20051 (รอบ4ด้าน×บาน) | B15: =(2*(B2+B4*B3)/640)*buf_scrap -> 3.4125 | C15: =ROUND(F7*mult_sms/5,0)*5 -> 885 | D15: =B15*C15 -> 3020.0625
A16: กระจก (ตร.ม.) | B16: =F3 -> 8.64 | C16: =F5 -> 264 | D16: =B16*C16 -> 2280.96
A17: ชนกลางรับบาน (1 ท่อน · ยาว=สูง) | B17: =(B3/600)*buf_scrap -> 0.52 | C17: =ROUND(300*$F$8/5,0)*5 -> 300 | D17: =B17*C17 -> 156
A18: ฉาก 4" ปิดราง (2 ท่อน · ยาว=ราง) | B18: =2*(B2*2/600)*buf_scrap -> 3.12 | C18: =ROUND(ราคาสี!$D$204*$F$8/5,0)*5 -> 280 | D18: =B18*C18 -> 873.6
A19: มือจับ Align (2/บาน) | B19: =2*B4 -> 4 | C19: 99 | D19: =B19*C19 -> 396
A20: ชุดล็อค (1/บาน) | B20: =B4 -> 2 | C20: =ชีทอุปกรณ์!$D$193 -> 189 | D20: =B20*C20 -> 378
A21: ซิลิโคน (หลอด) ใน+นอก | B21: =ROUNDUP(2*(B2+B3)/100*2/12.5,0) -> 2 | C21: =B8 -> 90 | D21: =B21*C21 -> 180
A22: ค่าเปิดตู้อบ (สีพิเศษ) | B22: =F6 -> 0 | C22: =อัปเดตราคาอลู!$B$17 -> 2000 | D22: =B22*C22 -> 0
A23: ทุนรวม | D23: =SUM(D11:D22) -> 16018.423
A24: ทุน/ตร.ม. | D24: =IFERROR(ROUND(D23/F3,0),0) -> 1854
A25: ราคาขาย/ตร.ม. (ทุน+กำไร%) | D25: =ROUNDUP(D23*(1+B7/100)/100,0)*100 -> 25500
A26: ราคาขายรวม/ชุด | D26: =D25 -> 25500
A28: หมายเหตุ: เพิ่มบาน=เพิ่มราง+ล้อ (รางบน คิดจาก (กว้าง/บาน)×2 แล้วปัดขึ้นเส้น 6ม. × จำนวนบาน) · ราง/ฉาก/คานคิดเส้น 6ม. · เสากุญแจ20051 คิด นน.×ราคา/กก.(mult_sms) ราคาสีในช่อง F7 · ค่าแรงยังไม่รวม (รอเรต)
A30: — ค่าแรง (ผลิต 6ชม×1 · ติดตั้ง 2คน×4ชม · เพิ่ม/ตร.ม. อ้าง SMS) —
A31: ค่าแรงผลิต | D31: =MAX(0,VLOOKUP("บานเลื่อนรางบน",ค่าแรง!$A$12:$N$117,2,0)+VLOOKUP("บานเลื่อนรางบน",ค่าแรง!$A$12:$N$117,3,0)*F3) -> 1202.25
A32: ค่าแรงติดตั้ง | D32: =MAX(0,VLOOKUP("บานเลื่อนรางบน",ค่าแรง!$A$12:$N$117,4,0)+VLOOKUP("บานเลื่อนรางบน",ค่าแรง!$A$12:$N$117,5,0)*F3) -> 2404.5
A33: ราคาขาย ผลิตอย่างเดียว | D33: =ROUNDUP((ROUNDUP((ROUNDUP(D23*(1+B7/100)/100,0)*100+ROUNDUP(D31*(1+B49/100)/100,0)*100)*(1+$B$51/100)/100,0)*100)*1/100,0)*100 -> 35800
A34: ราคาขาย ผลิต+ติดตั้ง | D34: =D33+ROUNDUP((ROUNDUP((ROUNDUP(D32*(1+B50/100)/100,0)*100)*(1+$B$51/100)/100,0)*100)*1/100,0)*100 -> 42100
A41: 🔍 แยกก้อนต้นทุน
A42: ทุนอลู (×ราคา/กก.) | B42: =D11+D12+D13+D14+D15+D18+D21 -> 12807.463
A43: ทุนกระจก | B43: =D16 -> 2280.96
A44: ทุนอุปกรณ์+ซิลิโคน | B44: =D17+D19+D20+D22 -> 930
A45: รวมวัสดุ | B45: =SUM(B42:B44) -> 16018.423
A47: ⚙ กำไร 3 ก้อน — คำนวณให้เองจากเป้าหมายด้านล่าง (ล็อก)
A48: กำไรค่าวัสดุ % | B48: =ROUND(($B$55*$B$56-1)*100,0) -> 59 | C48: 🔒 คำนวณให้ — ปรับที่ 🎯 เป้าหมายด้านล่าง
A49: กำไรค่าผลิต % | B49: =ROUND(($C$55*$B$56-1)*100,0) -> 59 | C49: 🔒 คำนวณให้ — ปรับที่ 🎯 เป้าหมายด้านล่าง
A50: กำไรค่าติดตั้ง % | B50: =ROUND(($D$55*$B$56-1)*100,0) -> 99 | C50: 🔒 คำนวณให้ — ปรับที่ 🎯 เป้าหมายด้านล่าง
A51: ค่าดำเนินการ % | B51: 30 | C51: 🟡 กรอกได้ — ค่าดำเนินการที่ฝังในราคา
A53: 🎯 ตั้งเป้ากำไร — กรอกช่องเดียวที่นี่
A54: 🎯 กำไรสุทธิที่ต้องการ % | B54: 30 | C54: ← กรอกช่องเดียวพอ · กำไร 3 ก้อนด้านบนคำนวณให้เอง (หักค่าดำเนินการแล้ว)
A55: สัดส่วนกำไร วัสดุ · ผลิต · ติดตั้ง | B55: 1.723 | C55: 1.723 | D55: 2.154 | E55: 🔒 ล็อก — แก้เมื่อจะเปลี่ยนนโยบายเท่านั้น
A56: ตัวปรับอัตโนมัติ | B56: =IFERROR((((D23)+(D31)+(D32))/(100/(100+B51)-B54/100))/(((D23)*$B$55+(D31)*$C$55+(D32)*$D$55)*(1+B51/100)),1) -> 0.92315471 | C56: คำนวณให้เอง — ห้ามแก้
A58: 🔍 กำไรจริง
A59: ค่าดำเนินการ (บาท) | B59: =IFERROR(ROUND(D34-D34/(1+B51/100),0),0) -> 9715 | C59: ราคาขาย × 30 ÷ 130 = ค่าดำเนินการที่ฝังในราคา
A60: ทุนรวมจริง | B60: =D23+D31+D32+B59 -> 29340.173 | C60: ทุนตรง + ค่าดำเนินการ
A61: ★ % กำไรสุทธิ | B61: =IFERROR((D34-B60)/D34,"") -> 0.30308379 | C61: ★ ฐาน = ยอดขาย — หักค่าดำเนินการแล้ว

Sheet คิดทุน บานเปิด
A1: คิดทุนบานเปิด (Fuji, ขาวดำ) — นับเส้นเต็ม | G1: 🏠 สารบัญ
A3: กว้างรวม (ซม.) → | B3: 150
A4: สูง (ซม.) → | B4: 200
A5: จำนวนบาน → | B5: 1
A6: ธรณี (มี/ไม่มี) → | B6: มี | C6: =IF(B6="","⚠ ยังไม่เลือกธรณี — ราคาจะขาด","") | E6: ครอบวงกบ → | F6: ไม่มี
A7: พื้นที่ (ตร.ม.) = | B7: =(B3/100)*(B4/100) -> 3
A8: บวกกำไร % → | B8: =$B$69 -> 59 | C8: ← ผูกกับ "กำไรค่าวัสดุ %" ท้ายชีท (แก้ตัวเลขที่นั่น)
A9: ราคาซิลิโคน/หลอด → | B9: 90
A10: กระจก → | B10: เขียว 6มม. | C10: =INDEX(ราคากระจก!$B$3:$B$206,MATCH(B10,ราคากระจก!$A$3:$A$206,0)) -> 264 | D10: ← ราคากระจก/ตร.ม. (อัตโนมัติ) | E10: สี → | F10: สีอบขาว/ดำ
A11: วัสดุ | B11: จำนวน | C11: ราคา/หน่วย | D11: ทุน(บาท)
A12: วงกบ 3 ด้าน F7859 | B12: =((B3+2*B4)/640)*buf_scrap -> 1.1171875 | C12: =IF(F10="สีอบขาว/ดำ",IFERROR(VLOOKUP("F7859",ราคาสี!$A:$D,4,0),1100),IF(OR(F10="เทาซาฮาร่า",F10="สีดำซาฮาร่า"),VLOOKUP("F7859",ราคาสี!$A:$F,5,0),IF(F10="แอทแทคเกรย์",VLOOKUP("F7859",ราคาสี!$A:$J,7,0),IF(F10="ลายไม้สักทอง",(VLOOKUP("F7859",ราคาสี!$A:$H,8,0)*mult_wood/mult_euro),IF(F10="ลายไม้มะฮอกกานี",(VLOOKUP("F7859",ราคาสี!$A:$J,9,0)*mult_wood/mult_euro),IF(F10="ลายไม้ไวท์โอ๊ค",(VLOOKUP("F7859",ราคาสี!$A:$J,10,0)*mult_wood/mult_euro),IFERROR(VLOOKUP("F7859",ราคาสี!$A:$D,4,0),1100)+IF(F10="สีอบพิเศษ",rate_special,rate_woodbake)*น้ำหนักโปรไฟล์!$C$286)))))) -> 1205 | D12: =B12*C12*mult_euro -> 1346.2109
A13: ธรณี F7938B | B13: =IF(B6="มี",(B3/640)*buf_scrap,0) -> 0.3046875 | C13: =IF(F10="สีอบขาว/ดำ",IFERROR(VLOOKUP("F7938B",ราคาสี!$A:$D,4,0),1400),IF(OR(F10="เทาซาฮาร่า",F10="สีดำซาฮาร่า"),VLOOKUP("F7938B",ราคาสี!$A:$F,5,0),IF(F10="แอทแทคเกรย์",VLOOKUP("F7938B",ราคาสี!$A:$J,7,0),IF(F10="ลายไม้สักทอง",(VLOOKUP("F7938B",ราคาสี!$A:$H,8,0)*mult_wood/mult_euro),IF(F10="ลายไม้มะฮอกกานี",(VLOOKUP("F7938B",ราคาสี!$A:$J,9,0)*mult_wood/mult_euro),IF(F10="ลายไม้ไวท์โอ๊ค",(VLOOKUP("F7938B",ราคาสี!$A:$J,10,0)*mult_wood/mult_euro),IFERROR(VLOOKUP("F7938B",ราคาสี!$A:$D,4,0),1400)+IF(F10="สีอบพิเศษ",rate_special,rate_woodbake)*น้ำหนักโปรไฟล์!$C$287)))))) -> 1520 | D13: =B13*C13*mult_euro -> 463.125
A14: ตบธรณี F7960 | B14: =IF(B6="มี",(B3/640)*buf_scrap,0) -> 0.3046875 | C14: =IF(F10="สีอบขาว/ดำ",IFERROR(VLOOKUP("F7960",ราคาสี!$A:$D,4,0),575),IF(OR(F10="เทาซาฮาร่า",F10="สีดำซาฮาร่า"),VLOOKUP("F7960",ราคาสี!$A:$F,5,0),IF(F10="แอทแทคเกรย์",VLOOKUP("F7960",ราคาสี!$A:$J,7,0),IF(F10="ลายไม้สักทอง",(VLOOKUP("F7960",ราคาสี!$A:$H,8,0)*mult_wood/mult_euro),IF(F10="ลายไม้มะฮอกกานี",(VLOOKUP("F7960",ราคาสี!$A:$J,9,0)*mult_wood/mult_euro),IF(F10="ลายไม้ไวท์โอ๊ค",(VLOOKUP("F7960",ราคาสี!$A:$J,10,0)*mult_wood/mult_euro),IFERROR(VLOOKUP("F7960",ราคาสี!$A:$D,4,0),575)+IF(F10="สีอบพิเศษ",rate_special,rate_woodbake)*น้ำหนักโปรไฟล์!$C$288)))))) -> 610 | D14: =B14*C14*mult_euro -> 185.85938
A15: เสริมใต้บาน F7863 | B15: =IF(B6="ไม่มี",(B3/640)*buf_scrap,0) -> 0 | C15: =IF(F10="สีอบขาว/ดำ",IFERROR(VLOOKUP("F7863",ราคาสี!$A:$D,4,0),435),IF(OR(F10="เทาซาฮาร่า",F10="สีดำซาฮาร่า"),IFERROR(VLOOKUP("F7863",ราคาสี!$A:$D,4,0),435)+rate_grey*น้ำหนักโปรไฟล์!$C$289,IF(F10="แอทแทคเกรย์",IFERROR(VLOOKUP("F7863",ราคาสี!$A:$D,4,0),435)+rate_grey*น้ำหนักโปรไฟล์!$C$289,IF(F10="ลายไม้สักทอง",645,IF(F10="ลายไม้มะฮอกกานี",645,IF(F10="ลายไม้ไวท์โอ๊ค",645,IFERROR(VLOOKUP("F7863",ราคาสี!$A:$D,4,0),435)+IF(F10="สีอบพิเศษ",rate_special,rate_woodbake)*น้ำหนักโปรไฟล์!$C$289)))))) -> 435 | D15: =B15*C15*mult_euro -> 0
A16: กรอบประตู 7864 | B16: =((2*B5*B4+2*B3)/640)*buf_scrap -> 1.421875 | C16: =IF(F10="สีอบขาว/ดำ",IFERROR(VLOOKUP("F7864",ราคาสี!$A:$D,4,0),1995),IF(OR(F10="เทาซาฮาร่า",F10="สีดำซาฮาร่า"),IFERROR(VLOOKUP("F7864",ราคาสี!$A:$D,4,0),1995)+rate_grey*น้ำหนักโปรไฟล์!$C$290,IF(F10="แอทแทคเกรย์",IFERROR(VLOOKUP("F7864",ราคาสี!$A:$D,4,0),1995)+rate_grey*น้ำหนักโปรไฟล์!$C$290,IF(F10="ลายไม้สักทอง",3170,IF(F10="ลายไม้มะฮอกกานี",3170,IF(F10="ลายไม้ไวท์โอ๊ค",3170,IFERROR(VLOOKUP("F7864",ราคาสี!$A:$D,4,0),1995)+IF(F10="สีอบพิเศษ",rate_special,rate_woodbake)*น้ำหนักโปรไฟล์!$C$290)))))) -> 2165 | D16: =B16*C16*mult_euro -> 3078.3594
A17: คิ้ว F7935 | B17: =((2*B5*B4+2*B3)/640)*buf_scrap -> 1.421875 | C17: =IF(F10="สีอบขาว/ดำ",IFERROR(VLOOKUP("F7935",ราคาสี!$A:$D,4,0),360),IF(OR(F10="เทาซาฮาร่า",F10="สีดำซาฮาร่า"),IFERROR(VLOOKUP("F7935",ราคาสี!$A:$D,4,0),360)+rate_grey*น้ำหนักโปรไฟล์!$C$291,IF(F10="แอทแทคเกรย์",IFERROR(VLOOKUP("F7935",ราคาสี!$A:$D,4,0),360)+rate_grey*น้ำหนักโปรไฟล์!$C$291,IF(F10="ลายไม้สักทอง",570,IF(F10="ลายไม้มะฮอกกานี",570,IF(F10="ลายไม้ไวท์โอ๊ค",570,IFERROR(VLOOKUP("F7935",ราคาสี!$A:$D,4,0),360)+IF(F10="สีอบพิเศษ",rate_special,rate_woodbake)*น้ำหนักโปรไฟล์!$C$291)))))) -> 380 | D17: =B17*C17*mult_euro -> 540.3125
A18: เปิดกลาง F7945c | B18: =IF(B5>1,1,0) -> 0 | C18: =IF(F10="สีอบขาว/ดำ",IFERROR(VLOOKUP("F7945C",ราคาสี!$A:$D,4,0),775),IF(OR(F10="เทาซาฮาร่า",F10="สีดำซาฮาร่า"),IFERROR(VLOOKUP("F7945C",ราคาสี!$A:$D,4,0),775)+rate_grey*น้ำหนักโปรไฟล์!$C$292,IF(F10="แอทแทคเกรย์",IFERROR(VLOOKUP("F7945C",ราคาสี!$A:$D,4,0),775)+rate_grey*น้ำหนักโปรไฟล์!$C$292,IF(F10="ลายไม้สักทอง",1080,IF(F10="ลายไม้มะฮอกกานี",1080,IF(F10="ลายไม้ไวท์โอ๊ค",1080,IFERROR(VLOOKUP("F7945C",ราคาสี!$A:$D,4,0),775)+IF(F10="สีอบพิเศษ",rate_special,rate_woodbake)*น้ำหนักโปรไฟล์!$C$292)))))) -> 820 | D18: =B18*C18*mult_euro -> 0
A19: ครอบวงกบ 1.6"x4" (เมืองทอง) | B19: =IF($F$6="ไม่มี",0,((B3+2*B4)/600)*buf_scrap) -> 0 | C19: =IF(F10="สีอบขาว/ดำ",ROUND(ราคาสี!$D$200*mult_mtong,0),IF(OR(F10="เทาซาฮาร่า",F10="สีดำซาฮาร่า"),ROUND(ราคาสี!$D$200*mult_mtong,0)+rate_grey*น้ำหนักโปรไฟล์!$C$293,IF(F10="แอทแทคเกรย์",ROUND(ราคาสี!$D$200*mult_mtong,0)+rate_grey*น้ำหนักโปรไฟล์!$C$293,IF(F10="ลายไม้สักทอง",ROUND(ราคาสี!$D$200*mult_mtong,0)+อัปเดตราคาอลู!$B$16*น้ำหนักโปรไฟล์!$C$293,IF(F10="ลายไม้มะฮอกกานี",ROUND(ราคาสี!$D$200*mult_mtong,0)+อัปเดตราคาอลู!$B$16*น้ำหนักโปรไฟล์!$C$293,IF(F10="ลายไม้ไวท์โอ๊ค",ROUND(ราคาสี!$D$200*mult_mtong,0)+อัปเดตราคาอลู!$B$16*น้ำหนักโปรไฟล์!$C$293,ROUND(ราคาสี!$D$200*mult_mtong,0)+IF(F10="สีอบพิเศษ",rate_special,rate_woodbake)*น้ำหนักโปรไฟล์!$C$293)))))) -> 1220 | D19: =B19*C19 -> 0
A20: บังใบ 4 หุน (คู่กับครอบวงกบ) | B20: =IF(ISNUMBER(SEARCH("+",$F$6)),((B3+2*B4)/600)*buf_scrap,0) -> 0 | C20: =IF(F10="สีอบขาว/ดำ",ราคาสี!$D$191,ราคาสี!$E$191) -> 170 | D20: =B20*C20 -> 0
A21: บานพับ hyda | B21: =IF(OR(B4>300,B3/B5>120),5,4)*B5 -> 5 | C21: =ชีทอุปกรณ์!$D$196 -> 117 | D21: =B21*C21 -> 585
A22: มือจับ+ล็อค ใบหลัก | B22: =1 -> 1 | C22: =ชีทอุปกรณ์!$D$197 -> 1045 | D22: =B22*C22 -> 1045
A23: ชุดกลอน ใบลอง | B23: =MAX(B5-1,0) -> 0 | C23: =ชีทอุปกรณ์!$D$198 -> 450 | D23: =B23*C23 -> 0
A24: น็อตเฟรม | B24: =IF(B6="มี",8,6) -> 8 | C24: 1 | D24: =B24*C24 -> 8
A25: ยาง (ม.) | B25: =ROUND(2*(B3+B4)/100*B5,0) -> 7 | C25: 11 | D25: =B25*C25 -> 77
A26: กระจก (ตร.ม.) | B26: =B7 -> 3 | C26: =INDEX(ราคากระจก!$B$3:$B$206,MATCH(B10,ราคากระจก!$A$3:$A$206,0)) -> 264 | D26: =B26*C26 -> 792
A27: ซิลิโคน (หลอด) ใน+นอก | B27: =ROUNDUP(2*(B3+B4)/100*2/12.5,0) -> 2 | C27: =B9 -> 90 | D27: =B27*C27 -> 180
A28: ค่าเปิดตู้อบ | B28: =IF(OR(F10="สีอบพิเศษ",F10="สีลายไม้อบพิเศษ"),1,0) -> 0 | C28: =อัปเดตราคาอลู!$B$17 -> 2000 | D28: =B28*C28 -> 0 | E28: สีอบพิเศษ / ลายไม้อบพิเศษ เท่านั้น
A29: ทุนรวม | D29: =SUM(D12:D28)+D48+D49+D50+D51 -> 8300.8672
A30: ทุน/ตร.ม. | D30: =IFERROR(D29/B7,0) -> 2766.9557
A31: ราคาขาย/ตร.ม. (ทุน+กำไร%) | D31: =ROUNDUP(D29*(1+B8/100)/100,0)*100 -> 13200
A32: ราคาขายรวม/ชุด | D32: =D31 -> 13200
A37: — ผูกค่าแรง (ราคาขายรวมค่าแรง) —
A38: ค่าแรงผลิต (จากชีทค่าแรง) | D38: =MAX(0,VLOOKUP("บานเปิด (ยูโร)",ค่าแรง!$A$12:$N$117,2,0)+VLOOKUP("บานเปิด (ยูโร)",ค่าแรง!$A$12:$N$117,3,0)*B7) -> 885.9375
A39: ค่าแรงติดตั้ง (จากชีทค่าแรง) | D39: =MAX(0,VLOOKUP("บานเปิด (ยูโร)",ค่าแรง!$A$12:$N$117,4,0)+VLOOKUP("บานเปิด (ยูโร)",ค่าแรง!$A$12:$N$117,5,0)*B7) -> 1356.25
A41: ราคาขาย ผลิตอย่างเดียว | D41: =ROUNDUP((ROUNDUP((ROUNDUP(D29*(1+B8/100)/100,0)*100+ROUNDUP((D38+D52)*(1+B70/100)/100,0)*100)*(1+$B$72/100)/100,0)*100)*1/100,0)*100 -> 19200
A42: ราคาขาย ผลิต+ติดตั้ง | D42: =D41+ROUNDUP((ROUNDUP((ROUNDUP((D39+D53)*(1+B71/100)/100,0)*100)*(1+$B$72/100)/100,0)*100)*1/100,0)*100 -> 22800
A45: — มุ้ง (ออปชั่น) — บวกเข้าทุน —
A46: เลือกมุ้ง → | B46: ไม่มีมุ้ง | C46: =IF(B46="ไม่มีมุ้ง","—",IF(H47=1,"✓ ใช้ได้","⚠ ใช้กับบานนี้ไม่ได้(ทุน=0)")) -> — | D46: =IF(B46="ไม่มีมุ้ง","",H52&" บาน") | H46: =IFERROR(VLOOKUP(B46,ราคามุ้ง!$A$2:$K$15,3,0),"")
A47: ชนิดผ้า / สี → | B47: ไฟเบอร์ | C47: เทา | H47: =IF(B46="ไม่มีมุ้ง",0,IF(OR(IFERROR(VLOOKUP(B46,ราคามุ้ง!$A$2:$K$15,4,0),"ALL")="ALL",ISNUMBER(SEARCH("เปิด",IFERROR(VLOOKUP(B46,ราคามุ้ง!$A$2:$K$15,4,0),"")))),1,0)) -> 0
A48: › เสา (เส้น 6ม.) | B48: =IF(AND(H47=1,H48=1),ROUND(H52*2*H51/6,2),0) -> 0 | C48: =IF(B46="มุ้งเฟรมเล็ก",ราคามุ้ง!$B$19,IF(B46="มุ้งเฟรมใหญ่",ROUND(C16*mult_euro,0),IF(B46="มุ้งนิรภัย",ราคามุ้ง!$B$21,0))) -> 0 | D48: =ROUND(B48*C48,0) -> 0 | H48: =IF(OR(B46="มุ้งเฟรมเล็ก",B46="มุ้งเฟรมใหญ่",B46="มุ้งนิรภัย"),1,0) -> 0
A49: › ขวาง (เส้น 6ม.) | B49: =IF(AND(H47=1,H48=1),ROUND(H52*2*H50/6,2),0) -> 0 | C49: =IF(B46="มุ้งเฟรมเล็ก",ราคามุ้ง!$B$19,IF(B46="มุ้งเฟรมใหญ่",ROUND(C16*mult_euro,0),IF(B46="มุ้งนิรภัย",ราคามุ้ง!$B$21,0))) -> 0 | D49: =ROUND(B49*C49,0) -> 0 | H49: =IFERROR(VLOOKUP(B47,ราคามุ้ง!$I$2:$J$5,2,0),0) -> 23
A50: › ยางอัด (ม.) | B50: =IF(AND(H47=1,H48=1),ROUND(H52*2*(H50+H51),2),0) -> 0 | C50: =ราคามุ้ง!$D$19 -> 5 | D50: =ROUND(B50*C50,0) -> 0 | H50: =B3/(B5*100) -> 1.5
A51: › ผ้า / มุ้งสำเร็จ | B51: =IF(H47=0,0,ROUND(H52*H50*H51,2)) -> 0 | C51: =IF(B46="มุ้งนิรภัย",650,IF(OR(B46="มุ้งเฟรมเล็ก",B46="มุ้งเฟรมใหญ่"),H49,IF(H46="ซื้อสำเร็จ",IFERROR(VLOOKUP(B46,ราคามุ้ง!$A$2:$K$15,2,0),0),0))) -> 0 | D51: =ROUND(B51*C51,0) -> 0 | H51: =B4/100 -> 2
A52: › ค่าแรงผลิตมุ้ง | D52: =IF(H47=0,0,ROUND(H52*(VLOOKUP(B46,ค่าแรง!$A$12:$N$103,2,0)+VLOOKUP(B46,ค่าแรง!$A$12:$N$103,3,0)*H50*H51),0)) -> 0 | H52: =B5 -> 1
A53: › ค่าแรงติดตั้งมุ้ง | D53: =IF(H47=0,0,ROUND(H52*(VLOOKUP(B46,ค่าแรง!$A$12:$N$103,4,0)+VLOOKUP(B46,ค่าแรง!$A$12:$N$103,5,0)*H50*H51),0)) -> 0
A54: รวมราคามุ้ง (บวกเข้าทุนแล้ว) | D54: =SUM(D48:D53) -> 0
A62: 🔍 แยกก้อนต้นทุน
A63: ทุนอลู (×ราคา/กก.) | B63: =D12+D13+D14+D15+D16+D17+D18+D22+D23+D24+D27+D19+D20 -> 6846.8672
A64: ทุนกระจก | B64: =D26 -> 792
A65: ทุนอุปกรณ์+ซิลิโคน | B65: =D21+D25+D28 -> 662
A66: รวมวัสดุ | B66: =SUM(B63:B65) -> 8300.8672
A68: ⚙ กำไร 3 ก้อน — คำนวณให้เองจากเป้าหมายด้านล่าง (ล็อก)
A69: กำไรค่าวัสดุ % | B69: =ROUND(($B$76*$B$77-1)*100,0) -> 59 | C69: 🔒 คำนวณให้ — ปรับที่ 🎯 เป้าหมายด้านล่าง
A70: กำไรค่าผลิต % | B70: =ROUND(($C$76*$B$77-1)*100,0) -> 59 | C70: 🔒 คำนวณให้ — ปรับที่ 🎯 เป้าหมายด้านล่าง
A71: กำไรค่าติดตั้ง % | B71: =ROUND(($D$76*$B$77-1)*100,0) -> 99 | C71: 🔒 คำนวณให้ — ปรับที่ 🎯 เป้าหมายด้านล่าง
A72: ค่าดำเนินการ % | B72: 30 | C72: 🟡 กรอกได้ — ค่าดำเนินการที่ฝังในราคา
A74: 🎯 ตั้งเป้ากำไร — กรอกช่องเดียวที่นี่
A75: 🎯 กำไรสุทธิที่ต้องการ % | B75: 30 | C75: ← กรอกช่องเดียวพอ · กำไร 3 ก้อนด้านบนคำนวณให้เอง (หักค่าดำเนินการแล้ว)
A76: สัดส่วนกำไร วัสดุ · ผลิต · ติดตั้ง | B76: 1.723 | C76: 1.723 | D76: 2.154 | E76: 🔒 ล็อก — แก้เมื่อจะเปลี่ยนนโยบายเท่านั้น
A77: ตัวปรับอัตโนมัติ | B77: =IFERROR((((D29)+(D38+D52)+(D39+D53))/(100/(100+B72)-B75/100))/(((D29)*$B$76+(D38+D52)*$C$76+(D39+D53)*$D$76)*(1+B72/100)),1) -> 0.92178597 | C77: คำนวณให้เอง — ห้ามแก้
A79: 🔍 กำไรจริง
A80: ค่าดำเนินการ (บาท) | B80: =IFERROR(ROUND(D42-D42/(1+B72/100),0),0) -> 5262 | C80: ราคาขาย × 30 ÷ 130 = ค่าดำเนินการที่ฝังในราคา
A81: ทุนรวมจริง | B81: =D29+D38+D52+D39+D53+B80 -> 15805.055 | C81: ทุนตรง + ค่าดำเนินการ
A82: ★ % กำไรสุทธิ | B82: =IFERROR((D42-B81)/D42,"") -> 0.30679585 | C82: ★ ฐาน = ยอดขาย — หักค่าดำเนินการแล้ว

Sheet คิดทุน บานหมุน
A1: คิดทุนบานหมุน (Fuji) — เหมือนบานเปิด แต่จุดหมุนแทนบานพับ | G1: 🏠 สารบัญ
A3: กว้างรวม (ซม.) → | B3: 150
A4: สูง (ซม.) → | B4: 200
A5: จำนวนบาน → | B5: 1
A6: ธรณี (มี/ไม่มี) → | B6: มี | C6: =IF(B6="","⚠ ยังไม่เลือกธรณี — ราคาจะขาด","")
A7: พื้นที่ (ตร.ม.) = | B7: =(B3/100)*(B4/100) -> 3
A8: บวกกำไร % → | B8: =$B$67 -> 76 | C8: ← ผูกกับ "กำไรค่าวัสดุ %" ท้ายชีท (แก้ตัวเลขที่นั่น)
A9: ราคาซิลิโคน/หลอด → | B9: 90
A10: กระจก → | B10: เขียว 6มม. | C10: =INDEX(ราคากระจก!$B$3:$B$206,MATCH(B10,ราคากระจก!$A$3:$A$206,0)) -> 264 | D10: ← ราคากระจก/ตร.ม. (อัตโนมัติ) | E10: สี → | F10: สีอบขาว/ดำ
A11: วัสดุ | B11: จำนวน | C11: ราคา/หน่วย | D11: ทุน(บาท)
A12: วงกบ 3 ด้าน F7859 | B12: =ROUNDUP((B3+2*B4)/640,0) -> 1 | C12: =IF(F10="สีอบขาว/ดำ",IFERROR(VLOOKUP("F7859",ราคาสี!$A:$D,4,0),1100),IF(OR(F10="เทาซาฮาร่า",F10="สีดำซาฮาร่า"),VLOOKUP("F7859",ราคาสี!$A:$F,5,0),IF(F10="แอทแทคเกรย์",VLOOKUP("F7859",ราคาสี!$A:$J,7,0),IF(F10="ลายไม้สักทอง",(VLOOKUP("F7859",ราคาสี!$A:$H,8,0)*mult_wood/mult_euro),IF(F10="ลายไม้มะฮอกกานี",(VLOOKUP("F7859",ราคาสี!$A:$J,9,0)*mult_wood/mult_euro),IF(F10="ลายไม้ไวท์โอ๊ค",(VLOOKUP("F7859",ราคาสี!$A:$J,10,0)*mult_wood/mult_euro),IFERROR(VLOOKUP("F7859",ราคาสี!$A:$D,4,0),1100)+IF(F10="สีอบพิเศษ",rate_special,rate_woodbake)*น้ำหนักโปรไฟล์!$C$286)))))) -> 1205 | D12: =B12*C12*mult_euro -> 1205
A13: ธรณี F7938B | B13: =IF(B6="มี",ROUNDUP(B3/640,0),0) -> 1 | C13: =IF(F10="สีอบขาว/ดำ",IFERROR(VLOOKUP("F7938B",ราคาสี!$A:$D,4,0),1400),IF(OR(F10="เทาซาฮาร่า",F10="สีดำซาฮาร่า"),VLOOKUP("F7938B",ราคาสี!$A:$F,5,0),IF(F10="แอทแทคเกรย์",VLOOKUP("F7938B",ราคาสี!$A:$J,7,0),IF(F10="ลายไม้สักทอง",(VLOOKUP("F7938B",ราคาสี!$A:$H,8,0)*mult_wood/mult_euro),IF(F10="ลายไม้มะฮอกกานี",(VLOOKUP("F7938B",ราคาสี!$A:$J,9,0)*mult_wood/mult_euro),IF(F10="ลายไม้ไวท์โอ๊ค",(VLOOKUP("F7938B",ราคาสี!$A:$J,10,0)*mult_wood/mult_euro),IFERROR(VLOOKUP("F7938B",ราคาสี!$A:$D,4,0),1400)+IF(F10="สีอบพิเศษ",rate_special,rate_woodbake)*น้ำหนักโปรไฟล์!$C$287)))))) -> 1520 | D13: =B13*C13*mult_euro -> 1520
A14: ตบธรณี F7960 | B14: =IF(B6="มี",ROUNDUP(B3/640,0),0) -> 1 | C14: =IF(F10="สีอบขาว/ดำ",IFERROR(VLOOKUP("F7960",ราคาสี!$A:$D,4,0),575),IF(OR(F10="เทาซาฮาร่า",F10="สีดำซาฮาร่า"),VLOOKUP("F7960",ราคาสี!$A:$F,5,0),IF(F10="แอทแทคเกรย์",VLOOKUP("F7960",ราคาสี!$A:$J,7,0),IF(F10="ลายไม้สักทอง",(VLOOKUP("F7960",ราคาสี!$A:$H,8,0)*mult_wood/mult_euro),IF(F10="ลายไม้มะฮอกกานี",(VLOOKUP("F7960",ราคาสี!$A:$J,9,0)*mult_wood/mult_euro),IF(F10="ลายไม้ไวท์โอ๊ค",(VLOOKUP("F7960",ราคาสี!$A:$J,10,0)*mult_wood/mult_euro),IFERROR(VLOOKUP("F7960",ราคาสี!$A:$D,4,0),575)+IF(F10="สีอบพิเศษ",rate_special,rate_woodbake)*น้ำหนักโปรไฟล์!$C$288)))))) -> 610 | D14: =B14*C14*mult_euro -> 610
A15: เสริมใต้บาน F7863 | B15: =IF(B6="ไม่มี",ROUNDUP(B3/640,0),0) -> 0 | C15: =IF(F10="สีอบขาว/ดำ",IFERROR(VLOOKUP("F7863",ราคาสี!$A:$D,4,0),435),IF(OR(F10="เทาซาฮาร่า",F10="สีดำซาฮาร่า"),IFERROR(VLOOKUP("F7863",ราคาสี!$A:$D,4,0),435)+rate_grey*น้ำหนักโปรไฟล์!$C$289,IF(F10="แอทแทคเกรย์",IFERROR(VLOOKUP("F7863",ราคาสี!$A:$D,4,0),435)+rate_grey*น้ำหนักโปรไฟล์!$C$289,IF(F10="ลายไม้สักทอง",645,IF(F10="ลายไม้มะฮอกกานี",645,IF(F10="ลายไม้ไวท์โอ๊ค",645,IFERROR(VLOOKUP("F7863",ราคาสี!$A:$D,4,0),435)+IF(F10="สีอบพิเศษ",rate_special,rate_woodbake)*น้ำหนักโปรไฟล์!$C$289)))))) -> 435 | D15: =B15*C15*mult_euro -> 0
A16: กรอบประตู 7864 | B16: =ROUNDUP((2*B5*B4+2*B3)/640,0) -> 2 | C16: =IF(F10="สีอบขาว/ดำ",IFERROR(VLOOKUP("F7864",ราคาสี!$A:$D,4,0),1995),IF(OR(F10="เทาซาฮาร่า",F10="สีดำซาฮาร่า"),IFERROR(VLOOKUP("F7864",ราคาสี!$A:$D,4,0),1995)+rate_grey*น้ำหนักโปรไฟล์!$C$290,IF(F10="แอทแทคเกรย์",IFERROR(VLOOKUP("F7864",ราคาสี!$A:$D,4,0),1995)+rate_grey*น้ำหนักโปรไฟล์!$C$290,IF(F10="ลายไม้สักทอง",3170,IF(F10="ลายไม้มะฮอกกานี",3170,IF(F10="ลายไม้ไวท์โอ๊ค",3170,IFERROR(VLOOKUP("F7864",ราคาสี!$A:$D,4,0),1995)+IF(F10="สีอบพิเศษ",rate_special,rate_woodbake)*น้ำหนักโปรไฟล์!$C$290)))))) -> 2165 | D16: =B16*C16*mult_euro -> 4330
A17: คิ้ว F7935 | B17: =ROUNDUP((2*B5*B4+2*B3)/640,0) -> 2 | C17: =IF(F10="สีอบขาว/ดำ",IFERROR(VLOOKUP("F7935",ราคาสี!$A:$D,4,0),360),IF(OR(F10="เทาซาฮาร่า",F10="สีดำซาฮาร่า"),IFERROR(VLOOKUP("F7935",ราคาสี!$A:$D,4,0),360)+rate_grey*น้ำหนักโปรไฟล์!$C$291,IF(F10="แอทแทคเกรย์",IFERROR(VLOOKUP("F7935",ราคาสี!$A:$D,4,0),360)+rate_grey*น้ำหนักโปรไฟล์!$C$291,IF(F10="ลายไม้สักทอง",570,IF(F10="ลายไม้มะฮอกกานี",570,IF(F10="ลายไม้ไวท์โอ๊ค",570,IFERROR(VLOOKUP("F7935",ราคาสี!$A:$D,4,0),360)+IF(F10="สีอบพิเศษ",rate_special,rate_woodbake)*น้ำหนักโปรไฟล์!$C$291)))))) -> 380 | D17: =B17*C17*mult_euro -> 760
A18: เปิดกลาง F7945c | B18: =IF(B5>1,1,0) -> 0 | C18: =IF(F10="สีอบขาว/ดำ",IFERROR(VLOOKUP("F7945C",ราคาสี!$A:$D,4,0),775),IF(OR(F10="เทาซาฮาร่า",F10="สีดำซาฮาร่า"),IFERROR(VLOOKUP("F7945C",ราคาสี!$A:$D,4,0),775)+rate_grey*น้ำหนักโปรไฟล์!$C$292,IF(F10="แอทแทคเกรย์",IFERROR(VLOOKUP("F7945C",ราคาสี!$A:$D,4,0),775)+rate_grey*น้ำหนักโปรไฟล์!$C$292,IF(F10="ลายไม้สักทอง",1080,IF(F10="ลายไม้มะฮอกกานี",1080,IF(F10="ลายไม้ไวท์โอ๊ค",1080,IFERROR(VLOOKUP("F7945C",ราคาสี!$A:$D,4,0),775)+IF(F10="สีอบพิเศษ",rate_special,rate_woodbake)*น้ำหนักโปรไฟล์!$C$292)))))) -> 820 | D18: =B18*C18*mult_euro -> 0
A19: จุดหมุน (2 ตัว/บาน) | B19: =2*B5 -> 2 | C19: =ชีทอุปกรณ์!$D$199 -> 450 | D19: =B19*C19 -> 900
A20: มือจับ+ล็อค ใบหลัก | B20: =1 -> 1 | C20: =ชีทอุปกรณ์!$D$197 -> 1045 | D20: =B20*C20 -> 1045
A21: ชุดกลอน ใบลอง | B21: =MAX(B5-1,0) -> 0 | C21: =ชีทอุปกรณ์!$D$198 -> 450 | D21: =B21*C21 -> 0
A22: น็อตเฟรม | B22: =IF(B6="มี",8,6) -> 8 | C22: 1 | D22: =B22*C22 -> 8
A23: ยาง (ม.) | B23: =ROUND(2*(B3+B4)/100*B5,0) -> 7 | C23: 11 | D23: =B23*C23 -> 77
A24: กระจก (ตร.ม.) | B24: =B7 -> 3 | C24: =INDEX(ราคากระจก!$B$3:$B$206,MATCH(B10,ราคากระจก!$A$3:$A$206,0)) -> 264 | D24: =B24*C24 -> 792
A25: ซิลิโคน (หลอด) ใน+นอก | B25: =ROUNDUP(2*(B3+B4)/100*2/12.5,0) -> 2 | C25: =B9 -> 90 | D25: =B25*C25 -> 180
A26: ค่าเปิดตู้อบ | B26: =IF(OR(F10="สีอบพิเศษ",F10="สีลายไม้อบพิเศษ"),1,0) -> 0 | C26: =อัปเดตราคาอลู!$B$17 -> 2000 | D26: =B26*C26 -> 0 | E26: สีอบพิเศษ / ลายไม้อบพิเศษ เท่านั้น
A27: ทุนรวม | D27: =SUM(D12:D26)+D46+D47+D48+D49 -> 11427
A28: ทุน/ตร.ม. | D28: =IFERROR(D27/B7,0) -> 3809
A29: ราคาขาย/ตร.ม. (ทุน+กำไร%) | D29: =ROUNDUP(D27*(1+B8/100)/100,0)*100 -> 20200
A30: ราคาขายรวม/ชุด | D30: =D29 -> 20200
A35: — ผูกค่าแรง (ราคาขายรวมค่าแรง) —
A36: ค่าแรงผลิต (จากชีทค่าแรง) | D36: =MAX(0,VLOOKUP("บานหมุน",ค่าแรง!$A$12:$N$117,2,0)+VLOOKUP("บานหมุน",ค่าแรง!$A$12:$N$117,3,0)*B7) -> 1156.3125
A37: ค่าแรงติดตั้ง (จากชีทค่าแรง) | D37: =MAX(0,VLOOKUP("บานหมุน",ค่าแรง!$A$12:$N$117,4,0)+VLOOKUP("บานหมุน",ค่าแรง!$A$12:$N$117,5,0)*B7) -> 2698.0625
A39: ราคาขาย ผลิตอย่างเดียว | D39: =ROUNDUP((ROUNDUP((ROUNDUP(D27*(1+B8/100)/100,0)*100+ROUNDUP((D36+D50)*(1+B68/100)/100,0)*100)*(1+$B$70/100)/100,0)*100)*1/100,0)*100 -> 29000
A40: ราคาขาย ผลิต+ติดตั้ง | D40: =D39+ROUNDUP((ROUNDUP((ROUNDUP((D37+D51)*(1+B69/100)/100,0)*100)*(1+$B$70/100)/100,0)*100)*1/100,0)*100 -> 36800
A43: — มุ้ง (ออปชั่น) — บวกเข้าทุน —
A44: เลือกมุ้ง → | B44: ไม่มีมุ้ง | C44: =IF(B44="ไม่มีมุ้ง","—",IF(H45=1,"✓ ใช้ได้","⚠ ใช้กับบานนี้ไม่ได้(ทุน=0)")) -> — | D44: =IF(B44="ไม่มีมุ้ง","",H50&" บาน") | H44: =IFERROR(VLOOKUP(B44,ราคามุ้ง!$A$2:$K$15,3,0),"")
A45: ชนิดผ้า / สี → | B45: ไฟเบอร์ | C45: เทา | H45: =IF(B44="ไม่มีมุ้ง",0,IF(OR(IFERROR(VLOOKUP(B44,ราคามุ้ง!$A$2:$K$15,4,0),"ALL")="ALL",ISNUMBER(SEARCH("เปิด",IFERROR(VLOOKUP(B44,ราคามุ้ง!$A$2:$K$15,4,0),"")))),1,0)) -> 0
A46: › เสา (เส้น 6ม.) | B46: =IF(AND(H45=1,H46=1),ROUND(H50*2*H49/6,2),0) -> 0 | C46: =IF(B44="มุ้งเฟรมเล็ก",ราคามุ้ง!$B$19,IF(B44="มุ้งเฟรมใหญ่",ROUND(C16*mult_euro,0),IF(B44="มุ้งนิรภัย",ราคามุ้ง!$B$21,0))) -> 0 | D46: =ROUND(B46*C46,0) -> 0 | H46: =IF(OR(B44="มุ้งเฟรมเล็ก",B44="มุ้งเฟรมใหญ่",B44="มุ้งนิรภัย"),1,0) -> 0
A47: › ขวาง (เส้น 6ม.) | B47: =IF(AND(H45=1,H46=1),ROUND(H50*2*H48/6,2),0) -> 0 | C47: =IF(B44="มุ้งเฟรมเล็ก",ราคามุ้ง!$B$19,IF(B44="มุ้งเฟรมใหญ่",ROUND(C16*mult_euro,0),IF(B44="มุ้งนิรภัย",ราคามุ้ง!$B$21,0))) -> 0 | D47: =ROUND(B47*C47,0) -> 0 | H47: =IFERROR(VLOOKUP(B45,ราคามุ้ง!$I$2:$J$5,2,0),0) -> 23
A48: › ยางอัด (ม.) | B48: =IF(AND(H45=1,H46=1),ROUND(H50*2*(H48+H49),2),0) -> 0 | C48: =ราคามุ้ง!$D$19 -> 5 | D48: =ROUND(B48*C48,0) -> 0 | H48: =B3/(B5*100) -> 1.5
A49: › ผ้า / มุ้งสำเร็จ | B49: =IF(H45=0,0,ROUND(H50*H48*H49,2)) -> 0 | C49: =IF(B44="มุ้งนิรภัย",650,IF(OR(B44="มุ้งเฟรมเล็ก",B44="มุ้งเฟรมใหญ่"),H47,IF(H44="ซื้อสำเร็จ",IFERROR(VLOOKUP(B44,ราคามุ้ง!$A$2:$K$15,2,0),0),0))) -> 0 | D49: =ROUND(B49*C49,0) -> 0 | H49: =B4/100 -> 2
A50: › ค่าแรงผลิตมุ้ง | D50: =IF(H45=0,0,ROUND(H50*(VLOOKUP(B44,ค่าแรง!$A$12:$N$103,2,0)+VLOOKUP(B44,ค่าแรง!$A$12:$N$103,3,0)*H48*H49),0)) -> 0 | H50: =B5 -> 1
A51: › ค่าแรงติดตั้งมุ้ง | D51: =IF(H45=0,0,ROUND(H50*(VLOOKUP(B44,ค่าแรง!$A$12:$N$103,4,0)+VLOOKUP(B44,ค่าแรง!$A$12:$N$103,5,0)*H48*H49),0)) -> 0
A52: รวมราคามุ้ง (บวกเข้าทุนแล้ว) | D52: =SUM(D46:D51) -> 0
A60: 🔍 แยกก้อนต้นทุน
A61: ทุนอลู (×ราคา/กก.) | B61: =D12+D13+D14+D15+D16+D17+D18+D20+D21+D22+D25 -> 9658
A62: ทุนกระจก | B62: =D24 -> 792
A63: ทุนอุปกรณ์+ซิลิโคน | B63: =D19+D23+D26 -> 977
A64: รวมวัสดุ | B64: =SUM(B61:B63) -> 11427
A66: ⚙ กำไร 3 ก้อน — คำนวณให้เองจากเป้าหมายด้านล่าง (ล็อก)
A67: กำไรค่าวัสดุ % | B67: =ROUND(($B$74*$B$75-1)*100,0) -> 76 | C67: 🔒 คำนวณให้ — ปรับที่ 🎯 เป้าหมายด้านล่าง
A68: กำไรค่าผลิต % | B68: =ROUND(($C$74*$B$75-1)*100,0) -> 76 | C68: 🔒 คำนวณให้ — ปรับที่ 🎯 เป้าหมายด้านล่าง
A69: กำไรค่าติดตั้ง % | B69: =ROUND(($D$74*$B$75-1)*100,0) -> 120 | C69: 🔒 คำนวณให้ — ปรับที่ 🎯 เป้าหมายด้านล่าง
A70: ค่าดำเนินการ % | B70: 30 | C70: 🟡 กรอกได้ — ค่าดำเนินการที่ฝังในราคา
A72: 🎯 ตั้งเป้ากำไร — กรอกช่องเดียวที่นี่
A73: 🎯 กำไรสุทธิที่ต้องการ % | B73: 35 | C73: ← กรอกช่องเดียวพอ · กำไร 3 ก้อนด้านบนคำนวณให้เอง (หักค่าดำเนินการแล้ว)
A74: สัดส่วนกำไร วัสดุ · ผลิต · ติดตั้ง | B74: 1.723 | C74: 1.723 | D74: 2.154 | E74: 🔒 ล็อก — แก้เมื่อจะเปลี่ยนนโยบายเท่านั้น
A75: ตัวปรับอัตโนมัติ | B75: =IFERROR((((D27)+(D36+D50)+(D37+D51))/(100/(100+B70)-B73/100))/(((D27)*$B$74+(D36+D50)*$C$74+(D37+D51)*$D$74)*(1+B70/100)),1) -> 1.0198797 | C75: คำนวณให้เอง — ห้ามแก้
A77: 🔍 กำไรจริง
A78: ค่าดำเนินการ (บาท) | B78: =IFERROR(ROUND(D40-D40/(1+B70/100),0),0) -> 8492 | C78: ราคาขาย × 30 ÷ 130 = ค่าดำเนินการที่ฝังในราคา
A79: ทุนรวมจริง | B79: =D27+D36+D50+D37+D51+B78 -> 23773.375 | C79: ทุนตรง + ค่าดำเนินการ
A80: ★ % กำไรสุทธิ | B80: =IFERROR((D40-B79)/D40,"") -> 0.35398438 | C80: ★ ฐาน = ยอดขาย — หักค่าดำเนินการแล้ว

Sheet คิดทุน กระทุ้ง
A1: คิดทุนบานกระทุ้ง (Fuji, ขาวดำ) — นับเส้นเต็ม | G1: 🏠 สารบัญ
A3: กว้างรวม (ซม.) → | B3: 40
A4: สูง (ซม.) → | B4: 40
A5: จำนวนบาน → | B5: 1
A7: พื้นที่ (ตร.ม.) = | B7: =(B3/100)*(B4/100) -> 0.16
A8: บวกกำไร % → | B8: =$B$80 -> 67 | C8: ← ผูกกับ "กำไรค่าวัสดุ %" ท้ายชีท (แก้ตัวเลขที่นั่น)
A9: ราคาซิลิโคน/หลอด → | B9: 90
A10: กระจก → | B10: เขียว 6มม. | C10: =INDEX(ราคากระจก!$B$3:$B$206,MATCH(B10,ราคากระจก!$A$3:$A$206,0)) -> 264 | D10: ← ราคากระจก/ตร.ม. (อัตโนมัติ) | E10: สี → | F10: สีอบขาว/ดำ
A11: วัสดุ | B11: จำนวน | C11: ราคา/หน่วย | D11: ทุน(บาท)
A12: วงกบ 3 ด้าน F7859 | B12: =((B3+2*B4)/640)*buf_scrap -> 0.24375 | C12: =IF(F10="สีอบขาว/ดำ",IFERROR(VLOOKUP("F7859",ราคาสี!$A:$D,4,0),1100),IF(OR(F10="เทาซาฮาร่า",F10="สีดำซาฮาร่า"),VLOOKUP("F7859",ราคาสี!$A:$F,5,0),IF(F10="แอทแทคเกรย์",VLOOKUP("F7859",ราคาสี!$A:$J,7,0),IF(F10="ลายไม้สักทอง",(VLOOKUP("F7859",ราคาสี!$A:$H,8,0)*mult_wood/mult_euro),IF(F10="ลายไม้มะฮอกกานี",(VLOOKUP("F7859",ราคาสี!$A:$J,9,0)*mult_wood/mult_euro),IF(F10="ลายไม้ไวท์โอ๊ค",(VLOOKUP("F7859",ราคาสี!$A:$J,10,0)*mult_wood/mult_euro),IFERROR(VLOOKUP("F7859",ราคาสี!$A:$D,4,0),1100)+IF(F10="สีอบพิเศษ",rate_special,rate_woodbake)*น้ำหนักโปรไฟล์!$C$286)))))) -> 1205 | D12: =B12*C12*mult_euro -> 293.71875
A13: ธรณี F7939B | B13: =(B3/640)*buf_scrap -> 0.08125 | C13: =IF(F10="สีอบขาว/ดำ",IFERROR(VLOOKUP("F7939B",ราคาสี!$A:$D,4,0),1400),IF(OR(F10="เทาซาฮาร่า",F10="สีดำซาฮาร่า"),VLOOKUP("F7939B",ราคาสี!$A:$F,5,0),IF(F10="แอทแทคเกรย์",VLOOKUP("F7939B",ราคาสี!$A:$J,7,0),IF(F10="ลายไม้สักทอง",(VLOOKUP("F7939B",ราคาสี!$A:$H,8,0)*mult_wood/mult_euro),IF(F10="ลายไม้มะฮอกกานี",(VLOOKUP("F7939B",ราคาสี!$A:$J,9,0)*mult_wood/mult_euro),IF(F10="ลายไม้ไวท์โอ๊ค",(VLOOKUP("F7939B",ราคาสี!$A:$J,10,0)*mult_wood/mult_euro),IFERROR(VLOOKUP("F7939B",ราคาสี!$A:$D,4,0),1400)+IF(F10="สีอบพิเศษ",rate_special,rate_woodbake)*น้ำหนักโปรไฟล์!$C$294)))))) -> 1475 | D13: =B13*C13*mult_euro -> 119.84375
A14: กรอบ 7943B | B14: =((2*B5*B4+2*B3)/640)*buf_scrap -> 0.325 | C14: =IF(F10="สีอบขาว/ดำ",IFERROR(VLOOKUP("F7943B",ราคาสี!$A:$D,4,0),1480),IF(OR(F10="เทาซาฮาร่า",F10="สีดำซาฮาร่า"),VLOOKUP("F7943B",ราคาสี!$A:$F,5,0),IF(F10="แอทแทคเกรย์",VLOOKUP("F7943B",ราคาสี!$A:$J,7,0),IF(F10="ลายไม้สักทอง",(VLOOKUP("F7943B",ราคาสี!$A:$H,8,0)*mult_wood/mult_euro),IF(F10="ลายไม้มะฮอกกานี",(VLOOKUP("F7943B",ราคาสี!$A:$J,9,0)*mult_wood/mult_euro),IF(F10="ลายไม้ไวท์โอ๊ค",(VLOOKUP("F7943B",ราคาสี!$A:$J,10,0)*mult_wood/mult_euro),IFERROR(VLOOKUP("F7943B",ราคาสี!$A:$D,4,0),1480)+IF(F10="สีอบพิเศษ",rate_special,rate_woodbake)*น้ำหนักโปรไฟล์!$C$295)))))) -> 1510 | D14: =B14*C14*mult_euro -> 490.75
A15: คิ้ว F7935 | B15: =((2*B5*B4+2*B3)/640)*buf_scrap -> 0.325 | C15: =IF(F10="สีอบขาว/ดำ",IFERROR(VLOOKUP("F7935",ราคาสี!$A:$D,4,0),360),IF(OR(F10="เทาซาฮาร่า",F10="สีดำซาฮาร่า"),IFERROR(VLOOKUP("F7935",ราคาสี!$A:$D,4,0),360)+rate_grey*น้ำหนักโปรไฟล์!$C$291,IF(F10="แอทแทคเกรย์",IFERROR(VLOOKUP("F7935",ราคาสี!$A:$D,4,0),360)+rate_grey*น้ำหนักโปรไฟล์!$C$291,IF(F10="ลายไม้สักทอง",570,IF(F10="ลายไม้มะฮอกกานี",570,IF(F10="ลายไม้ไวท์โอ๊ค",570,IFERROR(VLOOKUP("F7935",ราคาสี!$A:$D,4,0),360)+IF(F10="สีอบพิเศษ",rate_special,rate_woodbake)*น้ำหนักโปรไฟล์!$C$291)))))) -> 380 | D15: =B15*C15*mult_euro -> 123.5
A16: เปิดกลาง F7945c | B16: =IF(B5>1,1,0) -> 0 | C16: =IF(F10="สีอบขาว/ดำ",IFERROR(VLOOKUP("F7945C",ราคาสี!$A:$D,4,0),775),IF(OR(F10="เทาซาฮาร่า",F10="สีดำซาฮาร่า"),IFERROR(VLOOKUP("F7945C",ราคาสี!$A:$D,4,0),775)+rate_grey*น้ำหนักโปรไฟล์!$C$292,IF(F10="แอทแทคเกรย์",IFERROR(VLOOKUP("F7945C",ราคาสี!$A:$D,4,0),775)+rate_grey*น้ำหนักโปรไฟล์!$C$292,IF(F10="ลายไม้สักทอง",1080,IF(F10="ลายไม้มะฮอกกานี",1080,IF(F10="ลายไม้ไวท์โอ๊ค",1080,IFERROR(VLOOKUP("F7945C",ราคาสี!$A:$D,4,0),775)+IF(F10="สีอบพิเศษ",rate_special,rate_woodbake)*น้ำหนักโปรไฟล์!$C$292)))))) -> 820 | D16: =B16*C16*mult_euro -> 0
A17: มือจับ | B17: =1 -> 1 | C17: =ชีทอุปกรณ์!$D$200 -> 140 | D17: =B17*C17 -> 140
A18: วิทโก้ (2/บาน) | B18: =2*B5 -> 2 | C18: =ชีทอุปกรณ์!$D$201 -> 200 | D18: =B18*C18 -> 400
A19: CDQ | B19: =B5 -> 1 | C19: =ชีทอุปกรณ์!$D$202 -> 150 | D19: =B19*C19 -> 150
A20: รับล็อคลูกเบี้ยว | B20: =2 -> 2 | C20: 15 | D20: =B20*C20 -> 30
A21: ลูกเบี้ยว | B21: =2 -> 2 | C21: 17 | D21: =B21*C21 -> 34
A22: แกนล็อค | B22: =2*B5 -> 2 | C22: 63 | D22: =B22*C22 -> 126
A23: แป้นรับล็อค | B23: =2*B5 -> 2 | C23: 45 | D23: =B23*C23 -> 90
A24: สปริก็อต | B24: =4*B5 -> 4 | C24: 12 | D24: =B24*C24 -> 48
A25: คลิปเข้ามุม | B25: =12*B5 -> 12 | C25: 5 | D25: =B25*C25 -> 60
A26: น็อตประกอบบาน | B26: =8 -> 8 | C26: 1 | D26: =B26*C26 -> 8
A27: ยางอัดกระจก (ม.) | B27: =ROUND(2*(B3+B4)/100,1) -> 1.6 | C27: 11 | D27: =B27*C27 -> 17.6
A28: ยาง foam (ม.) | B28: =ROUND(4*(B3+B4)/100,1) -> 3.2 | C28: 5 | D28: =B28*C28 -> 16
A29: วาวล์ระบายน้ำ | B29: =2 -> 2 | C29: 14 | D29: =B29*C29 -> 28
A30: กระจก (ตร.ม.) | B30: =B7 -> 0.16 | C30: =INDEX(ราคากระจก!$B$3:$B$206,MATCH(B10,ราคากระจก!$A$3:$A$206,0)) -> 264 | D30: =B30*C30 -> 42.24
A31: ซิลิโคน (หลอด) ใน+นอก | B31: =ROUNDUP(2*(B3+B4)/100*2/12.5,0) -> 1 | C31: =B9 -> 90 | D31: =B31*C31 -> 90
A32: ค่าเปิดตู้อบ | B32: =IF(OR(F10="สีอบพิเศษ",F10="สีลายไม้อบพิเศษ"),1,0) -> 0 | C32: =อัปเดตราคาอลู!$B$17 -> 2000 | D32: =B32*C32 -> 0 | E32: สีอบพิเศษ / ลายไม้อบพิเศษ เท่านั้น
A33: ทุนรวม | D33: =SUM(D12:D32)+D54+D59+D60+D61+D62 -> 2307.6525
A34: ทุน/ตร.ม. | D34: =IFERROR(D33/B7,0) -> 14422.828
A35: ราคาขาย/ตร.ม. (ทุน+กำไร%) | D35: =ROUNDUP(D33*(1+B8/100)/100,0)*100 -> 3900
A36: ราคาขายรวม/ชุด | D36: =D35 -> 3900
A41: — ผูกค่าแรง (ราคาขายรวมค่าแรง) —
A42: ค่าแรงผลิต (จากชีทค่าแรง) | D42: =MAX(0,VLOOKUP("บานกระทุ้ง (ยูโร)",ค่าแรง!$A$12:$N$117,2,0)+VLOOKUP("บานกระทุ้ง (ยูโร)",ค่าแรง!$A$12:$N$117,3,0)*B7) -> 793.17
A43: ค่าแรงติดตั้ง (จากชีทค่าแรง) | D43: =MAX(0,VLOOKUP("บานกระทุ้ง (ยูโร)",ค่าแรง!$A$12:$N$117,4,0)+VLOOKUP("บานกระทุ้ง (ยูโร)",ค่าแรง!$A$12:$N$117,5,0)*B7) -> 751.03
A45: ราคาขาย ผลิตอย่างเดียว | D45: =ROUNDUP((ROUNDUP((ROUNDUP(D33*(1+B8/100)/100,0)*100+ROUNDUP((D42+D63)*(1+B81/100)/100,0)*100)*(1+$B$83/100)/100,0)*100)*1/100,0)*100 -> 6900
A46: ราคาขาย ผลิต+ติดตั้ง | D46: =D45+ROUNDUP((ROUNDUP((ROUNDUP((D43+D64)*(1+B82/100)/100,0)*100)*(1+$B$83/100)/100,0)*100)*1/100,0)*100 -> 9400
A49: — ชุด auto (ออปชั่น) — บวกเข้าทุน × กำไร%
A50: ใส่ auto? → | B50: ไม่มี
A51: ชุด auto → | B51: โซ่เดี่ยว 50
A52: จำนวนมอเตอร์ (=จำนวนบาน) → | B52: =B5 -> 1
A54: ทุนชุด auto | D54: =IF(B50="ไม่มี",0,B52*INDEX(ราคาออโต้!$C:$C,MATCH(B51,ราคาออโต้!$B:$B,0))+INDEX(ราคาออโต้!$D:$D,MATCH(B51,ราคาออโต้!$B:$B,0))+IF(AND(B52>=2,OR(B51="โช็ค เปิด 50",B51="โช็ค เปิด 80")),INDEX(ราคาออโต้!$C:$C,MATCH("อุปกรณ์พิเศษ (โช็ค 2 ตัว)",ราคาออโต้!$B:$B,0)),0)) -> 0
A56: — มุ้ง (ออปชั่น) — บวกเข้าทุน —
A57: เลือกมุ้ง → | B57: ไม่มีมุ้ง | C57: =IF(B57="ไม่มีมุ้ง","—",IF(H58=1,"✓ ใช้ได้","⚠ ใช้กับบานนี้ไม่ได้(ทุน=0)")) -> — | D57: =IF(B57="ไม่มีมุ้ง","",H63&" บาน") | H57: =IFERROR(VLOOKUP(B57,ราคามุ้ง!$A$2:$K$15,3,0),"")
A58: ชนิดผ้า / สี → | B58: ไฟเบอร์ | C58: เทา | H58: =IF(B57="ไม่มีมุ้ง",0,IF(OR(IFERROR(VLOOKUP(B57,ราคามุ้ง!$A$2:$K$15,4,0),"ALL")="ALL",ISNUMBER(SEARCH("กระทุ้ง",IFERROR(VLOOKUP(B57,ราคามุ้ง!$A$2:$K$15,4,0),"")))),1,0)) -> 0
A59: › เสา (เส้น 6ม.) | B59: =IF(AND(H58=1,H59=1),ROUND(H63*2*H62/6,2),0) -> 0 | C59: =IF(B57="มุ้งเฟรมเล็ก",ราคามุ้ง!$B$19,IF(B57="มุ้งเฟรมใหญ่",ROUND(C14*mult_euro,0),IF(B57="มุ้งนิรภัย",ราคามุ้ง!$B$21,0))) -> 0 | D59: =ROUND(B59*C59,0) -> 0 | H59: =IF(OR(B57="มุ้งเฟรมเล็ก",B57="มุ้งเฟรมใหญ่",B57="มุ้งนิรภัย"),1,0) -> 0
A60: › ขวาง (เส้น 6ม.) | B60: =IF(AND(H58=1,H59=1),ROUND(H63*2*H61/6,2),0) -> 0 | C60: =IF(B57="มุ้งเฟรมเล็ก",ราคามุ้ง!$B$19,IF(B57="มุ้งเฟรมใหญ่",ROUND(C14*mult_euro,0),IF(B57="มุ้งนิรภัย",ราคามุ้ง!$B$21,0))) -> 0 | D60: =ROUND(B60*C60,0) -> 0 | H60: =IFERROR(VLOOKUP(B58,ราคามุ้ง!$I$2:$J$5,2,0),0) -> 23
A61: › ยางอัด (ม.) | B61: =IF(AND(H58=1,H59=1),ROUND(H63*2*(H61+H62),2),0) -> 0 | C61: =ราคามุ้ง!$D$19 -> 5 | D61: =ROUND(B61*C61,0) -> 0 | H61: =B3/(B5*100) -> 0.4
A62: › ผ้า / มุ้งสำเร็จ | B62: =IF(H58=0,0,ROUND(H63*H61*H62,2)) -> 0 | C62: =IF(B57="มุ้งนิรภัย",650,IF(OR(B57="มุ้งเฟรมเล็ก",B57="มุ้งเฟรมใหญ่"),H60,IF(H57="ซื้อสำเร็จ",IFERROR(VLOOKUP(B57,ราคามุ้ง!$A$2:$K$15,2,0),0),0))) -> 0 | D62: =ROUND(B62*C62,0) -> 0 | H62: =B4/100 -> 0.4
A63: › ค่าแรงผลิตมุ้ง | D63: =IF(H58=0,0,ROUND(H63*(VLOOKUP(B57,ค่าแรง!$A$12:$N$103,2,0)+VLOOKUP(B57,ค่าแรง!$A$12:$N$103,3,0)*H61*H62),0)) -> 0 | H63: =B5 -> 1
A64: › ค่าแรงติดตั้งมุ้ง | D64: =IF(H58=0,0,ROUND(H63*(VLOOKUP(B57,ค่าแรง!$A$12:$N$103,4,0)+VLOOKUP(B57,ค่าแรง!$A$12:$N$103,5,0)*H61*H62),0)) -> 0
A65: รวมราคามุ้ง (บวกเข้าทุนแล้ว) | D65: =SUM(D59:D64) -> 0
A73: 🔍 แยกก้อนต้นทุน
A74: ทุนอลู (×ราคา/กก.) | B74: =D12+D13+D14+D15+D16+D23+D31 -> 1207.8125
A75: ทุนกระจก | B75: =D27+D30 -> 59.84
A76: ทุนอุปกรณ์+ซิลิโคน | B76: =D17+D18+D19+D20+D21+D22+D24+D25+D26+D28+D29+D32 -> 1040
A77: รวมวัสดุ | B77: =SUM(B74:B76) -> 2307.6525
A79: ⚙ กำไร 3 ก้อน — คำนวณให้เองจากเป้าหมายด้านล่าง (ล็อก)
A80: กำไรค่าวัสดุ % | B80: =ROUND(($B$87*$B$88-1)*100,0) -> 67 | C80: 🔒 คำนวณให้ — ปรับที่ 🎯 เป้าหมายด้านล่าง
A81: กำไรค่าผลิต % | B81: =ROUND(($C$87*$B$88-1)*100,0) -> 67 | C81: 🔒 คำนวณให้ — ปรับที่ 🎯 เป้าหมายด้านล่าง
A82: กำไรค่าติดตั้ง % | B82: =ROUND(($D$87*$B$88-1)*100,0) -> 151 | C82: 🔒 คำนวณให้ — ปรับที่ 🎯 เป้าหมายด้านล่าง
A83: ค่าดำเนินการ % | B83: 30 | C83: 🟡 กรอกได้ — ค่าดำเนินการที่ฝังในราคา
A85: 🎯 ตั้งเป้ากำไร — กรอกช่องเดียวที่นี่
A86: 🎯 กำไรสุทธิที่ต้องการ % | B86: 35 | C86: ← กรอกช่องเดียวพอ · กำไร 3 ก้อนด้านบนคำนวณให้เอง (หักค่าดำเนินการแล้ว)
A87: สัดส่วนกำไร วัสดุ · ผลิต · ติดตั้ง | B87: 1.539 | C87: 1.539 | D87: 2.308 | E87: 🔒 ล็อก — แก้เมื่อจะเปลี่ยนนโยบายเท่านั้น
A88: ตัวปรับอัตโนมัติ | B88: =IFERROR((((D33)+(D42+D63)+(D43+D64))/(100/(100+B83)-B86/100))/(((D33)*$B$87+(D42+D63)*$C$87+(D43+D64)*$D$87)*(1+B83/100)),1) -> 1.0863996 | C88: คำนวณให้เอง — ห้ามแก้
A90: 🔍 กำไรจริง
A91: ค่าดำเนินการ (บาท) | B91: =IFERROR(ROUND(D46-D46/(1+B83/100),0),0) -> 2169 | C91: ราคาขาย × 30 ÷ 130 = ค่าดำเนินการที่ฝังในราคา
A92: ทุนรวมจริง | B92: =D33+D42+D63+D43+D64+B91 -> 6020.8525 | C92: ทุนตรง + ค่าดำเนินการ
A93: ★ % กำไรสุทธิ | B93: =IFERROR((D46-B92)/D46,"") -> 0.35948378 | C93: ★ ฐาน = ยอดขาย — หักค่าดำเนินการแล้ว

Sheet คิดทุน เฟี้ยม
A1: ถอดทุนบานเฟี้ยม (sms, ขาวดำ) — นับเส้นเต็ม | H1: 🏠 สารบัญ | K1: ⚠️ แก้ราคาชุดอุปกรณ์เฟี้ยมที่นี่ → คอลัมน์ I (H = รูปแบบพับ) · ตาราง A33-C61 เป็นตัวแสดงผล ไม่ได้ใช้คำนวณ
A2: กว้างรวม (ซม.) → | B2: 180 | E2: 80 | G2: 2บาน: 2-0 พับข้างเดียว | H2: 2บาน: 2-0 พับข้างเดียว | I2: 5958
A3: สูง (ซม.) → | B3: 280 | E3: =IF(B4>0,ROUND(B2/B4,0),0) -> 90 | G3: 2บาน: 1-1 เปิดกลาง | H3: 2บาน: 1-1 เปิดกลาง | I3: 5958
A4: จำนวนบาน (auto) → | B4: =IFERROR(VALUE(LEFT(B5,FIND("บาน",B5)-1)),2) -> 2 | E4: =IF($B$4<=0,"—",IF(E3<=E2,"OK ใช้ได้","!! กว้าง/บาน "&E3&" ซม. เกิน "&E2&" — ควรใช้ "&ROUNDUP($B$2/E2,0)&" บานขึ้นไป")) -> !! กว้าง/บาน 90 ซม. เกิน 80 — ควรใช้ 3 บานขึ้นไป | G4: 2บาน: 0-2 พับข้างเดียว | H4: 2บาน: 0-2 พับข้างเดียว | I4: 5958
A5: รูปแบบพับ → | B5: 2บาน: 2-0 พับข้างเดียว | G5: 3บาน: 3-0 พับข้างเดียว | H5: 3บาน: 3-0 พับข้างเดียว | I5: 7504
A6: เฟรมล่าง → | B6: เฟรมล่างปกติ | G6: 3บาน: 2-1 พับสลับ | H6: 3บาน: 2-1 พับสลับ | I6: 9112
A7: พื้นที่ (ตร.ม.) = | B7: =(B2/100)*(B3/100) -> 5.04 | G7: 3บาน: 1-2 พับสลับ | H7: 3บาน: 1-2 พับสลับ | I7: 9112
A8: บวกกำไร % → | B8: =$B$138 -> 62 | C8: ← ผูกกับ "กำไรค่าวัสดุ %" ท้ายชีท (แก้ตัวเลขที่นั่น) | G8: 3บาน: 0-3 พับข้างเดียว | H8: 3บาน: 0-3 พับข้างเดียว | I8: 7504
A9: ราคาซิลิโคน/หลอด → | B9: 90 | G9: 4บาน: 4-0 พับข้างเดียว | H9: 4บาน: 4-0 พับข้างเดียว | I9: 10308
A10: กระจก → | B10: เขียว 6มม. | C10: =INDEX(ราคากระจก!$B$3:$B$206,MATCH(B10,ราคากระจก!$A$3:$A$206,0)) -> 264 | D10: ← ราคากระจก/ตร.ม. (อัตโนมัติ) | E10: สี → | F10: สีอบขาว/ดำ | H10: 4บาน: 3-1 พับสลับ | I10: 9658
A11: วัสดุ | B11: จำนวน | C11: ราคา/หน่วย | D11: ทุน(บาท) | G11: 4บาน: 2-2 เปิดกลาง | H11: 4บาน: 2-2 เปิดกลาง | I11: 11916
A12: B24001 เฟรมบน | B12: =IF(FLOOR(6.4/(B2/100),1)>=1,ROUNDUP(1/FLOOR(6.4/(B2/100),1),0),ROUNDUP((B2/100)/6.4,0)) -> 1 | C12: =IF(F10="สีอบขาว/ดำ",IFERROR(VLOOKUP("B24001",ราคาสี!$A:$D,4,0),2105),IF(OR(F10="เทาซาฮาร่า",F10="สีดำซาฮาร่า"),VLOOKUP("B24001",ราคาสี!$A:$F,5,0),IF(F10="ลายไม้ stock",(VLOOKUP("B24001",ราคาสี!$A:$H,8,0)*mult_wood/mult_euro),IFERROR(VLOOKUP("B24001",ราคาสี!$A:$D,4,0),2105)+IF(F10="สีอบพิเศษ",rate_special,rate_woodbake)*น้ำหนักโปรไฟล์!$C$296))) -> 2105 | D12: =B12*C12*mult_euro -> 2105 | G12: 4บาน: 1-3 พับสลับ | H12: 4บาน: 1-3 พับสลับ | I12: 9658 | L12: — มุ้ง (ออปชั่น · ซื้อสำเร็จ) — บวกเข้าทุนแล้ว
A13: B24002 คิ้วเฟรมบน | B13: =IF(FLOOR(6.4/(B2/100),1)>=1,ROUNDUP(1/FLOOR(6.4/(B2/100),1),0),ROUNDUP((B2/100)/6.4,0)) -> 1 | C13: =IF(F10="สีอบขาว/ดำ",IFERROR(VLOOKUP("B24002",ราคาสี!$A:$D,4,0),320),IF(OR(F10="เทาซาฮาร่า",F10="สีดำซาฮาร่า"),VLOOKUP("B24002",ราคาสี!$A:$F,5,0),IF(F10="ลายไม้ stock",(VLOOKUP("B24002",ราคาสี!$A:$H,8,0)*mult_wood/mult_euro),IFERROR(VLOOKUP("B24002",ราคาสี!$A:$D,4,0),320)+IF(F10="สีอบพิเศษ",rate_special,rate_woodbake)*น้ำหนักโปรไฟล์!$C$297))) -> 320 | D13: =B13*C13*mult_euro -> 320 | G13: 4บาน: 0-4 พับข้างเดียว | H13: 4บาน: 0-4 พับข้างเดียว | I13: 10308 | L13: เลือกมุ้ง → | M13: ไม่มีมุ้ง
A14: เฟรมล่าง (เลือกชนิดที่ B6) | B14: =IF(FLOOR(6.4/(B2/100),1)>=1,ROUNDUP(1/FLOOR(6.4/(B2/100),1),0),ROUNDUP((B2/100)/6.4,0)) -> 1 | C14: =IF(B6="ธรณีหลังเต่า",IF(F10="สีอบขาว/ดำ",IFERROR(VLOOKUP("B24018",ราคาสี!$A:$D,4,0),905),IF(OR(F10="เทาซาฮาร่า",F10="สีดำซาฮาร่า"),VLOOKUP("B24018",ราคาสี!$A:$F,5,0),IF(F10="ลายไม้ stock",(VLOOKUP("B24018",ราคาสี!$A:$H,8,0)*mult_wood/mult_euro),IFERROR(VLOOKUP("B24018",ราคาสี!$A:$D,4,0),905)+IF(F10="สีอบพิเศษ",rate_special,rate_woodbake)*น้ำหนักโปรไฟล์!$C$299))),IF(B6="รางยู",IF(F10="สีอบขาว/ดำ",305,IF(OR(F10="เทาซาฮาร่า",F10="สีดำซาฮาร่า"),VLOOKUP("B24017",ราคาสี!$A:$F,5,0),IF(F10="ลายไม้ stock",(VLOOKUP("B24017",ราคาสี!$A:$H,8,0)*mult_wood/mult_euro),305+IF(F10="สีอบพิเศษ",rate_special,rate_woodbake)*น้ำหนักโปรไฟล์!$C$298))),IF(F10="สีอบขาว/ดำ",1445,IF(OR(F10="เทาซาฮาร่า",F10="สีดำซาฮาร่า"),VLOOKUP("B24003",ราคาสี!$A:$F,5,0),IF(F10="ลายไม้ stock",(VLOOKUP("B24003",ราคาสี!$A:$H,8,0)*mult_wood/mult_euro),1445+IF(F10="สีอบพิเศษ",rate_special,rate_woodbake)*น้ำหนักโปรไฟล์!$C$300))))) -> 1445 | D14: =B14*C14*mult_euro -> 1445 | G14: 5บาน: 5-0 พับข้างเดียว | H14: 5บาน: 5-0 พับข้างเดียว | I14: 12034 | L14: รวมราคามุ้ง (บวกเข้าทุน) | M14: =IF(M13="ไม่มีมุ้ง",0,ROUND((VLOOKUP(M13,ราคามุ้ง!$A:$F,2,0)+VLOOKUP(M13,ราคามุ้ง!$A:$F,6,0))*B7,0)) -> 0
A15: B24004 ตบธรณี | B15: =IF(FLOOR(6.4/(B2/100),1)>=1,ROUNDUP(1/FLOOR(6.4/(B2/100),1),0),ROUNDUP((B2/100)/6.4,0)) -> 1 | C15: =IF(F10="สีอบขาว/ดำ",IFERROR(VLOOKUP("B24004",ราคาสี!$A:$D,4,0),570),IF(OR(F10="เทาซาฮาร่า",F10="สีดำซาฮาร่า"),VLOOKUP("B24004",ราคาสี!$A:$F,5,0),IF(F10="ลายไม้ stock",(VLOOKUP("B24004",ราคาสี!$A:$H,8,0)*mult_wood/mult_euro),IFERROR(VLOOKUP("B24004",ราคาสี!$A:$D,4,0),570)+IF(F10="สีอบพิเศษ",rate_special,rate_woodbake)*น้ำหนักโปรไฟล์!$C$301))) -> 570 | D15: =B15*C15*mult_euro -> 570 | G15: 5บาน: 4-1 พับสลับ | H15: 5บาน: 4-1 พับสลับ | I15: 13462
A16: B24005 เฟรมข้าง | B16: =IF(FLOOR(6.4/(B3/100),1)>=1,ROUNDUP(2/FLOOR(6.4/(B3/100),1),0),ROUNDUP((B3/100)/6.4,0)*2) -> 1 | C16: =IF(F10="สีอบขาว/ดำ",IFERROR(VLOOKUP("B24005",ราคาสี!$A:$D,4,0),1000),IF(OR(F10="เทาซาฮาร่า",F10="สีดำซาฮาร่า"),VLOOKUP("B24005",ราคาสี!$A:$F,5,0),IF(F10="ลายไม้ stock",(VLOOKUP("B24005",ราคาสี!$A:$H,8,0)*mult_wood/mult_euro),IFERROR(VLOOKUP("B24005",ราคาสี!$A:$D,4,0),1000)+IF(F10="สีอบพิเศษ",rate_special,rate_woodbake)*น้ำหนักโปรไฟล์!$C$302))) -> 1000 | D16: =B16*C16*mult_euro -> 1000 | G16: 5บาน: 3-2 พับสลับ | H16: 5บาน: 3-2 พับสลับ | I16: 13462
A17: B24006 คิ้วเฟรมข้าง | B17: =IF(FLOOR(6.4/(B3/100),1)>=1,ROUNDUP(2/FLOOR(6.4/(B3/100),1),0),ROUNDUP((B3/100)/6.4,0)*2) -> 1 | C17: =IF(F10="สีอบขาว/ดำ",IFERROR(VLOOKUP("B24006",ราคาสี!$A:$D,4,0),280),IF(OR(F10="เทาซาฮาร่า",F10="สีดำซาฮาร่า"),VLOOKUP("B24006",ราคาสี!$A:$F,5,0),IF(F10="ลายไม้ stock",(VLOOKUP("B24006",ราคาสี!$A:$H,8,0)*mult_wood/mult_euro),IFERROR(VLOOKUP("B24006",ราคาสี!$A:$D,4,0),280)+IF(F10="สีอบพิเศษ",rate_special,rate_woodbake)*น้ำหนักโปรไฟล์!$C$303))) -> 280 | D17: =B17*C17*mult_euro -> 280 | G17: 5บาน: 2-3 พับสลับ | H17: 5บาน: 2-3 พับสลับ | I17: 13462
