Workbook

Sheet ราคาอ้างอิง
B2: ลำดับ | C2: รายการ | D2: ราคา | E2: หน่วย | G2: กฎ
B3: 1 | C3: งานเข็ม Micropile I18 | D3: 11000 | E3: บาท/ต้น | G3: เข็มห้ามห่างกันเกิน 4 เมตร
B4: 2 | C4: งานเข็ม Micropile I22 | D4: 12000 | E4: บาท/ต้น | G4: คานห้ามยื่นเกิน 1.5 เมตร
B5: 3 | C5: งานเข็มเหล็ก | D5: 30000 | E5: บาท/ต้น
B6: 4 | C6: งานเข็มหกเหลี่ยม | D6: 1200 | E6: บาท/ต้น
B7: 5 | C7: งานขุด | D7: 2000 | E7: บาท/หลุม
B8: 6 | C8: งานฟุตติ้ง | D8: 2500 | E8: บาท/หลุุม
B9: 7 | C9: งานคาน | D9: 2400 | E9: บาท/ความยาวคานทั้งหมด
B10: 8 | C10: งานเทพื้น | D10: 1500 | E10: บาท/ตร.ม.
B11: 9 | C11: งานก่ออิฐ, ฉาบปูน, จับเซี้ยม | D11: 1000 | E11: บาท/ตร.ม.
B12: 10 | C12: งานปูกระเบื้อง | D12: 500 - 800 | E12: บาท/ตร.ม.
B13: 11 | C13: งานทราย | D13: 6,500 - 9,000 | E13: บาท
B14: 12 | C14: งานฝ้า | D14: 1,500 - 2,500 | E14: บาท/ตร.ม.
B15: 13 | C15: งานปลั๊ก | D15: 500 | E15: บาท/จุด
B16: 14 | C16: งานสวิตซ์ | D16: 500 | E16: บาท/จุด
B17: 15 | C17: งานเดินไฟ | D17: 500 - 1,500 | E17: บาท/ตร.ม.
B18: 16 | C18: งานรื้อสกัดพื้น (งานเล็ก/รอบๆบ้าน) | D18: 8,500 - 11,000 | E18: บาท | F18: ≤ 10 ตร.ม. (พื้นออนกราวด์ หนา 15-20 ซม. / ใช้แย๊ก)
B19: 17 | C19: งานรื้อสกัดพื้น (งานกลาง) | D19: 11,000 - 14,000 | E19: บาท | F19: 15-30 ตร.ม. (แย๊กหนัก หรือเริ่มใช้แบคโฮ)
B20: 18 | C20: งานรื้อสกัดพื้น (งานใหญ่/โรงจอดรถ) | D20: 12,000 - 16,000 | E20: บาท | F20: (โรงจอดรถ / ใช้แบคโฮ)
B21: 19 | C21: งานเข็มไมโครไพล์+ฟุตติ้ง | D21: 15000 | E21: บาท/ต้น | F21: (โรงจอดรถ)
B22: 20 | C22: งานลงเข็มหกเหลี่ยม,เทพื้น,ปูกระเบื้อง | D22: 3500 | E22: บาท/ตร.ม.

Sheet ตัวอย่างการคิดราคา
A2: พื้นที่
A3: 1.8 | B3: X | C3: 3.5
A4: =A3*C3 -> 6.3
A5: ตารางเมตร
A6: ลำดับ | B6: รายการ | C6: จำนวน | D6: ราคา | E6: รวม
A7: 1 | B7: งานเข็ม I18 | C7: 4 | D7: =ราคาอ้างอิง!D3 -> 11000 | E7: =C7*D7 -> 44000
A8: 2 | B8: งานขุด | C8: =C7 -> 4 | D8: =ราคาอ้างอิง!D7 -> 2000 | E8: =C8*D8 -> 8000
A9: 3 | B9: งานฐานราก | C9: =C7 -> 4 | D9: =ราคาอ้างอิง!D8 -> 2500 | E9: =C9*D9 -> 10000
A11: ลำดับ | B11: รายการ | C11: ความยาวคาน | D11: จำนวน | E11: รวม | F11: รวมทั้งหมด | G11: ราคา | H11: ราคารวม
A12: 4 | B12: คานแนวนอน | C12: =C3 -> 3.5 | D12: 2 | E12: =C12*D12 -> 7 | F12: =E12+E13 -> 10.6 | G12: =ราคาอ้างอิง!D9 -> 2400 | H12: =F12*G12 -> 25440
A13: 5 | B13: คานแนวตั้ง | C13: =A3 -> 1.8 | D13: 2 | E13: =C13*D13 -> 3.6
A15: ลำดับ | B15: รายการ | C15: จำนวน | D15: ราคา | E15: รวม | F15: ราคางานเทปรับพื้น + กระเบื้อง | G15: ก่ออิฐ
A16: 6 | B16: ทราย | C16: =A4 -> 6.3 | D16: 7000 | E16: =D16 -> 7000 | F16: =E18+E17+E16 -> 21490 | G16: 1000 | H16: บาท/ตร.ม.
A17: 7 | B17: งานพื้น | C17: =A4 -> 6.3 | D17: =ราคาอ้างอิง!D10 -> 1500 | E17: =C17*D17 -> 9450 | G17: =A4*G16 -> 6300
A18: 8 | B18: งานกระเบื้อง | C18: =A4 -> 6.3 | D18: 800 | E18: =C18*D18 -> 5040
B20: รวม | C20: =(E7+E8+E9+H12+E16+E17+E18) -> 108930
B21: ราคากรณีมีผนังปูน | C21: =C20+G17 -> 115230
