Workbook

Sheet รับเข้า-เบิก
A1: ลำดับเดือน | B1: เดือน | C1: วันที่ | D1: ผู้เบิก | E1: งาน (ชื่อลูกค้า) | F1: หมวดหมู่ | G1: รายการสินค้า | H1: จำนวน | I1: Status | J1: ราคารวม | K1: Remark
C2: 244492 | F2: อุปกรณ์ | G2: STAINLESS STEEL BAR-สแตนเลส-แป๊ปสแตนเลสกลม | I2: รับเข้า
C3: 244492 | F3: อุปกรณ์ | G3: STAINLESS STEEL PIPE -สแตนเลส-แป๊ปสแตนเลสเหลี่ยม | I3: รับเข้า
C4: 244492 | F4: อุปกรณ์ | G4: บานพับ Shower VVP_SW303-สแตนเลส | H4: 6 | I4: รับเข้า
C5: 244492 | F5: อุปกรณ์ | G5: บานพับ Shower VVP_SW3049 (90 ํ)-สแตนเลส | H5: 6 | I5: รับเข้า
C6: 244492 | F6: อุปกรณ์ | G6: บานพับ Shower VVP_SW3041 (135 ํ)-สแตนเลส | H6: 2 | I6: รับเข้า
C7: 244492 | F7: อุปกรณ์ | G7: บานพับ Shower VVP_SW304 (180 ํ)-สแตนเลส | H7: 6 | I7: รับเข้า
C8: 244492 | F8: อุปกรณ์ | G8: ตัวหนีบกระจก shower VVP_GC506-สแตนเลส | H8: 6 | I8: รับเข้า
C9: 244492 | F9: อุปกรณ์ | G9: ตัวยึดร้อยผ่านแป๊ปสแตนเลสกลม VVP_SB900-สแตนเลส | H9: 21 | I9: รับเข้า
C10: 244492 | F10: อุปกรณ์ | G10: ตัวยึดกระจกห้องน้ำกันแกว่งกลม VVP_SB902-สแตนเลส | H10: 25 | I10: รับเข้า
C11: 244492 | F11: อุปกรณ์ | G11: ตัวยึดร้อยผ่านแป๊ปสแตนเลสกลม VVP_SBF906-สแตนเลส-ข้องอปรับได้ | H11: 5 | I11: รับเข้า
C12: 244492 | F12: อุปกรณ์ | G12: ตัวยึดร้อยผ่านแป๊ปสแตนเลสเหลี่ยม VVP_SBQ800-สแตนเลส | H12: 9 | I12: รับเข้า
C13: 244492 | F13: อุปกรณ์ | G13: ตัวยึดกระจกห้องน้ำกันแกว่งเหลี่ยม VVP_SBQ802-สแตนเลส | H13: 3 | I13: รับเข้า
C14: 244492 | F14: อุปกรณ์ | G14: ยางกันชนกลมเล็ก-ใส | H14: 6200 | I14: รับเข้า
C15: 244492 | F15: อุปกรณ์ | G15: ซิลิโคน 1601-ลายไม้มะฮอกนี | H15: 20 | I15: รับเข้า
... C76: 46190 | F76: น็อต | G76: พุกตะกั่ว-46113 | H76: 709 | I76: รับเข้า
C77: 46190 | F77: น็อต

Sheet มือจับ
A1: 2 | B1: รายการสินค้า | C1: รูปแบบ | D1: สี | E1: ราคา | F1: รูป | G1: ยอดคงเหลือ | H1: ยอดเบิกรวม
A2: =CONCATENATE(B2,"-",C2,"-",D2) -> มือจับประตูบานเลื่อนแขวน ทรงโค้ง HOYA-PS-102-สแตนเลส | B2: มือจับประตูบานเลื่อนแขวน ทรงโค้ง HOYA | C2: PS-102 | D2: สแตนเลส | E2: 165 | F2: messageImage_1771731392413.jpg | G2: 7 | H2: {=MAP(ตาราง1[2],LAMBDA(sku,SUMIFS('รับเข้า-เบิก'!H:H,'รับเข้า-เบิก'!G:G,sku,'รับเข้า-เบิก'!I:I,"รับเข้า")))} -> 0
A3: =CONCATENATE(B3,"-",C3,"-",D3) -> มือจับฝังบานเลื่อน Hyda 416-Dummy-ดำ | B3: มือจับฝังบานเลื่อน Hyda 416 | C3: Dummy | D3: ดำ | E3: 52 | F3: https://drive.google.com/file/d/1QDHWO3nr-M5wgnA4elVaJ-eQHqgBD8xw/view?usp=drive_link | H3: 0
A4: =CONCATENATE(B4,"-",C4,"-",D4) -> มือจับฝังบานเลื่อน Hyda 416-Dummy-อบขาว | B4: มือจับฝังบานเลื่อน Hyda 416 | C4: Dummy | D4: อบขาว | E4: 52 | F4: https://drive.google.com/file/d/1QDHWO3nr-M5wgnA4elVaJ-eQHqgBD8xw/view?usp=drive_link | H4: 0
A5: =CONCATENATE(B5,"-",C5,"-",D5) -> มือจับฝังบานเลื่อน Hyda 416-Lock-ดำ | B5: มือจับฝังบานเลื่อน Hyda 416 | C5: Lock | D5: ดำ | E5: 65 | F5: https://drive.google.com/file/d/1QDHWO3nr-M5wgnA4elVaJ-eQHqgBD8xw/view?usp=drive_link | H5: 0
A6: =CONCATENATE(B6,"-",C6,"-",D6) -> มือจับฝังบานเลื่อน Hyda 416-Lock-อบขาว | B6: มือจับฝังบานเลื่อน Hyda 416 | C6: Lock | D6: อบขาว | E6: 65 | F6: https://drive.google.com/file/d/1QDHWO3nr-M5wgnA4elVaJ-eQHqgBD8xw/view?usp=drive_link | H6: 0
A7: =CONCATENATE(B7,"-",C7,"-",D7) -> มือจับฝังบานเลื่อน CMECH-Fixed Recessed Handle-ดำ | B7: มือจับฝังบานเลื่อน CMECH | C7: Fixed Recessed Handle | D7: ดำ | E7: 177 | F7: https://drive.google.com/file/d/16OYjsugZURUYoNJGtGk8Mk_eKUm30fDo/view?usp=drive_link | H7: 0
A8: =CONCATENATE(B8,"-",C8,"-",D8) -> มือจับฝังบานเลื่อน CMECH-Fixed Recessed Handle-อบขาว | B8: มือจับฝังบานเลื่อน CMECH | C8: Fixed Recessed Handle | D8: อบขาว | E8: 177 | F8: https://drive.google.com/file/d/1YPfwbIOTDgAt2T8rjyvCA9bUXGQXI_pW/view?usp=drive_link | H8: 0
A9: =CONCATENATE(B9,"-",C9,"-",D9) -> มือจับฝังบานเลื่อน CMECH-Multi-Point Lock Recessed Handle-ดำ | B9: มือจับฝังบานเลื่อน CMECH | C9: Multi-Point Lock Recessed Handle | D9: ดำ | E9: 205 | F9: https://drive.google.com/file/d/16OYjsugZURUYoNJGtGk8Mk_eKUm30fDo/view?usp=drive_link | H9: 0
A10: =CONCATENATE(B10,"-",C10,"-",D10) -> มือจับฝังบานเลื่อน CMECH-Multi-Point Lock Recessed Handle-อบขาว | B10: มือจับฝังบานเลื่อน CMECH | C10: Multi-Point Lock Recessed Handle | D10: อบขาว | E10: 205 | F10: https://drive.google.com/file/d/1oQ1PFR9FJClH1URFkype7gtG_tI5OMXD/view?usp=drive_link | H10: 0
A11: =CONCATENATE(B11,"-",C11,"-",D11) -> มือจับฝังบานเลื่อน CMECH-Multi-Point Lock Recessed Interior with Key-ดำ | B11: มือจับฝังบานเลื่อน CMECH | C11: Multi-Point Lock Recessed Interior with Key | D11: ดำ | E11: 409 | F11: https://drive.google.com/file/d/16OYjsugZURUYoNJGtGk8Mk_eKUm30fDo/view?usp=drive_link | H11: 0
A12: =CONCATENATE(B12,"-",C12,"-",D12) -> มือจับฝังบานเลื่อน CMECH-Multi-Point Lock Recessed Interior with Key-อบขาว | B12: มือจับฝังบานเลื่อน CMECH | C12: Multi-Point Lock Recessed Interior with Key | D12: อบขาว | E12: 409 | F12: https://drive.google.com/file/d/1A7onapIUsvEaCJjVirEGUCIuIepa73ij/view?usp=drive_link | H12: 0
A13: =CONCATENATE(B13,"-",C13,"-",D13) -> มือจับบานเลื่อน CMECH-Metro Handle_ Dummy-ดำ | B13: มือจับบานเลื่อน CMECH | C13: Metro Handle_ Dummy | D13: ดำ | E13: 310 | F13: https://drive.google.com/file/d/13KMHBhhROiy8TA_iLOEILmrZxELdaCSQ/view?usp=drive_link | H13: 0
A14: =CONCATENATE(B14,"-",C14,"-",D14) -> มือจับบานเลื่อน CMECH-Metro Handle_ Dummy-อบขาว | B14: มือจับบานเลื่อน CMECH | C14: Metro Handle_ Dummy | D14: อบขาว | E14: 310 | F14: https://drive.google.com/file/d/18Iq4OGDLz5gZ3-hGwpCsdZqg0bOmxS23/view?usp=drive_link | H14: 0
... A29: =CONCATENATE(B29,"-",C29,"-",D29) -> มือจับบานกระทุ้ง CZ-HD-004-CENZA_ ( L )-อบขาว | B29: มือจับบานกระทุ้ง CZ-HD-004 | C29: CENZA_ ( L ) | D29: อบขาว | E29: 150 | F29: https://drive.google.com/file/d/1yqTzaZthUyMyVVJ4Hr4kGUZudI-4oSfn/view?usp=drive_link | H29: 0
A30: =CONCATENATE(B30,"-",C30,"-",D30) -> มือจับบานกระทุ้ง CZ-HD-004-CENZA_ ( R )-อบขาว | B30: มือจับบานกระทุ้ง CZ-HD-004 | C30: CENZA_ ( R ) | D30: อบขาว | E30: 150 | F30: https://drive.google.com/file/d/1yqTzaZthUyMyVVJ4Hr4kGUZudI-4oSfn/view?usp=drive_link | G30: 56 | H30: 0
A31: =CONCATENATE(B31,"-",C31,"-",D31) -> มือจับบานกระทุ้ง CZ-HD-004-CENZA_ ( L )-ดำ | B31: มือจับบานกระทุ้ง CZ-HD-004 | C31: CENZA_ ( L ) | D31: ดำ | E31: 150 | F31: https://drive.google.com/file/d/1yqTzaZthUyMyVVJ4Hr4kGUZudI-4oSfn/view?usp=drive_link | G31: 6 | H31: 0
A32: =CONCATENATE(B32,"-",C32,"-",D32) -> มือจับบานกระทุ้ง CZ-HD-004-CENZA_ ( R )-ดำ | B32: มือจับบานกระทุ้ง CZ-HD-004 | C32: CENZA_ ( R ) | D32: ดำ | E32: 150 | F32: https://drive.google.com/file/d/1yqTzaZthUyMyVVJ4Hr4kGUZudI-4oSfn/view?usp=drive_link | G32: 43 | H32: 0
A33: =CONCATENATE(B33,"-",C33,"-",D33) -> มือจับบานกระทุ้งหลบมุ้ง-CMECH_ ( L )-อบขาว | B33: มือจับบานกระทุ้งหลบมุ้ง | C33: CMECH_ ( L ) | D33: อบขาว | E33: 360 | F33: https://drive.google.com/file/d/11sT_smtcC_H80DHesHnGiRfzAbNQbVTe/view?usp=drive_link | H33: 0
A34: =CONCATENATE(B34,"-",C34,"-",D34) -> มือจับบานกระทุ้งหลบมุ้ง-CMECH_ ( R )-อบขาว | B34: มือจับบานกระทุ้งหลบมุ้ง | C34: CMECH_ ( R ) | D34: อบขาว | E34: 360 | F34: https://drive.google.com/file/d/1AdA7WF_sgAFIMtOFdU8oHYru4ATP1V5t/view?usp=drive_link | H34: 0
A35: =CONCATENATE(B35,"-",C35,"-",D35) -> มือจับบานกระทุ้งหลบมุ้ง-CMECH_ ( L )-ดำ | B35: มือจับบานกระทุ้งหลบมุ้ง | C35: CMECH_ ( L ) | D35: ดำ | E35: 360 | F35: https://drive.google.com/file/d/11sT_smtcC_H80DHesHnGiRfzAbNQbVTe/view?usp=drive_link | H35: 0
A36: =CONCATENATE(B36,"-",C36,"-",D36) -> มือจับบานกระทุ้งหลบมุ้ง-CMECH_ ( R )-ดำ | B36: มือจับบานกระทุ้งหลบมุ้ง | C36: CMECH_ ( R ) | D36: ดำ | E36: 360 | F36: https://drive.google.com/file/d/1AdA7WF_sgAFIMtOFdU8oHYru4ATP1V5t/view?usp=drive_link | H36: 0
A37: =CONCATENATE(B37,"-",C37,"-",D37) -> มือจับบานเปิด KINGBO-Dummy-ดำ | B37: มือจับบานเปิด KINGBO | C37: Dummy | D37: ดำ | E37: 330 | F37: https://drive.google.com/file/d/1CzNNZtaQSx58dLHn-v4pek6syK3CjfRh/view?usp=drive_link | H37: 0
A38: =CONCATENATE(B38,"-",C38,"-",D38) -> มือจับบานเปิด KINGBO-Dummy-อบขาว | B38: มือจับบานเปิด KINGBO | C38: Dummy | D38: อบขาว | E38: 330 | F38: https://drive.google.com/file/d/1CzNNZtaQSx58dLHn-v4pek6syK3CjfRh/view?usp=drive_link | H38: 0
A39: =CONCATENATE(B39,"-",C39,"-",D39) -> มือจับบานเปิด KINGBO-Key-ดำ | B39: มือจับบานเปิด KINGBO | C39: Key | D39: ดำ | E39: 330 | F39: https://drive.google.com/file/d/1CzNNZtaQSx58dLHn-v4pek6syK3CjfRh/view?usp=drive_link | H39: 0
A40: =CONCATENATE(B40,"-",C40,"-",D40) -> มือจับบานเปิด KINGBO-Key-อบขาว | B40: มือจับบานเปิด KINGBO | C40: Key | D40: อบขาว | E40: 330 | F40: https://drive.google.com/file/d/1CzNNZtaQSx58dLHn-v4pek6syK3CjfRh/view?usp=drive_link | H40: 0
A41: =CONCATENATE(B41,"-",C41,"-",D41) -> มือจับหลบมุ้ง KINGBO-FH3016 _( L )-ดำ | B41: มือจับหลบมุ้ง KINGBO | C41: FH3016 _( L ) | D41: ดำ | E41: 111 | F41: https://drive.google.com/file/d/1UfA5qP-6SVkGhRa3Tp7xI6eoFKUfCPCB/view?usp=drive_link | H41: 0
A42: =CONCATENATE(B42,"-",C42,"-",D42) -> มือจับหลบมุ้ง KINGBO-FH3016 _ ( R )-ดำ | B42: มือจับหลบมุ้ง KINGBO | C42: FH3016 _ ( R ) | D42: ดำ | E42: 111 | F42: https://drive.google.com/file/d/1UfA5qP-6SVkGhRa3Tp7xI6eoFKUfCPCB/view?usp=drive_link | H42: 0
A43: =CONCATENATE(B43,"-",C43,"-",D43) -> มือจับหลบมุ้ง KINGBO-FH3016 _( L )-อบขาว | B43: มือจับหลบมุ้ง KINGBO | C43: FH3016 _( L ) | D43: อบขาว | E43: 111 | F43: https://drive.google.com/file/d/1UfA5qP-6SVkGhRa3Tp7xI6eoFKUfCPCB/view?usp=drive_link | H43: 0
A44: =CONCATENATE(B44,"-",C44,"-",D44) -> มือจับหลบมุ้ง KINGBO-FH3016 _ ( R )-อบขาว | B44: มือจับหลบมุ้ง KINGBO | C44: FH3016 _ ( R ) | D44: อบขาว | E44: 111 | F44: https://drive.google.com/file/d/1UfA5qP-6SVkGhRa3Tp7xI6eoFKUfCPCB/view?usp=drive_link | H44: 0
A45: =CONCATENATE(B45,"-",C45,"-",D45) -> มือจับฝัง Align-กุญแจ-ดำ | B45: มือจับฝัง Align | C45: กุญแจ | D45: ดำ | F45: https://drive.google.com/file/d/14xn-NCGqq5FDwmKcrNFIH3Y0jgKMHVLR/view?usp=drive_link | H45: 0
A46: =CONCATENATE(B46,"-",C46,"-",D46) -> มือจับฝัง Align-ล็อค-ดำ | B46: มือจับฝัง Align | C46: ล็อค | D46: ดำ | E46: 99 | F46: https://drive.google.com/file/d/17a-BLx9DUbFFvlM65kF9uzsI_cF4hjOa/view?usp=drive_link | H46: 0
A47: =CONCATENATE(B47,"-",C47,"-",D47) -> มือจับฝัง Align-ดัมมี่-ดำ | B47: มือจับฝัง Align | C47: ดัมมี่ | D47: ดำ | F47: https://drive.google.com/file/d/1jkF6sE7gE2qin-TU4c9O6fDTcLPF-VPF/view?usp=drive_link | H47: 0
A48: =CONCATENATE(B48,"-",C48,"-",D48) -> มือจับฝัง Align-กุญแจ-อบขาว | B48: มือจับฝัง Align | C48: กุญแจ | D48: อบขาว | F48: https://drive.google.com/file/d/1kVoAE29b5HZ47jPP3tp3R7cVC2DaPHhF/view?usp=drive_link | H48: 0
A49: =CONCATENATE(B49,"-",C49,"-",D49) -> มือจับฝัง Align-ล็อค-อบขาว | B49: มือจับฝัง Align | C49: ล็อค | D49: อบขาว | E49: 99 | F49: https://drive.google.com/file/d/1--kH-jLxk-mvlxO1VbJG0j2wCNCZ8rJV/view?usp=drive_link | H49: 0
A50: =CONCATENATE(B50,"-",C50,"-",D50) -> มือจับฝัง Align-ดัมมี่-อบขาว | B50: มือจับฝัง Align | C50: ดัมมี่ | D50: อบขาว | F50: https://drive.google.com/file/d/12BkwuHiy8V7tjRcnag-IqhGsEdNncckI/view?usp=drive_link | H50: 0
A51: =CONCATENATE(B51,"-",C51,"-",D51) -> มือจับ Husza-กุญแจ-ดำ | B51: มือจับ Husza | C51: กุญแจ | D51: ดำ | F51: https://drive.google.com/file/d/1Mrx2fZQtLIdGoZ6DayomFj2MIcnyJikb/view?usp=drive_link | G51: 26 | H51: 0
A52: =CONCATENATE(B52,"-",C52,"-",D52) -> มือจับ Husza-ล็อค-ดำ | B52: มือจับ Husza | C52: ล็อค | D52: ดำ | F52: https://drive.google.com/file/d/1PTZJOVslhamOOtBX5JHGOCEzeioveytr/view?usp=drive_link | G52: 20 | H52: 0
A53: =CONCATENATE(B53,"-",C53,"-",D53) -> มือจับ Husza-เรียบมีรู-ดำ | B53: มือจับ Husza | C53: เรียบมีรู | D53: ดำ | F53: https://drive.google.com/file/d/11Yy2PiRWZda70M1rEREhVQ8BnRKRBYET/view | H53: 0
A54: =CONCATENATE(B54,"-",C54,"-",D54) -> มือจับ Husza-เรียบไม่มีรู-ดำ | B54: มือจับ Husza | C54: เรียบไม่มีรู | D54: ดำ | F54: https://drive.google.com/file/d/11Yy2PiRWZda70M1rEREhVQ8BnRKRBYET/view?usp=drive_link | G54: 48 | H54: 0
A55: =CONCATENATE(B55,"-",C55,"-",D55) -> มือจับ Husza-กุญแจ-อบขาว | B55: มือจับ Husza | C55: กุญแจ | D55: อบขาว | F55: https://drive.google.com/file/d/1Odj1OSzJ7p6vgfzoLuxVtbJj8zYkR4Pq/view?usp=drive_link | G55: 49 | H55: 0
A56: =CONCATENATE(B56,"-",C56,"-",D56) -> มือจับ Husza-ล็อค-อบขาว | B56: มือจับ Husza | C56: ล็อค | D56: อบขาว | F56: https://drive.google.com/file/d/1maaadTOOLtD5bbKeq0beew-7wWmV4ODi/view?usp=drive_link | G56: 6 | H56: 0
A57: =CONCATENATE(B57,"-",C57,"-",D57) -> มือจับ Husza-เรียบมีรู-อบขาว | B57: มือจับ Husza | C57: เรียบมีรู | D57: อบขาว | F57: https://drive.google.com/file/d/1glMO0vi_zRsn-CLOFCaAFu2CPhkEwx3R/view?usp=drive_linkk | G57: 29 | H57: 0
A58: =CONCATENATE(B58,"-",C58,"-",D58) -> มือจับ Husza-เรียบไม่มีรู-อบขาว | B58: มือจับ Husza | C58: เรียบไม่มีรู | D58: อบขาว | F58: https://drive.google.com/file/d/1glMO0vi_zRsn-CLOFCaAFu2CPhkEwx3R/view?usp=drive_link | G58: 2 | H58: 0
A59: =CONCATENATE(B59,"-",C59,"-",D59) -> มือจับ เซ่นซ่า -ชุดกุญแจ-อบขาว | B59: มือจับ เซ่นซ่า | C59: ชุดกุญแจ | D59: อบขาว | F59: https://drive.google.com/file/d/1cZ3L2RTFexXme3zc8p91ZiB8pTbu70U4/view?usp=drive_link | G59: 130 | H59: 0
A60: =CONCATENATE(B60,"-",C60,"-",D60) -> มือจับ เซ่นซ่า -ล็อค-อบขาว | B60: มือจับ เซ่นซ่า | C60: ล็อค | D60: อบขาว | F60: https://drive.google.com/file/d/1mok2b_Q3F_wwabgEPA6O0CeL-qOEW8sm/view?usp=drive_link | G60: 3 | H60: 0
A61: =CONCATENATE(B61,"-",C61,"-",D61) -> มือจับ เซ่นซ่า -เรียบมีรู-อบขาว | B61: มือจับ เซ่นซ่า | C61: เรียบมีรู | D61: อบขาว | F61: https://drive.google.com/file/d/1mgynXsruzMrwSOR-xlauw4x64o5PGai6/view?usp=drive_link | G61: 15 | H61: 0
A62: =CONCATENATE(B62,"-",C62,"-",D62) -> มือจับ เซ่นซ่า -เรียบไม่มีรู-อบขาว | B62: มือจับ เซ่นซ่า | C62: เรียบไม่มีรู | D62: อบขาว | F62: https://drive.google.com/file/d/1mgynXsruzMrwSOR-xlauw4x64o5PGai6/view?usp=drive_link | G62: 29 | H62: 0
A63: =CONCATENATE(B63,"-",C63,"-",D63) -> มือจับ เซ่นซ่า -ชุดกุญแจ-ดำ | B63: มือจับ เซ่นซ่า | C63: ชุดกุญแจ | D63: ดำ | F63: https://drive.google.com/file/d/10TXNSGcXWCswtpM1itkiCRE_BSoOPzeX/view?usp=drive_link | G63: 70 | H63: 0
A64: =CONCATENATE(B64,"-",C64,"-",D64) -> มือจับ เซ่นซ่า -ล็อค-ดำ | B64: มือจับ เซ่นซ่า | C64: ล็อค | D64: ดำ | F64: https://drive.google.com/file/d/1dl3sVsXVAegVc1O1oe3UYNSjR58Q9fkw/view?usp=drive_link | G64: 30 | H64: 0
A65: =CONCATENATE(B65,"-",C65,"-",D65) -> มือจับ เซ่นซ่า -เรียบมีรู-ดำ | B65: มือจับ เซ่นซ่า | C65: เรียบมีรู | D65: ดำ | F65: https://drive.google.com/file/d/1C44RcX3wdqkoea4hkh78ROQnGDruz_XC/view?usp=drive_link | G65: 38 | H65: 0
A66: =CONCATENATE(B66,"-",C66,"-",D66) -> มือจับ เซ่นซ่า -เรียบไม่มีรู-ดำ | B66: มือจับ เซ่นซ่า | C66: เรียบไม่มีรู | D66: ดำ | F66: https://drive.google.com/file/d/1C44RcX3wdqkoea4hkh78ROQnGDruz_XC/view?usp=drive_link | G66: 34 | H66: 0
A67: =CONCATENATE(B67,"-",C67,"-",D67) -> มือจับหลบมุ้ง -ข้างซ้าย-ขาว + ดำ | B67: มือจับหลบมุ้ง | C67: ข้างซ้าย | D67: ขาว + ดำ | F67: https://drive.google.com/file/d/1QwAFsqTBMgwhR2qn6-hbrgu52JfjObbq/view?usp=drive_link | G67: สีขาว60+สีดำ30 | H67: 0
A68: =CONCATENATE(B68,"-",C68,"-",D68) -> มือจับหลบมุ้ง -ข้างขวา-ขาว + ดำ | B68: มือจับหลบมุ้ง | C68: ข้างขวา | D68: ขาว + ดำ | F68: https://drive.google.com/file/d/1qlO00hPOGmAfRTLiL4F3Uvn64vo9XlGq/view?usp=drive_link | G68: สีขาว15+สีดำ40 | H68: 0
A69: =CONCATENATE(B69,"-",C69,"-",D69) -> มือจับหลบมุ้ง -มือจับซีเมดข้างซ้ายสีดำ-ขาว + ดำ | B69: มือจับหลบมุ้ง | C69: มือจับซีเมดข้างซ้ายสีดำ | D69: ขาว + ดำ | F69: https://drive.google.com/file/d/1rrLk8ZT21qehJK3_MV8ZvRyeOKVYSQ4A/view?usp=drive_link | G69: 5 | H69: 0
A70: =CONCATENATE(B70,"-",C70,"-",D70) -> มือจับบานกระทุ้งของจีน-ข้างซ้าย-ขาว + ดำ | B70: มือจับบานกระทุ้งของจีน | C70: ข้างซ้าย | D70: ขาว + ดำ | F70: https://drive.google.com/file/d/1UfA5qP-6SVkGhRa3Tp7xI6eoFKUfCPCB/view?usp=drive_link | G70: 30+31 | H70: 0
A71: =CONCATENATE(B71,"-",C71,"-",D71) -> มือจับบานกระทุ้งของจีน-ข้างขวา-ขาว + ดำ | B71: มือจับบานกระทุ้งของจีน | C71: ข้างขวา | D71: ขาว + ดำ | F71: https://drive.google.com/file/d/1UfA5qP-6SVkGhRa3Tp7xI6eoFKUfCPCB/view?usp=drive_link | G71: 57+52 | H71: 0
A72: =CONCATENATE(B72,"-",C72,"-",D72) -> มือจับบานเลื่อน-สลิม-ขาว + ดำ | B72: มือจับบานเลื่อน | C72: สลิม | D72: ขาว + ดำ | F72: https://drive.google.com/file/d/12GT7LmIwa5EGz-QTYLWbhdBFoLO9ToNv/view?usp=drive_link | G72: สีขาว200+สีดำ70 | H72: 0
A73: =CONCATENATE(B73,"-",C73,"-",D73) -> มือจับปากเป็ด CMECH--ขาว + ดำ | B73: มือจับปากเป็ด CMECH | D73: ขาว + ดำ | F73: https://drive.google.com/file/d/1wH3_t4byci8MaRqJHaiRqyQ1ZyB9BQx9/view?usp=drive_link | H73: 0
A74: =CONCATENATE(B74,"-",C74,"-",D74) -> มือจับปากเป็ด CMECH--เงิน | B74: มือจับปากเป็ด CMECH | D74: เงิน | F74: https://drive.google.com/file/d/1NsZjb7H4O8n6pWCHQx-DZiICtAluiUCY/view?usp=drive_link | H74: 0
A75: =CONCATENATE(B75,"-",C75,"-",D75) -> มือจับปากเป็ด --ขาว + ดำ | B75: มือจับปากเป็ด | D75: ขาว + ดำ | F75: https://drive.google.com/file/d/1cZaSzqNliRnrn_ZEFqjHZSc4TEp7eJGM/view?usp=drive_link | G75: สีขาว16+สีดำ13 | H75: 0
A76: =CONCATENATE(B76,"-",C76,"-",D76) -> มือจับบานเปิดจีน-ล็อค-ดำ | B76: มือจับบานเปิดจีน | C76: ล็อค | D76: ดำ | F76: https://drive.google.com/file/d/19zdK4rcmF22Pkx8dBeCZgLKEoiN8Jv5y/view?usp=drive_link | G76: 150 | H76: 0
A77: =CONCATENATE(B77,"-",C77,"-",D77) -> มือจับบานเปิดจีน-ดัมมี่-ดำ | B77: มือจับบานเปิดจีน | C77: ดัมมี่ | D77: ดำ | F77: https://drive.google.com/file/d/1jkF6sE7gE2qin-TU4c9O6fDTcLPF-VPF/view?usp=drive_link | G77: 15 | H77: 0
A78: =CONCATENATE(B78,"-",C78,"-",D78) -> มือจับบานเปิดจีน-ล็อค -อบขาว | B78: มือจับบานเปิดจีน | C78: ล็อค | D78: อบขาว | F78: https://drive.google.com/file/d/1UW4IEFWkK1vMMPDkuk8I1p8EXbvhIq0n/view?usp=drive_link | G78: 193 | H78: 0
A79: =CONCATENATE(B79,"-",C79,"-",D79) -> มือจับบานเปิดจีน-ดัมมี่-อบขาว | B79: มือจับบานเปิดจีน | C79: ดัมมี่ | D79: อบขาว | F79: https://drive.google.com/file/d/12BkwuHiy8V7tjRcnag-IqhGsEdNncckI/view?usp=drive_link | G79: 18 | H79: 0
A80: =CONCATENATE(B80,"-",C80,"-",D80) -> มือจับบานเปิด-สลิม-อบขาว | B80: มือจับบานเปิด | C80: สลิม | D80: อบขาว | F80: https://drive.google.com/file/d/1W63ZpE2vGWrIXkjiC1IXJduHSWvB80lf/view?usp=drive_link | G80: 16 | H80: 0
A81: =CONCATENATE(B81,"-",C81,"-",D81) -> มือจับบานเปิด-สลิม-ดำ | B81: มือจับบานเปิด | C81: สลิม | D81: ดำ | F81: https://drive.google.com/file/d/12jr4dzpIr9RkLg15-VaiUdnUue9v2laE/view?usp=drive_link | G81: 14 | H81: 0
A82: =CONCATENATE(B82,"-",C82,"-",D82) -> มือจับบานเปิด ไฮด้า-ล็อค-อบขาว | B82: มือจับบานเปิด ไฮด้า | C82: ล็อค | D82: อบขาว | F82: https://drive.google.com/file/d/1h9_wszwnxkcYE_BpL4dwT5TINV8OLmqO/view?usp=drive_link | H82: 0
A83: =CONCATENATE(B83,"-",C83,"-",D83) -> มือจับบานเปิด ไฮด้า-ดัมมี่-อบขาว | B83: มือจับบานเปิด ไฮด้า | C83: ดัมมี่ | D83: อบขาว | F83: https://drive.google.com/file/d/1EgtupHIDk8sSd2Mh5c5Km2nPlK90Li0T/view?usp=drive_link | H83: 0
A84: =CONCATENATE(B84,"-",C84,"-",D84) -> มือจับบานเปิด ไฮด้า-ดัมมี่-ดำ | B84: มือจับบานเปิด ไฮด้า | C84: ดัมมี่ | D84: ดำ | F84: https://drive.google.com/file/d/1IGXTc7WVkBloadIaEQ4O9BYg8RuaDs1I/view?usp=drive_link | H84: 0
A85: =CONCATENATE(B85,"-",C85,"-",D85) -> มือจับ เขาควาย-ล็อค-อบขาว | B85: มือจับ เขาควาย | C85: ล็อค | D85: อบขาว | F85: https://drive.google.com/file/d/1R7cQCrQQF7sVuTUuxeu9sHFsbgyHLrrr/view?usp=drive_link | G85: 29 | H85: 0
A86: =CONCATENATE(B86,"-",C86,"-",D86) -> มือจับ เขาควาย-ดัมมี่-ดำ | B86: มือจับ เขาควาย | C86: ดัมมี่ | D86: ดำ | F86: https://drive.google.com/file/d/1yGwoRJOD0W30VbMpiZAjg5VidTmWBxCL/view?usp=drive_link | G86: 31 | H86: 0
A87: =CONCATENATE(B87,"-",C87,"-",D87) -> มือจับบานเปิดจีน-ล็อค + ดัมมี่-ดำ | B87: มือจับบานเปิดจีน | C87: ล็อค + ดัมมี่ | D87: ดำ | F87: https://drive.google.com/file/d/12jr4dzpIr9RkLg15-VaiUdnUue9v2laE/view?usp=drive_link | G87: 153+16 | H87: 0
A88: =CONCATENATE(B88,"-",C88,"-",D88) -> มือจับบานเปิดจีน-ล็อค + ดัมมี่-อบขาว | B88: มือจับบานเปิดจีน | C88: ล็อค + ดัมมี่ | D88: อบขาว | F88: https://drive.google.com/file/d/1W63ZpE2vGWrIXkjiC1IXJduHSWvB80lf/view?usp=drive_link | G88: 194+18 | H88: 0
A89: =CONCATENATE(B89,"-",C89,"-",D89) -> มือจับบานเปิด ไฮด้า-ล็อค-อบขาว | B89: มือจับบานเปิด ไฮด้า | C89: ล็อค | D89: อบขาว | F89: https://drive.google.com/file/d/1h9_wszwnxkcYE_BpL4dwT5TINV8OLmqO/view?usp=drive_link | G89: 18 | H89: 0
A90: =CONCATENATE(B90,"-",C90,"-",D90) -> มือจับบานเปิด ไฮด้า-ดัมมี่-อบขาว | B90: มือจับบานเปิด ไฮด้า | C90: ดัมมี่ | D90: อบขาว | F90: https://drive.google.com/file/d/1EgtupHIDk8sSd2Mh5c5Km2nPlK90Li0T/view?usp=drive_link | G90: 18 | H90: 0
A91: =CONCATENATE(B91,"-",C91,"-",D91) -> มือจับบานเปิด ไฮด้า-ดัมมี่-ดำ | B91: มือจับบานเปิด ไฮด้า | C91: ดัมมี่ | D91: ดำ | F91: https://drive.google.com/file/d/1IGXTc7WVkBloadIaEQ4O9BYg8RuaDs1I/view?usp=drive_link | G91: 10 | H91: 0
A92: =CONCATENATE(B92,"-",C92,"-",D92) -> มือจับบานเปิด-สลิม-อบขาว | B92: มือจับบานเปิด | C92: สลิม | D92: อบขาว | F92: https://drive.google.com/file/d/1W63ZpE2vGWrIXkjiC1IXJduHSWvB80lf/view?usp=drive_link | G92: 16 | H92: 0
A93: =CONCATENATE(B93,"-",C93,"-",D93) -> มือจับบานเปิด-สลิม-ดำ | B93: มือจับบานเปิด | C93: สลิม | D93: ดำ | F93: https://drive.google.com/file/d/12jr4dzpIr9RkLg15-VaiUdnUue9v2laE/view | G93: 14 | H93: 0
A94: =CONCATENATE(B94,"-",C94,"-",D94) -> มือจับบานกระทุ้งจีน-ซ้าย + ขวา-ขาว + ดำ | B94: มือจับบานกระทุ้งจีน | C94: ซ้าย + ขวา | D94: ขาว + ดำ | F94: https://drive.google.com/file/d/1UfA5qP-6SVkGhRa3Tp7xI6eoFKUfCPCB/view?usp=drive_link | H94: 0
A95: =CONCATENATE(B95,"-",C95,"-",D95) -> มือจับบานกระทุ้งแม่นํ้า-ซ้าย + ขวา-ขาว + ดำ | B95: มือจับบานกระทุ้งแม่นํ้า | C95: ซ้าย + ขวา | D95: ขาว + ดำ | F95: https://drive.google.com/file/d/1kWidQX3rNaCBJPVUDTxNvL6ZjoF7vA9D/view?usp=drive_link | H95: 0
A96: =CONCATENATE(B96,"-",C96,"-",D96) -> มือจับบานเลื่อน-สลิม-ขาว | B96: มือจับบานเลื่อน | C96: สลิม | D96: ขาว | F96: https://drive.google.com/file/d/1CqK6Jlx-cr1bd9a7lFFmLwgeiSifqVfV/view?usp=drive_link | G96: 70 | H96: 0
A97: =CONCATENATE(B97,"-",C97,"-",D97) -> มือจับบานเลื่อน-สลิม-ดำ | B97: มือจับบานเลื่อน | C97: สลิม | D97: ดำ | F97: https://drive.google.com/file/d/12GT7LmIwa5EGz-QTYLWbhdBFoLO9ToNv/view?usp=drive_link | G97: 198 | H97: 0
A98: =CONCATENATE(B98,"-",C98,"-",D98) -> มือบานเลื่อน เมโทร-ชุดกุญแจ-ขาว | B98: มือบานเลื่อน เมโทร | C98: ชุดกุญแจ | D98: ขาว | F98: https://drive.google.com/file/d/1-0WUWDJbX-cKrT7b8bghq99kOtMxzzLr/view?usp=drive_link | G98: 24 | H98: 0
A99: =CONCATENATE(B99,"-",C99,"-",D99) -> มือบานเลื่อน เมโทร-ล็อค-ขาว | B99: มือบานเลื่อน เมโทร | C99: ล็อค | D99: ขาว | F99: https://drive.google.com/file/d/1ECfWSKmHU0_St_NaBhtUCuc-PvoaZYY4/view?usp=drive_link | G99: 45 | H99: 0
A100: =CONCATENATE(B100,"-",C100,"-",D100) -> มือบานเลื่อน เมโทร-ดัมมี่-ขาว | B100: มือบานเลื่อน เมโทร | C100: ดัมมี่ | D100: ขาว | F100: https://drive.google.com/file/d/1BN6h8YIlTE02N7FtiJN4HCtqzf4S_2vB/view?usp=drive_link | G100: 50 | H100: 0
A101: =CONCATENATE(B101,"-",C101,"-",D101) -> มือบานเลื่อน เมโทร-ชุดกุญแจ-ดำ | B101: มือบานเลื่อน เมโทร | C101: ชุดกุญแจ | D101: ดำ | F101: https://drive.google.com/file/d/1-0WUWDJbX-cKrT7b8bghq99kOtMxzzLr/view?usp=drive_link | G101: 30 | H101: 0
A102: =CONCATENATE(B102,"-",C102,"-",D102) -> มือบานเลื่อน เมโทร-ล็อค-ดำ | B102: มือบานเลื่อน เมโทร | C102: ล็อค | D102: ดำ | F102: https://drive.google.com/file/d/1ECfWSKmHU0_St_NaBhtUCuc-PvoaZYY4/view?usp=drive_link | G102: 38 | H102: 0
A103: =CONCATENATE(B103,"-",C103,"-",D103) -> มือบานเลื่อน เมโทร-ดัมมี่-ดำ | B103: มือบานเลื่อน เมโทร | C103: ดัมมี่ | D103: ดำ | F103: https://drive.google.com/file/d/1BN6h8YIlTE02N7FtiJN4HCtqzf4S_2vB/view?usp=drive_link | G103: 28 | H103: 0
A104: =CONCATENATE(B104,"-",C104,"-",D104) -> มือจับบานเลื่อนฝัง Align-กุญแจ-ดำ | B104: มือจับบานเลื่อนฝัง Align | C104: กุญแจ | D104: ดำ | F104: https://drive.google.com/file/d/14xn-NCGqq5FDwmKcrNFIH3Y0jgKMHVLR/view?usp=drive_link | H104: 0
A105: =CONCATENATE(B105,"-",C105,"-",D105) -> มือจับบานเลื่อนฝัง Align-ล็อค-ดำ | B105: มือจับบานเลื่อนฝัง Align | C105: ล็อค | D105: ดำ | F105: https://drive.google.com/file/d/17a-BLx9DUbFFvlM65kF9uzsI_cF4hjOa/view?usp=drive_link | H105: 0
A106: =CONCATENATE(B106,"-",C106,"-",D106) -> มือจับบานเลื่อนฝัง Align-ดัมมี่-ดำ | B106: มือจับบานเลื่อนฝัง Align | C106: ดัมมี่ | D106: ดำ | F106: https://drive.google.com/file/d/1jaDNupi-6iftwYbsYwdJ432Xaw1wfCfx/view?usp=drive_link | H106: 0
A107: =CONCATENATE(B107,"-",C107,"-",D107) -> มือจับบานเลื่อนฝัง Align-กุญแจ-อบขาว | B107: มือจับบานเลื่อนฝัง Align | C107: กุญแจ | D107: อบขาว | F107: https://drive.google.com/file/d/1kVoAE29b5HZ47jPP3tp3R7cVC2DaPHhF/view?usp=drive_link | H107: 0
A108: =CONCATENATE(B108,"-",C108,"-",D108) -> มือจับบานเลื่อนฝัง Align-ล็อค-อบขาว | B108: มือจับบานเลื่อนฝัง Align | C108: ล็อค | D108: อบขาว | F108: https://drive.google.com/file/d/1--kH-jLxk-mvlxO1VbJG0j2wCNCZ8rJV/view?usp=drive_link | H108: 0
A109: =CONCATENATE(B109,"-",C109,"-",D109) -> มือจับบานเลื่อนฝัง Align-ดัมมี่-อบขาว | B109: มือจับบานเลื่อนฝัง Align | C109: ดัมมี่ | D109: อบขาว | F109: https://drive.google.com/file/d/1Iy7nCF89WhyIbqbXIXsLtGZcnnPUr-uW/view?usp=drive_link | H109: 0
A110: =CONCATENATE(B110,"-",C110,"-",D110) -> มือบานเลื่อนฝัง เซ่นซ่า-ชุดกุญแจ-ขาว | B110: มือบานเลื่อนฝัง เซ่นซ่า | C110: ชุดกุญแจ | D110: ขาว | F110: https://drive.google.com/file/d/1cZ3L2RTFexXme3zc8p91ZiB8pTbu70U4/view?usp=drive_link | H110: 0
A111: =CONCATENATE(B111,"-",C111,"-",D111) -> มือบานเลื่อนฝัง เซ่นซ่า-ล็อค-ขาว | B111: มือบานเลื่อนฝัง เซ่นซ่า | C111: ล็อค | D111: ขาว | F111: https://drive.google.com/file/d/1mok2b_Q3F_wwabgEPA6O0CeL-qOEW8sm/view?usp=drive_link | H111: 0
A112: =CONCATENATE(B112,"-",C112,"-",D112) -> มือบานเลื่อนฝัง เซ่นซ่า-เรียบมีรู-ขาว | B112: มือบานเลื่อนฝัง เซ่นซ่า | C112: เรียบมีรู | D112: ขาว | F112: https://drive.google.com/file/d/1mgynXsruzMrwSOR-xlauw4x64o5PGai6/view?usp=drive_link | H112: 0
A113: =CONCATENATE(B113,"-",C113,"-",D113) -> มือบานเลื่อนฝัง เซ่นซ่า-เรียบไม่มีรู-ขาว | B113: มือบานเลื่อนฝัง เซ่นซ่า | C113: เรียบไม่มีรู | D113: ขาว | F113: https://drive.google.com/file/d/1mgynXsruzMrwSOR-xlauw4x64o5PGai6/view?usp=drive_link | H113: 0
A114: =CONCATENATE(B114,"-",C114,"-",D114) -> มือบานเลื่อนฝัง เซ่นซ่า-ชุดกุญแจ-ดำ | B114: มือบานเลื่อนฝัง เซ่นซ่า | C114: ชุดกุญแจ | D114: ดำ | F114: https://drive.google.com/file/d/10TXNSGcXWCswtpM1itkiCRE_BSoOPzeX/view?usp=drive_link | H114: 0
...

Sheet อุปกรณ์ 
A1: SKU | B1: รายการสินค้า | C1: สี | D1: ขนาด | E1: ราคา | F1: รูป | G1: ยอดคงเหลือ | H1: ยอดเบิกรวม
A2: {=BYROW(ตาราง1_2[[รายการสินค้า]:[ขนาด]], LAMBDA(row, TEXTJOIN("-", TRUE, row)))} -> STAINLESS STEEL PIPE -สแตนเลส-แป๊ปสแตนเลสเหลี่ยม | B2: STAINLESS STEEL PIPE | C2: สแตนเลส | D2: แป๊ปสแตนเลสเหลี่ยม | E2: 360 | F2: https://drive.google.com/file/d/1ksID7nRhz3chKkhg6cWrW0jLPsdB6NaU/view?usp=drive_link | G2: {=MAP(ตาราง1_2[SKU],LAMBDA(sku,LET(in,SUMIFS('รับเข้า-เบิก'!H:H,'รับเข้า-เบิก'!G:G,sku,'รับเข้า-เบิก'!I:I,"รับเข้า"),out,SUMIFS('รับเข้า-เบิก'!H:H,'รับเข้า-เบิก'!G:G,sku,'รับเข้า-เบิก'!I:I,"เบิกออก"),IF(in-out=0,"",in-out))))} -> #REF! | H2: {=MAP(ตาราง1_2[SKU],LAMBDA(sku,SUMIFS('รับเข้า-เบิก'!H:H,'รับเข้า-เบิก'!G:G,sku,'รับเข้า-เบิก'!I:I,"รับเข้า")))} -> 0
A3: STAINLESS STEEL BAR-สแตนเลส-แป๊ปสแตนเลสกลม | B3: STAINLESS STEEL BAR | C3: สแตนเลส | D3: แป๊ปสแตนเลสกลม | E3: 430 | F3: https://drive.google.com/file/d/1f9LDjFr0kE-JpOrBRHx5K8bvBqCzR_lz/view?usp=drive_link | H3: 0
A4: บานพับ Shower VVP_SW303-สแตนเลส | B4: บานพับ Shower VVP_SW303 | C4: สแตนเลส | E4: 750 | F4: https://drive.google.com/file/d/179_ic3tBj9T4rt60oL0qAf3sgYM6XJa5/view?usp=drive_link | G4: 6 | H4: 6
A5: บานพับ Shower VVP_SW3049 (90 ํ)-สแตนเลส | B5: บานพับ Shower VVP_SW3049 (90 ํ) | C5: สแตนเลส | E5: 1450 | F5: https://drive.google.com/file/d/1zcRe5qoyo7DsctL7G5B4eEUcpIDRzG7t/view?usp=drive_link | G5: 6 | H5: 6
A6: บานพับ Shower VVP_SW3041 (135 ํ)-สแตนเลส | B6: บานพับ Shower VVP_SW3041 (135 ํ) | C6: สแตนเลส | E6: 1450 | F6: https://drive.google.com/file/d/1cie-F3YvmhMyeu35k7CkcFYknVdt73hD/view?usp=drive_link | G6: 2 | H6: 2
A7: บานพับ Shower VVP_SW304 (180 ํ)-สแตนเลส | B7: บานพับ Shower VVP_SW304 (180 ํ) | C7: สแตนเลส | E7: 1450 | F7: https://drive.google.com/file/d/12gJnGoI1OJBSf2DUI7DCgx95PPR5ZVe-/view?usp=drive_link | G7: 6 | H7: 6
A8: ชุดอุปกรณ์บานเลื่อนห้องน้ำ Shower Room-สแตนเลส | B8: ชุดอุปกรณ์บานเลื่อนห้องน้ำ Shower Room | C8: สแตนเลส | E8: 3500 | F8: https://drive.google.com/file/d/1CP0SEI1nZrIqu8U2mTgA7aLlIJKiA_HS/view?usp=drive_link | H8: 0
A9: ตัวหนีบกระจก shower VVP_GC506-สแตนเลส | B9: ตัวหนีบกระจก shower VVP_GC506 | C9: สแตนเลส | E9: 175 | F9: https://drive.google.com/file/d/1rVhOBJtk39nfGt1Aho6GwF-jqLP15tjY/view?usp=drive_link | G9: 6 | H9: 6
A10: ตัวยึดร้อยผ่านแป๊ปสแตนเลสกลม VVP_SB900-สแตนเลส | B10: ตัวยึดร้อยผ่านแป๊ปสแตนเลสกลม VVP_SB900 | C10: สแตนเลส | E10: 288 | F10: https://drive.google.com/file/d/1asdMGHOpEWk6YPdQz7a8PPH_2qx7UhwO/view?usp=drive_link | G10: 21 | H10: 21
A11: ตัวยึดกระจกห้องน้ำกันแกว่งกลม VVP_SB902-สแตนเลส | B11: ตัวยึดกระจกห้องน้ำกันแกว่งกลม VVP_SB902 | C11: สแตนเลส | E11: 288 | F11: https://drive.google.com/file/d/1-8sa7LWjZYvYdfio52wWpJjMibJXsUWr/view?usp=drive_link | G11: 25 | H11: 25
A12: ตัวยึดร้อยผ่านแป๊ปสแตนเลสกลม VVP_SBF906-สแตนเลส-ข้องอปรับได้ | B12: ตัวยึดร้อยผ่านแป๊ปสแตนเลสกลม VVP_SBF906 | C12: สแตนเลส | D12: ข้องอปรับได้ | E12: 378 | F12: https://drive.google.com/file/d/13-gR4AOYZ_rK4aJE3Fad5R-J1gfy6OmT/view?usp=drive_link | H12: 5
A13: ตัวยึดร้อยผ่านแป๊ปสแตนเลสเหลี่ยม VVP_SBQ800-สแตนเลส | B13: ตัวยึดร้อยผ่านแป๊ปสแตนเลสเหลี่ยม VVP_SBQ800 | C13: สแตนเลส | E13: 450 | F13: https://drive.google.com/file/d/1vHOxAqyjZmIKUv5ML6lMnC6dhY-LLKlM/view?usp=drive_link | H13: 9
A14: ตัวยึดกระจกห้องน้ำกันแกว่งเหลี่ยม VVP_SBQ802-สแตนเลส | B14: ตัวยึดกระจกห้องน้ำกันแกว่งเหลี่ยม VVP_SBQ802 | C14: สแตนเลส | E14: 468 | F14: https://drive.google.com/file/d/1JkPJBqFqjhV9DF2HNH69Ixh3w17RqlEj/view?usp=drive_link | G14: 3 | H14: 3
A15: ตัวยึดร้อยผ่านแป๊ปสแตนเลสเหลี่ยม VVP_SBQ806-สแตนเลส-ข้องอปรับได้ | B15: ตัวยึดร้อยผ่านแป๊ปสแตนเลสเหลี่ยม VVP_SBQ806 | C15: สแตนเลส | D15: ข้องอปรับได้ | E15: 585 | F15: https://drive.google.com/file/d/1q4KrE1fMzGoSdTKE_rULuYSR9BQTEhCF/view?usp=drive_link | H15: 0
A16: ตัวหนีบกระจกล่าง VVP_ FT10 -สแตนเลส-5.5X17X3.5 cm. | B16: ตัวหนีบกระจกล่าง VVP_ FT10 | C16: สแตนเลส | D16: 5.5X17X3.5 cm. | E16: 505 | F16: https://drive.google.com/file/d/1HsoF6GcgQ96nI5LUH6gUo845IJwpHtxf/view?usp=drive_link | H16: 0
A17: ตัวหนีบกระจกบน VVP_ FT20-สแตนเลส-5.5X17X3.5 cm. | B17: ตัวหนีบกระจกบน VVP_ FT20 | C17: สแตนเลส | D17: 5.5X17X3.5 cm. | E17: 505 | F17: https://drive.google.com/file/d/1VUtnfjeVQxRr2zGWXChcWNVo7ns7Mtdz/view?usp=drive_link | H17: 0
A18: ตัวหนีบกระจกบน VVP_ FT30-สแตนเลส-5.5X17X3.5 cm. | B18: ตัวหนีบกระจกบน VVP_ FT30 | C18: สแตนเลส | D18: 5.5X17X3.5 cm. | E18: 550 | F18: https://drive.google.com/file/d/1TAfZE-ck8oGq9ego9TxG2RQp32Ob0x0o/view?usp=drive_link | H18: 0
A19: กุญแจล็อคประตูกับพื้น VVP_ FT50-สแตนเลส-7.2X17.3X8.2 cm. | B19: กุญแจล็อคประตูกับพื้น VVP_ FT50 | C19: สแตนเลส | D19: 7.2X17.3X8.2 cm. | E19: 1255 | F19: https://drive.google.com/file/d/1aweHuGJKBBI-ITDxY7XznOlbd1DRHkyC/view?usp=drive_link | H19: 0
A20: กุญแจล็อคประตูกับพื้น VVP_ FL50-สแตนเลส-7.2X17.3X8.2 cm. | B20: กุญแจล็อคประตูกับพื้น VVP_ FL50 | C20: สแตนเลส | D20: 7.2X17.3X8.2 cm. | E20: 1255 | F20: https://drive.google.com/file/d/1Xa31m8s8-VoyiieO33yoxHsfTsKTzpZi/view?usp=drive_link | H20: 0
A21: กุญแจล็อคล็อคกลางบาน VVP_ FL52-สแตนเลส-7.5X17X6 cm. | B21: กุญแจล็อคล็อคกลางบาน VVP_ FL52 | C21: สแตนเลส | D21: 7.5X17X6 cm. | E21: 1255 | F21: https://drive.google.com/file/d/1D6ivCfLG7Xjnetl45UYMTSMB-UaBdg87/view?usp=drive_link | H21: 0
A22: โช้คประตูบานสวิง Diamond-800mm | B22: โช้คประตูบานสวิง Diamond | D22: 800mm | E22: 1120 | F22: https://drive.google.com/file/d/1gqLMBoTN0FEvV4sUZuNFNObrdtc157OR/view?usp=drive_link | H22: 0
A23: โช้คประตูบานสวิง Diamond-1000mm | B23: โช้คประตูบานสวิง Diamond | D23: 1000mm | E23: 1120 | F23: https://drive.google.com/file/d/1gqLMBoTN0FEvV4sUZuNFNObrdtc157OR/view?usp=drive_link | H23: 0
A24: โช้คประตูบานสวิง Diamond-1200mm | B24: โช้คประตูบานสวิง Diamond | D24: 1200mm | E24: 1120 | F24: https://drive.google.com/file/d/1gqLMBoTN0FEvV4sUZuNFNObrdtc157OR/view?usp=drive_link | H24: 0
A25: โช้คประตูตั้งค้าง VVP_DC98 -สแตนเลส-27X8.5X8.5 cm. | B25: โช้คประตูตั้งค้าง VVP_DC98 | C25: สแตนเลส | D25: 27X8.5X8.5 cm. | E25: 775 | F25: https://drive.google.com/file/d/1v2V3uSiBIde3fo9U1Z1NA-v144MKSNoC/view?usp=drive_link | H25: 0
A26: โช้คประตูไม่ตั้งค้าง VVP_DC98-สแตนเลส-27X8.5X8.5 cm. | B26: โช้คประตูไม่ตั้งค้าง VVP_DC98 | C26: สแตนเลส | D26: 27X8.5X8.5 cm. | E26: 645 | F26: https://drive.google.com/file/d/1v2V3uSiBIde3fo9U1Z1NA-v144MKSNoC/view?usp=drive_link | H26: 0
A27: โช้คประตูตั้งค้าง VVP_DC98 -ดำ-27X8.5X8.5 cm. | B27: โช้คประตูตั้งค้าง VVP_DC98 | C27: ดำ | D27: 27X8.5X8.5 cm. | E27: 775 | F27: https://drive.google.com/file/d/1Og9EfRVllVvA3LN9IZ8AL613wI9cJRRn/view?usp=drive_link | H27: 0
A28: โช้คประตูไม่ตั้งค้าง VVP_DC98-ดำ-27X8.5X8.5 cm. | B28: โช้คประตูไม่ตั้งค้าง VVP_DC98 | C28: ดำ | D28: 27X8.5X8.5 cm. | E28: 645 | F28: https://drive.google.com/file/d/1Og9EfRVllVvA3LN9IZ8AL613wI9cJRRn/view?usp=drive_link | H28: 0
A29: โช้คประตูตั้งค้าง VVP_DC100-สแตนเลส-31X10X9.5 cm. | B29: โช้คประตูตั้งค้าง VVP_DC100 | C29: สแตนเลส | D29: 31X10X9.5 cm. | E29: 1115 | F29: https://drive.google.com/file/d/1v2V3uSiBIde3fo9U1Z1NA-v144MKSNoC/view?usp=drive_link | H29: 0
A30: โช้คประตูไม่ตั้งค้าง VVP_DC100-สแตนเลส-31X10X9.5 cm. | B30: โช้คประตูไม่ตั้งค้าง VVP_DC100 | C30: สแตนเลส | D30: 31X10X9.5 cm. | E30: 1030 | F30: https://drive.google.com/file/d/1v2V3uSiBIde3fo9U1Z1NA-v144MKSNoC/view?usp=drive_link | H30: 0
A31: โช้คประตูตั้งค้าง VVP_DC100-ดำ-31X10X9.5 cm. | B31: โช้คประตูตั้งค้าง VVP_DC100 | C31: ดำ | D31: 31X10X9.5 cm. | E31: 1115 | F31: https://drive.google.com/file/d/1Og9EfRVllVvA3LN9IZ8AL613wI9cJRRn/view?usp=drive_link | H31: 0
A32: โช้คประตูไม่ตั้งค้าง VVP_DC100-ดำ-31X10X9.5 cm. | B32: โช้คประตูไม่ตั้งค้าง VVP_DC100 | C32: ดำ | D32: 31X10X9.5 cm. | E32: 1030 | F32: https://drive.google.com/file/d/1Og9EfRVllVvA3LN9IZ8AL613wI9cJRRn/view?usp=drive_link | H32: 0
A33: กันชนประตูแม่เหล็กแท่ง SOLO-สแตนเลส | B33: กันชนประตูแม่เหล็กแท่ง SOLO | C33: สแตนเลส | E33: 169 | F33: https://drive.google.com/file/d/1GBa2YgVXlGOd-7hO6GBV7AiULy8xvl-m/view?usp=drive_link | H33: 0
A34: กันชนประตูโดมติดพื้น solex-สแตนเลส | B34: กันชนประตูโดมติดพื้น solex | C34: สแตนเลส | E34: 115 | F34: https://drive.google.com/file/d/14NFWgK4c5mjh3_c0RlLanooN3iRzpM1e/view?usp=drive_link | H34: 0
A35: กันชนประตูแม่เหล็กติดพื้น-สแตนเลส | B35: กันชนประตูแม่เหล็กติดพื้น | C35: สแตนเลส | E35: 90 | F35: https://drive.google.com/file/d/1F8rYuemhlSYEMuYxhfVNxfowuheyOcq1/view?usp=drive_link | H35: 0
A36: กันชนประตูแม่เหล็กติดพื้น-ดำ | B36: กันชนประตูแม่เหล็กติดพื้น | C36: ดำ | E36: 90 | F36: https://drive.google.com/file/d/1HbAtdXWKvM_MVt0_1hD_1ViVSvldSQOM/view?usp=drive_link | H36: 0
A37: ยางกันชนเหลี่ยม-อบขาว | B37: ยางกันชนเหลี่ยม | C37: อบขาว | E37: 3 | F37: https://drive.google.com/file/d/1ouxNB50MyvHVo7pMGVlYj36BmEFSDr8D/view?usp=drive_link | H37: 0
A38: ยางกันชนเหลี่ยม-ดำ | B38: ยางกันชนเหลี่ยม | C38: ดำ | E38: 3 | F38: https://drive.google.com/file/d/15rpGty_WFB58dv-4jIoTRB5NYAts9BUg/view?usp=drive_link | H38: 0
A39: ยางกันชนกลมเล็ก-ดำ | B39: ยางกันชนกลมเล็ก | C39: ดำ | E39: 1.5 | F39: https://drive.google.com/file/d/17-GsJNdO5HsU1VRnag2InV8z6-UpXSQo/view?usp=drive_link | H39: 0
A40: ล็อคกลางบานเลื่อน ( ล็อคก้นหอย )_ L-อบขาว | B40: ล็อคกลางบานเลื่อน ( ล็อคก้นหอย )_ L | C40: อบขาว | E40: 140 | F40: https://drive.google.com/file/d/1gmGd6H2JPr2d3r5X-Sr_DTBGgoHr6VCS/view?usp=drive_link | H40: 0
A41: ล็อคกลางบานเลื่อน ( ล็อคก้นหอย )_ R-อบขาว | B41: ล็อคกลางบานเลื่อน ( ล็อคก้นหอย )_ R | C41: อบขาว | E41: 140 | F41: https://drive.google.com/file/d/1gmGd6H2JPr2d3r5X-Sr_DTBGgoHr6VCS/view?usp=drive_link | H41: 0
A42: ล็อคกลางบานเลื่อน ( ล็อคก้นหอย )_ L-ดำ | B42: ล็อคกลางบานเลื่อน ( ล็อคก้นหอย )_ L | C42: ดำ | E42: 140 | F42: https://drive.google.com/file/d/110U2ii_ChmFLCSJ2icCd4ROqhFCtJvOS/view?usp=drive_link | H42: 0
A43: ล็อคกลางบานเลื่อน ( ล็อคก้นหอย )_ R-ดำ | B43: ล็อคกลางบานเลื่อน ( ล็อคก้นหอย )_ R | C43: ดำ | E43: 140 | F43: https://drive.google.com/file/d/110U2ii_ChmFLCSJ2icCd4ROqhFCtJvOS/view?usp=drive_link | H43: 0
A44: พลาสติกปิดหัวน็อต-อบขาว | B44: พลาสติกปิดหัวน็อต | C44: อบขาว | E44: 0.4 | F44: https://drive.google.com/file/d/1TB1xqXNNscvp-76oVDiH9GetPZDDtQ1V/view?usp=drive_link | H44: 0
A45: พลาสติกปิดหัวน็อต-ดำ | B45: พลาสติกปิดหัวน็อต | C45: ดำ | E45: 0.4 | F45: https://drive.google.com/file/d/1EEg6pEuOzitPqTOZNyJbjFLe7B1seTK6/view?usp=drive_link | H45: 0
A46: ยางอุด 3 หุน-อบขาว | B46: ยางอุด 3 หุน | C46: อบขาว | E46: 0.4 | F46: https://drive.google.com/file/d/1r3d6fGihyaXAzzcdpUmBxj4ZlnU6wgYj/view?usp=drive_link | G46: 1200 | H46: 0
A47: ยางอุด 3 หุน-ดำ | B47: ยางอุด 3 หุน | C47: ดำ | E47: 0.4 | F47: https://drive.google.com/file/d/1talgy-KFpnvgqYnLnX_kLwQEMyMw1JyG/view?usp=drive_link | G47: 2970 | H47: 0
A48: พลาสติกฝาครอบน็อต หกเหลี่ยม-ดำ | B48: พลาสติกฝาครอบน็อต หกเหลี่ยม | C48: ดำ | E48: 6.6 | F48: https://drive.google.com/file/d/1lpQ7hnkpjJrBAF7N3vUtJ13NK5cgCgHV/view?usp=drive_link | H48: 0
A49: ตลับกุญแจ CDQ20-สแตนเลส | B49: ตลับกุญแจ CDQ20 | C49: สแตนเลส | E49: 110 | F49: https://drive.google.com/file/d/1GuyqrDXJPgkXWGgRrATDdrzDRyZgaAIU/view?usp=drive_link | H49: 0
A50: ตลับกุญแจ CDQ20-ดำ | B50: ตลับกุญแจ CDQ20 | C50: ดำ | E50: 110 | F50: https://drive.google.com/file/d/1ECcFqUcOQocPSdWe7AfxNdnyqShKhooo/view?usp=drive_link | H50: 0
A51: ตลับกุญแจ Colt-สแตนเลส-35x85 | B51: ตลับกุญแจ Colt | C51: สแตนเลส | D51: 35x85 | E51: 418 | F51: https://drive.google.com/file/d/1vhWXW8ecdpi4YWGHNIZ5RfQFhtLc_efk/view?usp=drive_link | H51: 0
A52: ตลับกุญแจ Hyda HD851 -สแตนเลส | B52: ตลับกุญแจ Hyda HD851 | C52: สแตนเลส | E52: 285 | F52: https://drive.google.com/file/d/1vhWXW8ecdpi4YWGHNIZ5RfQFhtLc_efk/view?usp=drive_link | H52: 0
A53: ไส้กุญแจ Colt-สแตนเลส-35x35 | B53: ไส้กุญแจ Colt | C53: สแตนเลส | D53: 35x35 | E53: 429 | F53: https://drive.google.com/file/d/1260UITA5T-RGT8KSw95EfxTxBwvQjt2_/view?usp=drive_link | G53: 2 | H53: 6
A54: ไส้กุญแจ Colt-สแตนเลส-40x40 | B54: ไส้กุญแจ Colt | C54: สแตนเลส | D54: 40x40 | E54: 480 | F54: https://drive.google.com/file/d/1260UITA5T-RGT8KSw95EfxTxBwvQjt2_/view?usp=drive_link | G54: 3 | H54: 6
A55: บานพับบานเปิด PBM-อบขาว | B55: บานพับบานเปิด PBM | C55: อบขาว | E55: 65 | F55: https://drive.google.com/file/d/1hvEjgxdq8Ndt6j-I0AdgS1Bl128qJKAz/view?usp=drive_link | G55: 45 | H55: 0
A56: บานพับบานเปิด PBM-ดำ | B56: บานพับบานเปิด PBM | C56: ดำ | E56: 65 | F56: https://drive.google.com/file/d/1hvEjgxdq8Ndt6j-I0AdgS1Bl128qJKAz/view?usp=drive_link | G56: 33 | H56: 0
A57: บานพับบานเปิด แบบหลบติ่ง PBM-อบขาว | B57: บานพับบานเปิด แบบหลบติ่ง PBM | C57: อบขาว | F57: https://drive.google.com/file/d/1IxVRJDRaJ-9T5lN7u7i5m2G71UQ3CoMu/view?usp=drive_link | G57: 32 | H57: 0
A58: บานพับบานเปิด แบบหลบติ่ง PBM-ดำ | B58: บานพับบานเปิด แบบหลบติ่ง PBM | C58: ดำ | F58: https://drive.google.com/file/d/1IxVRJDRaJ-9T5lN7u7i5m2G71UQ3CoMu/view?usp=drive_link | G58: 8 | H58: 0
A59: แป้นรับล็อคบานเลื่อน HD1104-เงิน | B59: แป้นรับล็อคบานเลื่อน HD1104 | C59: เงิน | E59: 30 | F59: https://drive.google.com/file/d/1Ov_RiVReaFszYxzvHKePfkQIrutzEu_6/view?usp=drive_link | G59: 652 | H59: 0
A60: แป้นรับล็อคบานเลื่อน HD1105-ดำ | B60: แป้นรับล็อคบานเลื่อน HD1105 | C60: ดำ | E60: 30 | F60: https://drive.google.com/file/d/1FDlA7Ca7mIrQB-UE_g6mafMSFvUUu0Uf/view?usp=drive_link | G60: 420 | H60: 0
A61: แป้นรับล็อคบานเลื่อน HD1125-เงิน | B61: แป้นรับล็อคบานเลื่อน HD1125 | C61: เงิน | E61: 9 | F61: https://drive.google.com/file/d/1MpfmRYB3978L427AshJHXYh9Ev0BlMa2/view?usp=drive_link | G61: 850 | H61: 0
A62: ก้าน Connection Rod HD-1176A-ดำ | B62: ก้าน Connection Rod HD-1176A | C62: ดำ | E62: 18 | F62: https://drive.google.com/file/d/1vHGD94XoMobY0A3bQ6WKbWQc0uKPO9Fv/view?usp=drive_link | G62: 545 | H62: 0
A63: ก้าน Connection Rod HD-1176B-ดำ | B63: ก้าน Connection Rod HD-1176B | C63: ดำ | E63: 18 | F63: https://drive.google.com/file/d/1vHGD94XoMobY0A3bQ6WKbWQc0uKPO9Fv/view?usp=drive_link | G63: 140 | H63: 0
A64: มุมสแตนเลส | B64: มุมสแตนเลส | E64: 2 | F64: https://drive.google.com/file/d/1fsBqttdjVGZNDNE8KMpY34GICjmO28Vb/view?usp=drive_link | G64: 1272 | H64: 1600
A65: ตัวรับล็อค | B65: ตัวรับล็อค | F65: https://drive.google.com/file/d/1v17TfW7ri_89b9aNOXNn1JBZx9qSfYXY/view?usp=drive_link | H65: 0
A66: มุมอลูมิเนียมสปิก๊อต Hyda 214-Hyda 214 | B66: มุมอลูมิเนียมสปิก๊อต Hyda 214 | D66: Hyda 214 | E66: 18 | F66: https://drive.google.com/file/d/1Dr2ERs1VrODTwTFwl1ihS3AwV4eeme6-/view?usp=drive_link | G66: 842 | H66: 0
A67: แป้นรับล็อค | B67: แป้นรับล็อค | E67: 15 | F67: https://drive.google.com/file/d/12pYSCP8v134Z375CCK7U8BoTpR8crlUW/view?usp=drive_link | H67: 0
A68: แป้นรับล็อค T | B68: แป้นรับล็อค T | F68: https://drive.google.com/file/d/1gf3-e1T6vQwWmhjNnRsHvQRfT_cgBEFw/view?usp=drive_link | H68: 0
A69: ฝาปิดรูน้ำเข้า ฝาปิดรูน้ำออก-ดำ | B69: ฝาปิดรูน้ำเข้า ฝาปิดรูน้ำออก | C69: ดำ | E69: 8 | F69: https://drive.google.com/file/d/11LRifEmqwdYCINPds0dJ_2Vsc0fZOHgB/view?usp=drive_link | H69: 0
A70: ฝาปิดรูน้ำเข้า ฝาปิดรูน้ำออก-ดำ | B70: ฝาปิดรูน้ำเข้า ฝาปิดรูน้ำออก | C70: ดำ | E70: 4 | F70: https://drive.google.com/file/d/1P3je0YCR0pCXV-4uUoim82u3gS-nb0IM/view?usp=drive_link | H70: 0
A71: ปุ่มเสริมก้านมิเนียมบานเปิด 6.5 มม. | B71: ปุ่มเสริมก้านมิเนียมบานเปิด 6.5 มม. | E71: 17 | F71: https://drive.google.com/file/d/1St4GWOpnB1NUm1O4MOHX6b7r3u92CT3w/view?usp=drive_link | H71: 123
A72: ตัวรับบาน KIN LONG | B72: ตัวรับบาน KIN LONG | E72: 23 | F72: https://drive.google.com/file/d/16FymDuyG_-TfiU2N65P2Lj4vKVfj3Qjw/view?usp=drive_link | H72: 0
A73: บานพับไฮด้า H-D631-ดำ | B73: บานพับไฮด้า H-D631 | C73: ดำ | F73: https://drive.google.com/file/d/1OusYxJPlYwK1vplvqmsDDofjT2PQ0k4l/view?usp=drive_link | G73: 15 | H73: 0
A74: บานพับไฮด้า H-D631-อบขาว | B74: บานพับไฮด้า H-D631 | C74: อบขาว | F74: https://drive.google.com/file/d/1EXMMIuGkS-zfvGf5dt6G_DMEfeBaOwgY/view?usp=drive_link | G74: 13 | H74: 0
A75: บานพับบานเปิดยูโร HD-631-ดำ | B75: บานพับบานเปิดยูโร HD-631 | C75: ดำ | E75: 85 | F75: https://drive.google.com/file/d/1rocsCbPK31AESmXu7X8JUER9AHL-PG30/view?usp=drive_link | H75: 0
A76: บานพับบานเปิดยูโร HD-631-อบขาว | B76: บานพับบานเปิดยูโร HD-631 | C76: อบขาว | E76: 85 | F76: https://drive.google.com/file/d/1rocsCbPK31AESmXu7X8JUER9AHL-PG30/view?usp=drive_link | H76: 0
A77: ไส้กุญแจ Colt-สแตนเลส-50x50 | B77: ไส้กุญแจ Colt | C77: สแตนเลส | D77: 50x50 | E77: 493 | F77: https://drive.google.com/file/d/1260UITA5T-RGT8KSw95EfxTxBwvQjt2_/view?usp=drive_link | H77: 0
A78: ล้อสปริงกันแกว่ง มีน็อต | B78: ล้อสปริงกันแกว่ง มีน็อต | E78: 30 | F78: https://drive.google.com/file/d/1gA6NydPOXYF6h-hfpxYde4xHNaVnr8N5/view?usp=drive_link | H78: 0
A79: โช้คฝังพื้น FC34- 20NM | B79: โช้คฝังพื้น FC34 | D79: 20NM | E79: 2000 | F79: https://drive.google.com/file/d/1AKKQzjv-GXX1xlLAtaB34HBxhpCkLbpe/view?usp=drive_link | H79: 0
A80: โช้คฝังพื้น FC34- 25NM | B80: โช้คฝังพื้น FC34 | D80: 25NM | E80: 1500 | F80: https://drive.google.com/file/d/1AKKQzjv-GXX1xlLAtaB34HBxhpCkLbpe/view?usp=drive_link | H80: 0
A81: กันลมสแตนเลส-12KC | B81: กันลมสแตนเลส | D81: 12KC | E81: 125 | F81: https://drive.google.com/file/d/1sQyKkGIg19nsv5adHBqTNFoMZiPw6dUR/view?usp=drive_link | H81: 0
A82: ไส้กุญแจ CH-ดำ-35x45 | B82: ไส้กุญแจ CH | C82: ดำ | D82: 35x45 | E82: 185 | F82: https://drive.google.com/file/d/1r6Ye4SvjM3SwyorxKxIL_G3UukKMF_ud/view?usp=drive_link | G82: 43 | H82: 0
A83: ไส้กุญแจ CH-สแตนเลส-35x45 | B83: ไส้กุญแจ CH | C83: สแตนเลส | D83: 35x45 | E83: 175 | F83: https://drive.google.com/file/d/1iwh0mRK3mpQDU0rHMM7ViTOMqIMIr9G3/view?usp=drive_link | G83: 58 | H83: 0
A84: ไส้กุญแจ CH-สแตนเลส-45x35 | B84: ไส้กุญแจ CH | C84: สแตนเลส | D84: 45x35 | E84: 175 | F84: https://drive.google.com/file/d/1iwh0mRK3mpQDU0rHMM7ViTOMqIMIr9G3/view?usp=drive_link | G84: 2 | H84: 0
A85: ยางกันชนกลมเล็ก-ใส | B85: ยางกันชนกลมเล็ก | C85: ใส | E85: 1.8 | F85: https://drive.google.com/file/d/1_Wa5oheobUErrhKeLUbVcCk2j8zuadzW/view?usp=drive_link | G85: 6200 | H85: 6200
A86: PU-791 | B86: PU | D86: 791 | F86: https://drive.google.com/file/d/1_6Op59D2AZik5QmGwwelXh4dr4SVw9YM/view?usp=drive_link | G86: 355 | H86: 0
A87: PU-ขาว | B87: PU | C87: ขาว | F87: https://drive.google.com/file/d/1BWADJ-m2cJphQq-4IrUZPjSuXRzNWA-D/view?usp=drive_link | G87: 225 | H87: 0
A88: ซิลิโคน-ใส | B88: ซิลิโคน | C88: ใส | F88: https://drive.google.com/file/d/1Tw5QlP8BdCBv53wfP6nTtzCWEs8Fttt-/view?usp=drive_link | G88: 66 | H88: 0
A89: ซิลิโคน ไร้กรด-ขาว | B89: ซิลิโคน ไร้กรด | C89: ขาว | F89: https://drive.google.com/file/d/1uz-pwdbif0QaCl7t3BB42q_x2H-8yXuD/view?usp=drive_link | G89: 59 | H89: 0
A90: ซิลิโคน 1601-ลายไม้มะฮอกนี | B90: ซิลิโคน 1601 | C90: ลายไม้มะฮอกนี | F90: https://drive.google.com/file/d/1TdYICfM7WsEp-s7TI78RaOhLguKEMkrY/view?usp=drive_link | G90: 125 | H90: 20
A91: ซิลิโคน 1602-ลายไม้สักทอง | B91: ซิลิโคน 1602 | C91: ลายไม้สักทอง | F91: https://drive.google.com/file/d/1Jrx8LU0tmCAc6tPwiaLG9Ck5o9hCdZeV/view?usp=drive_link | G91: 120 | H91: 15
A92: ซิลิโคน 1301 | B92: ซิลิโคน 1301 | F92: https://drive.google.com/file/d/1BalCF9rEFRiN-lM9Gh0Lg6-OLRkotTQN/view?usp=drive_link | G92: 59 | H92: 12
A93: ซิลิโคน-ลายไม้หลอดฟ้า | B93: ซิลิโคน | C93: ลายไม้หลอดฟ้า | F93: https://drive.google.com/file/d/11Tv4_tWWAIMWtVU5JIxl8exbyV8qXhHt/view?usp=drive_link | G93: 15 | H93: 0
A94: สเปรย์โฟม | B94: สเปรย์โฟม | F94: https://drive.google.com/file/d/1QObxWwKGcdvt6_EEQNNoMZKXna-CyhJs/view?usp=drive_link | G94: 36 | H94: 0
A95: แด้บหลอดแดง | B95: แด้บหลอดแดง | F95: https://drive.google.com/file/d/1fRNGOmt7k6TwxGJjhQ3wvr3gllZmyjNN/view?usp=drive_link | G95: 34 | H95: 0
A96: PU-สีพิเศษ | B96: PU | C96: สีพิเศษ | F96: https://drive.google.com/file/d/1wS2gkzi4LhwepZJPRcQMadlwzEO3S7U9/view?usp=drive_link | G96: 9 | H96: 0
A97: PU-สีทอง | B97: PU | C97: สีทอง | F97: https://drive.google.com/file/d/1xN-9-mGXi4yAsUEUURA7QHYtBE03ntm7/view?usp=drive_link | G97: 20 | H97: 0
A98: นํ้ายาเช็ดคราบซิลิโคน | B98: นํ้ายาเช็ดคราบซิลิโคน | F98: https://drive.google.com/file/d/1h6AERyQ0YEvaQo_S9s8SQCj7neip59da/view?usp=drive_link | G98: 49 | H98: 0
A99: น้ำยาเช็ดเทปกาว | B99: น้ำยาเช็ดเทปกาว | F99: https://drive.google.com/file/d/1rjj4Ftith0_RliVe6aqrMGOO-Pb1CWZj/view?usp=drive_link | G99: 40 | H99: 0
A100: นํ้ํ้าเช็ดกระจก | B100: นํ้ํ้าเช็ดกระจก | F100: https://drive.google.com/file/d/1TA0UcW9Mu29x4C-o08QN7i7Usp-cwrxB/view?usp=drive_link | G100: 42 | H100: 0
...

Sheet ยาง สักหลาด
A1: SKU | B1: รายการสินค้า | C1: ขนาด | D1: ราคา | E1: รูป | F1: ยอดคงเหลือ | G1: ยอดเบิกรวม
A2: {=BYROW(ตาราง1_3[[รายการสินค้า]:[ขนาด]], LAMBDA(row, TEXTJOIN("-", TRUE, row)))} -> ยาง 044-40 | B2: ยาง 044 | C2: 40 | D2: 7.5 | E2: https://drive.google.com/file/d/1INtP8GlPhcVtEnMM69njHrcpBQZCPOMI/view?usp=drive_link | F2: 9 | G2: {=MAP(ตาราง1_3[SKU],LAMBDA(sku,SUMIFS('รับเข้า-เบิก'!H:H,'รับเข้า-เบิก'!G:G,sku,'รับเข้า-เบิก'!I:I,"รับเข้า")))} -> 0
A3: ยาง 045 | B3: ยาง 045 | D3: 10.5 | E3: https://drive.google.com/file/d/1W-3wrjOk-j633M1kbAOOAdcIw0q6zk-Q/view?usp=drive_link | F3: 11 | G3: 0
A4: ยางรองกระจก EPK-737 | B4: ยางรองกระจก EPK-737 | D4: 8.5 | E4: https://drive.google.com/file/d/1n4Rsw9Xi0TWL3WYjPp5M5L5-qyB_k-en/view?usp=drive_link | F4: 7 | G4: 0
A5: ยาง epdm sponge EFK77-4.7 | B5: ยาง epdm sponge EFK77-4.7 | D5: 5.5 | E5: https://drive.google.com/file/d/18K6afXdDh21gnHMnXiEdhBgUssJSgUq4/view?usp=drive_link | F5: 20 | G5: 0
A6: ยาง epdm sponge แบน EFK9-4 | B6: ยาง epdm sponge แบน EFK9-4 | D6: 5 | E6: https://drive.google.com/file/d/18K6afXdDh21gnHMnXiEdhBgUssJSgUq4/view?usp=drive_link | F6: 5 | G6: 0
A7: ยางรองหลังคา EPJ-230 | B7: ยางรองหลังคา EPJ-230 | E7: https://drive.google.com/file/d/1KMBkINbZcXgl8pqMkS1gLZsyyDE3hWvz/view?usp=drive_link | F7: 10 | G7: 0
A8: ยางชินโคไลท์ EPT-409-5.8 | B8: ยางชินโคไลท์ EPT-409-5.8 | E8: https://drive.google.com/file/d/1-KoAeIUiHui-cv7C3iGK1pQ8xjte27Ry/view?usp=drive_link | F8: 18 | G8: 0
A9: สักหลาดจีน 5*3 | B9: สักหลาดจีน 5*3 | D9: 1.5 | E9: https://drive.google.com/file/d/1VJgdPdJT7cVKdS06x7Z4GmpfhiL1Lhyr/view?usp=drive_link | G9: 0
A10: สักหลาดจีน 5*4 | B10: สักหลาดจีน 5*4 | D10: 1.5 | E10: https://drive.google.com/file/d/1VJgdPdJT7cVKdS06x7Z4GmpfhiL1Lhyr/view?usp=drive_link | G10: 0
A11: สักหลาดจีน 3.5*4.8 | B11: สักหลาดจีน 3.5*4.8 | D11: 1.5 | E11: https://drive.google.com/file/d/1VJgdPdJT7cVKdS06x7Z4GmpfhiL1Lhyr/view?usp=drive_link | G11: 0
A12: สักหลาดแถบกาว Hyda | B12: สักหลาดแถบกาว Hyda | D12: 10.5 | E12: https://drive.google.com/file/d/1gcvmGbvoWB6VRGktNYNCAaVjTX7F4nd7/view?usp=drive_link | G12: 0
A13: ยางกันน้ำ Shower VVP_PS11 | B13: ยางกันน้ำ Shower VVP_PS11 | E13: https://drive.google.com/file/d/1PQkIKUhKauZmj0VNK3LXbfC7qw1GZi-S/view?usp=drive_link | G13: 0
A14: ยางกันน้ำ Shower VVP_PS12A | B14: ยางกันน้ำ Shower VVP_PS12A | E14: https://drive.google.com/file/d/1AHM5YbMF5E2GiqjG7fIrZ9l4vCgn3qTq/view?usp=drive_link | G14: 0
A15: ยางกันน้ำ Shower VVP_PS14 | B15: ยางกันน้ำ Shower VVP_PS14 | E15: https://drive.google.com/file/d/1Ifo3qmXa24gWSF0DaVPYjleKuQgEL-zj/view?usp=drive_link | G15: 0
A16: ยางอัดตัวเล็ก 044 | B16: ยางอัดตัวเล็ก 044 | E16: https://drive.google.com/file/d/1INtP8GlPhcVtEnMM69njHrcpBQZCPOMI/view?usp=drive_link | G16: 0
A17: ยางอัดตัวใหญ่ 044 | B17: ยางอัดตัวใหญ่ 044 | E17: https://drive.google.com/file/d/1INtP8GlPhcVtEnMM69njHrcpBQZCPOMI/view?usp=drive_link | G17: 0
A18: ยางอัด-5 | B18: ยางอัด | C18: 5 | E18: https://drive.google.com/file/d/1T0btq0YadIEg6cf25v-qKResBXRxoo2x/view?usp=drive_link | F18: 7 | G18: 0
A19: ยางอัด-6 | B19: ยางอัด | C19: 6 | E19: https://drive.google.com/file/d/17LqeJqbwtfMRi-bmJzbw1luHLjkUz7Oq/view?usp=drive_link | F19: 6 | G19: 0
A20: ยางอัด-13 | B20: ยางอัด | C20: 13 | E20: https://drive.google.com/file/d/14I689Lnmyqrya-YjCqfpBndnaJUQdoLm/view?usp=drive_link | F20: 9 | G20: 0
A21: ยางอัด-15 | B21: ยางอัด | C21: 15 | E21: https://drive.google.com/file/d/1kn6FKRXfG19mLgKHF7YvT35kPy2U-Ket/view?usp=drive_link | F21: 7 | G21: 0
A22: ยางเดิน-4 | B22: ยางเดิน | C22: 4 | E22: https://drive.google.com/file/d/1cGe6rhgxKL9NxGkh0OFJ3_DHj_Wn6plN/view?usp=drive_link | F22: 4 | G22: 0
A23: ยางหุ้ม 6mm-1 | B23: ยางหุ้ม 6mm | C23: 1 | E23: https://drive.google.com/file/d/114AkNjl_OkFFTcx9yoEdR_pLT7In7EXJ/view?usp=drive_link | F23: 15 | G23: 0
A24: ยางหุ้ม 5mm-2 | B24: ยางหุ้ม 5mm | C24: 2 | E24: https://drive.google.com/file/d/1_Q1dOetT3K3AYQZnff-cKf3geIIJruTE/view?usp=drive_link | F24: 7 | G24: 0
A25: ยางบานเปิดตัวเตี้ย | B25: ยางบานเปิดตัวเตี้ย | E25: https://drive.google.com/file/d/18K6afXdDh21gnHMnXiEdhBgUssJSgUq4/view?usp=drive_link | G25: 0
A26: ยางแบนหลังคา | B26: ยางแบนหลังคา | E26: https://drive.google.com/file/d/1KMBkINbZcXgl8pqMkS1gLZsyyDE3hWvz/view?usp=drive_link | G26: 0
A27: ยางโพลีคาร์บอเนต | B27: ยางโพลีคาร์บอเนต | E27: https://drive.google.com/file/d/1vx1VsDBZ3oYrmTUtumr4gDMHTOvgXaRl/view?usp=drive_link | F27: 7 | G27: 0
A28: สักหลาดคุณจรูญ | B28: สักหลาดคุณจรูญ | D28: 1100 | E28: https://drive.google.com/file/d/1gcvmGbvoWB6VRGktNYNCAaVjTX7F4nd7/view?usp=drive_link | G28: 0
A29: สักหลาด สีดำ-5X3 | B29: สักหลาด สีดำ | C29: 5X3 | E29: https://drive.google.com/file/d/1c97g7BDEk6nHWVAaQ3uuehJ4D2yA4YPQ/view?usp=drive_link | F29: 104 | G29: 0
A30: สักหลาด สีดำ + สีเทา-5X4 | B30: สักหลาด สีดำ + สีเทา | C30: 5X4 | E30: https://drive.google.com/file/d/1EOxhCmbCO9No1p7MSG1fB7SVFUNftTJZ/view?usp=drive_link | F30: 60 | G30: 0
A31: สักหลาด สีเทา-5X5 | B31: สักหลาด สีเทา | C31: 5X5 | E31: https://drive.google.com/file/d/1q29ExkwQGSd39tXmpOejsFBXDw-UTniU/view?usp=drive_link | F31: 17 | G31: 0
A32: สักหลาด สีเทา-5X6 | B32: สักหลาด สีเทา | C32: 5X6 | E32: https://drive.google.com/file/d/1IkuczwtzmxiBF__BgZPkXZnt47fSPnpR/view?usp=drive_link | F32: 15 | G32: 0
A33: สักหลาด สีเทา-5X7 | B33: สักหลาด สีเทา | C33: 5X7 | E33: https://drive.google.com/file/d/1qA9MMiCtwGG5Ay2P3V8ZgKcNbK_KElF5/view?usp=drive_link | F33: 4 | G33: 0
A34: สักหลาด สีเทา-5X12 | B34: สักหลาด สีเทา | C34: 5X12 | E34: https://drive.google.com/file/d/10iYmud4Db1MnOxkhnZL5jkdyWy3aksKA/view?usp=drive_link | F34: 2 | G34: 0
A35: สักหลาด แบบกาว | B35: สักหลาด แบบกาว | E35: https://drive.google.com/file/d/1Vd3F4oJHVNER99LPnV1xd4koE7e-1t0h/view?usp=drive_link | F35: 1 | G35: 0
A36: สักหลาด บานเลื่อน สลิม จีน | B36: สักหลาด บานเลื่อน สลิม จีน | E36: https://drive.google.com/file/d/1ywls-6XArmlv9J2oFtRJkRCnF9PcvoDQ/view?usp=drive_link | F36: 16 | G36: 0
A37: กาว 2 หน้า 3M กันจิ้งจก | B37: กาว 2 หน้า 3M กันจิ้งจก | E37: https://drive.google.com/file/d/1_PabtCwQSwcjCvymcHx6DRqND3SpEFTL/view?usp=drive_link | F37: 30 | G37: 0
A38: ยางกันจิ้งจก | B38: ยางกันจิ้งจก | E38: https://drive.google.com/file/d/1FOzujPFAOmWaVzPGDMKMUh_etwhhWRHN/view?usp=drive_link | F38: 23 | G38: 0
A39: ยางบานเฟี้ยมตัวใหญ่ | B39: ยางบานเฟี้ยมตัวใหญ่ | E39: https://drive.google.com/file/d/1-mcLmIhq4536FpXrku048eL2NL9fpNYx/view?usp=drive_link | F39: 1 | G39: 0
A40: ยางบานเฟี้ยมตัวเล็ก | B40: ยางบานเฟี้ยมตัวเล็ก | E40: https://drive.google.com/file/d/1VqBcLvbkAiRjllNOY_JREsb0G0wUiol1/view?usp=drive_link | F40: 1 | G40: 0
G41: 0
G42: 0
G43: 0
G44: 0
G45: 0
G46: 0
G47: 0
G48: 0
G49: 0
G50: 0
G51: 0
G52: 0
... G102: 0

Sheet น็อต
A1: คอลัมน์ 1 | B1: รายการสินค้า | C1: ขนาด | D1: ราคา | E1: รูป | F1: ยอดคงเหลือ | G1: ยอดเบิกรวม | H1: น็อตเป็นโล
A2: =CONCATENATE(B2,"-",C2) -> LB หัวเอฟ สีรุ้ง ปลายสว่าน-#8*3/4"(19mm) | B2: LB หัวเอฟ สีรุ้ง ปลายสว่าน | C2: #8*3/4"(19mm) | D2: 5 | E2: https://drive.google.com/file/d/1qr7os9i4pcG-UvT9kx4NNsGVwYD5xphh/view?usp=drive_link | G2: {=MAP(ตาราง1_5[คอลัมน์ 1],LAMBDA(sku,SUMIFS('รับเข้า-เบิก'!H:H,'รับเข้า-เบิก'!G:G,sku,'รับเข้า-เบิก'!I:I,"รับเข้า")))} -> 0
A3: =CONCATENATE(B3,"-",C3) -> YJ ผนังเบา สีทอง ปลายแหลมไม่ผ่า-#6*3/4"(19mm) | B3: YJ ผนังเบา สีทอง ปลายแหลมไม่ผ่า | C3: #6*3/4"(19mm) | E3: https://drive.google.com/file/d/1MyUgPYoJzKANYQ94RoY63eMx521GyFrd/view?usp=drive_link | G3: 0
A4: =CONCATENATE(B4,"-",C4) -> FSD SUS410 ปลายสว่านF สแตนเลส-#8x25(1") | B4: FSD SUS410 ปลายสว่านF สแตนเลส | C4: #8x25(1") | E4: https://drive.google.com/file/d/10AOlOFveDvCLs62aaEWRJbnNK9e8_qwo/view?usp=drive_link | F4: 650 | G4: 0
A5: =CONCATENATE(B5,"-",C5) -> สกรูเกลียวปล่อย เตเปอร์-#8X1" | B5: สกรูเกลียวปล่อย เตเปอร์ | C5: #8X1" | E5: https://drive.google.com/file/d/1Tj2H9DMYUvr6GJUFmWUz1qGZX2PpFys9/view?usp=drive_link | G5: 0
A6: =CONCATENATE(B6,"-",C6) -> สกรูเกลียวปล่อย เตเปอร์-#8X1-1/2" | B6: สกรูเกลียวปล่อย เตเปอร์ | C6: #8X1-1/2" | E6: https://drive.google.com/file/d/1R7dZqrSu6wiDXDJMooXzTwqpm7I8jLkn/view?usp=drive_link | G6: 0
A7: =CONCATENATE(B7,"-",C7) -> สกรูเกลียวปล่อย เตเปอร์-#8X2" | B7: สกรูเกลียวปล่อย เตเปอร์ | C7: #8X2" | E7: https://drive.google.com/file/d/1R7dZqrSu6wiDXDJMooXzTwqpm7I8jLkn/view?usp=drive_link | G7: 0
A8: =CONCATENATE(B8,"-",C8) -> สกรูเกลียวปล่อย เตเปอร์-#8X3" | B8: สกรูเกลียวปล่อย เตเปอร์ | C8: #8X3" | E8: https://drive.google.com/file/d/1R7dZqrSu6wiDXDJMooXzTwqpm7I8jLkn/view?usp=drive_link | G8: 0
A9: =CONCATENATE(B9,"-",C9) -> Phillip Pan Self Tapping Screws - AB-#7X5/8" | B9: Phillip Pan Self Tapping Screws - AB | C9: #7X5/8" | E9: https://drive.google.com/file/d/1iP2PzWKk4G7gREn35nMLCSS5RaWMta0U/view?usp=drive_link | G9: 0
A10: =CONCATENATE(B10,"-",C10) -> DW07 สกรูไดร์วอลว์ ดำ-#6*1"(25mm) | B10: DW07 สกรูไดร์วอลว์ ดำ | C10: #6*1"(25mm) | E10: https://drive.google.com/file/d/11F5lHmFs5RF_DZ4r-4JkiNL8sNsH3v4x/view?usp=drive_link | G10: 0
A11: =CONCATENATE(B11,"-",C11) -> LB หัวเอฟ สีรุ้ง ปลายสว่าน-#8*3/4"(19mm) | B11: LB หัวเอฟ สีรุ้ง ปลายสว่าน | C11: #8*3/4"(19mm) | E11: https://drive.google.com/file/d/1qr7os9i4pcG-UvT9kx4NNsGVwYD5xphh/view?usp=drive_link | G11: 0
A12: =CONCATENATE(B12,"-",C12) -> Phillip Flat CSK Self Drilling Screws -#8x3.1/2" | B12: Phillip Flat CSK Self Drilling Screws | C12: #8x3.1/2" | E12: https://drive.google.com/file/d/1q2sTNW4iokohNGkeKUBXi0aYb2jFbo71/view?usp=drive_link | G12: 0
A13: =CONCATENATE(B13,"-",C13) -> Phillip Flat CSK Self Drilling Screws -#8x4" | B13: Phillip Flat CSK Self Drilling Screws | C13: #8x4" | E13: https://drive.google.com/file/d/1q2sTNW4iokohNGkeKUBXi0aYb2jFbo71/view?usp=drive_link | G13: 0
A14: =CONCATENATE(B14,"-",C14) -> Phillip Pan Self Tapping Screws - AB-#8x5/8" | B14: Phillip Pan Self Tapping Screws - AB | C14: #8x5/8" | E14: https://drive.google.com/file/d/1iP2PzWKk4G7gREn35nMLCSS5RaWMta0U/view?usp=drive_link | G14: 0
A15: =CONCATENATE(B15,"-",C15) -> LB หัวเอฟ สีรุ้ง ปลายสว่าน-#8*1-1/2"(38mm) | B15: LB หัวเอฟ สีรุ้ง ปลายสว่าน | C15: #8*1-1/2"(38mm) | E15: https://drive.google.com/file/d/1qr7os9i4pcG-UvT9kx4NNsGVwYD5xphh/view?usp=drive_link | G15: 0
A16: =CONCATENATE(B16,"-",C16) -> Hex Head Self Drilling Screws-#10-16x1"(25mm.) | B16: Hex Head Self Drilling Screws | C16: #10-16x1"(25mm.) | E16: https://drive.google.com/file/d/1cRfarLE3uO0flTaEkU434gB2ORMGUT8Z/view?usp=drive_link | G16: 0
... A29: =CONCATENATE(B29,"-",C29) -> ZW ลอนคูู่ ปลายสว่าน สีรุ้ง ยางดำ-#10X4(100mm) | B29: ZW ลอนคูู่ ปลายสว่าน สีรุ้ง ยางดำ | C29: #10X4(100mm) | E29: https://drive.google.com/file/d/1cRfarLE3uO0flTaEkU434gB2ORMGUT8Z/view?usp=drive_link | G29: 0
A30: =CONCATENATE(B30,"-",C30) -> น๊อตเกลียวปล่อย เตเปอร์-1 ½ | B30: น๊อตเกลียวปล่อย เตเปอร์ | C30: 1 ½ | E30: https://drive.google.com/file/d/1zi4jmqt7KARYg9Cf2cF-RfJ-we5euWov/view?usp=drive_link | F30: 10094 | G30: 0 | H30: =F30*0.5/198 -> 25.489899
A31: =CONCATENATE(B31,"-",C31) -> น๊อตเกลียวปล่อย เตเปอร์-2" | B31: น๊อตเกลียวปล่อย เตเปอร์ | C31: 2" | E31: https://drive.google.com/file/d/1HRJb7bv-L7Qxq2C0j5R4jQXy16ThK2g8/view?usp=drive_link | F31: 11643 | G31: 0 | H31: =F31*0.5/143 -> 40.70979
A32: =CONCATENATE(B32,"-",C32) -> น๊อตเกลียวปล่อย เตเปอร์-3" | B32: น๊อตเกลียวปล่อย เตเปอร์ | C32: 3" | E32: https://drive.google.com/file/d/1SIxckNpj07I_c0pCAs-0C3_deGfzDCwd/view?usp=drive_link | F32: 9200 | G32: 0 | H32: =F32*0.5/100 -> 46
A33: =CONCATENATE(B33,"-",C33) -> น๊อตหัวกลม เกลียวปล่อย-7X5/8" | B33: น๊อตหัวกลม เกลียวปล่อย | C33: 7X5/8" | E33: https://drive.google.com/file/d/1RydPdOhADDBQIpUbFT5jnCIrx0Ex1z1K/view?usp=drive_link | F33: 6000 | G33: 0 | H33: =F33*0.5/360 -> 8.3333333
A34: =CONCATENATE(B34,"-",C34) -> น๊อตหัวกลม เกลียวปล่อย-8X5/8" | B34: น๊อตหัวกลม เกลียวปล่อย | C34: 8X5/8" | E34: https://drive.google.com/file/d/1LVVNihAyXvLtC-wzk_JX_rBjKOf04Fao/view?usp=drive_link | F34: 9000 | G34: 0 | H34: =F34*0.5/320 -> 14.0625
A35: =CONCATENATE(B35,"-",C35) -> น๊อตหัวกลม ปลายสว่าน-6x5/8 | B35: น๊อตหัวกลม ปลายสว่าน | C35: 6x5/8 | E35: https://drive.google.com/file/d/1q2poxwwoire2971haNIh5Qyz9anIK4jd/view?usp=drive_link | F35: 10000 | G35: 0 | H35: =F35*0.5/500 -> 10
A36: =CONCATENATE(B36,"-",C36) -> น๊อตหัวกลม เกลียวปล่อย-8x25/1" | B36: น๊อตหัวกลม เกลียวปล่อย | C36: 8x25/1" | E36: https://drive.google.com/file/d/1wZzQrlD1QAqCu4KnE8jIYEJUtfZZrDpn/view?usp=drive_link | F36: 2350 | G36: 0 | H36: =F36*0.5/250 -> 4.7
A37: =CONCATENATE(B37,"-",C37) -> น๊อตหัวกลม ปลายสว่าน-6X3/8" | B37: น๊อตหัวกลม ปลายสว่าน | C37: 6X3/8" | E37: https://drive.google.com/file/d/1wGM5sCqoxY-sYhiDk7vT3yxm6yMJqRCZ/view?usp=drive_link | F37: 1000 | G37: 0 | H37: =F37*0.5/500 -> 1
A38: =CONCATENATE(B38,"-",C38) -> น๊อตหัวกลม ปลายสว่าน-8X1½" | B38: น๊อตหัวกลม ปลายสว่าน | C38: 8X1½" | E38: https://drive.google.com/file/d/1Q4BYH89LNjuRbhK1ryOHiFJKhAV11FSc/view?usp=drive_link | F38: 9200 | G38: 0 | H38: =F38*0.5/200 -> 23
A39: =CONCATENATE(B39,"-",C39) -> น๊อตสแตนเลส หัวกลม-M4-1.4X19(8X3/4) | B39: น๊อตสแตนเลส หัวกลม | C39: M4-1.4X19(8X3/4) | E39: https://drive.google.com/file/d/1K5mpUpwr2EuP1QvdRJQSq9iK7SrzP2aX/view?usp=drive_link | F39: 8468 | G39: 0 | H39: =F39*0.5/400 -> 10.585
A40: =CONCATENATE(B40,"-",C40) -> น๊อตสแตนเลสเลส เตเปอร์ ปลายสว่าน-4.2x19 | B40: น๊อตสแตนเลสเลส เตเปอร์ ปลายสว่าน | C40: 4.2x19 | E40: https://drive.google.com/file/d/16JNKyql-YDvjbloZzFJGysD67MTKc0FD/view?usp=drive_link | F40: 7500 | G40: 0 | H40: =F40*0.5/500 -> 7.5
A41: =CONCATENATE(B41,"-",C41) -> น๊อตสแตนเลสยางก้ามปู-8X25(1") | B41: น๊อตสแตนเลสยางก้ามปู | C41: 8X25(1") | E41: https://drive.google.com/file/d/1nebDTPYv9XLQi0Gz-XtUBhfx9ixpfyPB/view?usp=drive_link | F41: 2350 | G41: 0 | H41: =F41*0.5/250 -> 4.7
A42: =CONCATENATE(B42,"-",C42) -> พุกเหล็ก-46237 | B42: พุกเหล็ก | C42: 46237 | E42: https://drive.google.com/file/d/16s7Q7mJaGy5Ky93JN47dPNpQI5ghQ8Rx/view?usp=drive_link | F42: 240 | G42: 240
A43: =CONCATENATE(B43,"-",C43) -> พุกเหล็ก-46113 | B43: พุกเหล็ก | C43: 46113 | E43: https://drive.google.com/file/d/1MY3feTF2ZA-zuATe-uDmllOa_lH-M3mP/view?usp=drive_link | F43: 5854 | G43: 5854
A44: =CONCATENATE(B44,"-",C44) -> พุกตะปู M10- | B44: พุกตะปู M10 | E44: https://drive.google.com/file/d/1KxuK79LPA2nEHPnFa00qH5xSe3tZ6Ydk/view?usp=drive_link | F44: 320 | G44: 320
A45: =CONCATENATE(B45,"-",C45) -> พุกตะปู M8- | B45: พุกตะปู M8 | E45: https://drive.google.com/file/d/105U5oByCl09p8ySpJSeoWCR7oCdWA8Ep/view?usp=drive_link | F45: 75 | G45: 0
A46: =CONCATENATE(B46,"-",C46) -> พุกตะกั่ว-46113 | B46: พุกตะกั่ว | C46: 46113 | E46: https://drive.google.com/file/d/19wnciIGO8MtpLawdneFPWVbWVt1l-1lM/view?usp=drive_link | F46: 704 | G46: 709
A47: =CONCATENATE(B47,"-",C47) -> พุกตะกั่ว-46237 | B47: พุกตะกั่ว | C47: 46237 | E47: https://drive.google.com/file/d/1iDYIfyLeZ2Ujt3OdtVbRJ8ItmHZsniVA/view?usp=drive_link | F47: 100 | G47: 0
A48: =CONCATENATE(B48,"-",C48) -> พุกเคมี M8- | B48: พุกเคมี M8 | E48: https://drive.google.com/file/d/1_Levv9YGC1HrKTgjAmBj8usLlpjfsWZ7/view?usp=drive_link | F48: 10 | G48: 75
A49: =CONCATENATE(B49,"-",C49) -> พุกเคมี M10- | B49: พุกเคมี M10 | E49: https://drive.google.com/file/d/1_Levv9YGC1HrKTgjAmBj8usLlpjfsWZ7/view?usp=drive_link | F49: 150 | G49: 0
A50: =CONCATENATE(B50,"-",C50) -> พุกผีเสื้อ ยิบซั่ม พุกร่ม- | B50: พุกผีเสื้อ ยิบซั่ม พุกร่ม | E50: https://drive.google.com/file/d/1I-UBWjmEVF9RZBkeTYSlOJmKKm7xyI9a/view?usp=drive_link | F50: 250 | G50: 0
A51: =CONCATENATE(B51,"-",C51) -> พุกพลาสติก- | B51: พุกพลาสติก | E51: https://drive.google.com/file/d/12saAj7pOm7iy9xgRlYO6FlkEoHiq5xkH/view?usp=drive_link | F51: 650 | G51: 0
A52: =CONCATENATE(B52,"-",C52) -> น๊อตยิงฝ้า สีดำ-6X1" | B52: น๊อตยิงฝ้า สีดำ | C52: 6X1" | E52: https://drive.google.com/file/d/1cwdB9HjLoXAAZSu_d4Y1RYHJ5XjgyUkH/view?usp=drive_link | G52: 0
A53: =CONCATENATE(B53,"-",C53) -> น๊อตยิงฝ้า สีดำ-6X1½" | B53: น๊อตยิงฝ้า สีดำ | C53: 6X1½" | E53: https://drive.google.com/file/d/1wDC74fmhOYqjWu7ngDh0QcFn3VMToN1d/view?usp=drive_link | G53: 0
A54: =CONCATENATE(B54,"-",C54) -> น๊อตยิงฝ้า สีดำ-6X2" | B54: น๊อตยิงฝ้า สีดำ | C54: 6X2" | E54: https://drive.google.com/file/d/1qBIrmWUVUNU-ny__AVlvfUp2LXjSaSu0/view?usp=drive_link | G54: 0
A55: =CONCATENATE(B55,"-",C55) -> น๊อตหัวบล็อค เหลี่ยมยางดำปลายสว่าน-1" | B55: น๊อตหัวบล็อค เหลี่ยมยางดำปลายสว่าน | C55: 1" | E55: https://drive.google.com/file/d/1fyFihDSbhFyk__HNsmAo2FEN3O2DmV9x/view?usp=drive_link | G55: 0
A56: =CONCATENATE(B56,"-",C56) -> น๊อตหัวบล็อค เหลี่ยมยางดำปลายสว่าน-1½" | B56: น๊อตหัวบล็อค เหลี่ยมยางดำปลายสว่าน | C56: 1½" | E56: https://drive.google.com/file/d/1mGeZGdJvs_sg3nCOt6wP1NB9MW7AAYg9/view?usp=drive_link | G56: 0
A57: =CONCATENATE(B57,"-",C57) -> น๊อตหัวบล็อค เหลี่ยมยางดำปลายสว่าน-2" | B57: น๊อตหัวบล็อค เหลี่ยมยางดำปลายสว่าน | C57: 2" | E57: https://drive.google.com/file/d/1PYnVbE4v2zyXpRwhg1C4qUX2nySD0-cg/view?usp=drive_link | G57: 0
A58: =CONCATENATE(B58,"-",C58) -> น๊อตหัวบล็อค เหลี่ยมยางดำปลายสว่าน-3" | B58: น๊อตหัวบล็อค เหลี่ยมยางดำปลายสว่าน | C58: 3" | E58: https://drive.google.com/file/d/1nPw2SLmXROGtBUK-iTDNIAh2vIoWOGSL/view?usp=drive_link | G58: 0
A59: =CONCATENATE(B59,"-",C59) -> น๊อตหัวบล็อค เหลี่ยมยางดำปลายสว่าน-4" | B59: น๊อตหัวบล็อค เหลี่ยมยางดำปลายสว่าน | C59: 4" | E59: https://drive.google.com/file/d/1jsk2ILUrhuLD3yXixw_29KT6-oG-5i4y/view?usp=drive_link | G59: 0
A60: =CONCATENATE(B60,"-",C60) -> น๊อตปลายสว่าน-3/4" | B60: น๊อตปลายสว่าน | C60: 3/4" | E60: https://docs.google.com/spreadsheets/d/1SEN93p6OuhVkJkJaQM83fk4PFqL4ACkdjWYQiZblUvQ/edit?gid=322267480#gid=322267480&range=E58 | F60: 46000 | G60: 0 | H60: =F60*0.5/366 -> 62.84153
A61: =CONCATENATE(B61,"-",C61) -> น๊อตปลายสว่าน-1" | B61: น๊อตปลายสว่าน | C61: 1" | E61: https://drive.google.com/file/d/1pEZGjBj910NFv3iVa7JYvKJyE6aG2EnJ/view?usp=drive_link | F61: 18000 | G61: 0 | H61: =F61*0.5/290 -> 31.034483
A62: =CONCATENATE(B62,"-",C62) -> น๊อตปลายสว่าน-1½" | B62: น๊อตปลายสว่าน | C62: 1½" | E62: https://drive.google.com/file/d/1tYZL-FIxae4-FyQpSstTyXMXnJQ64OHp/view?usp=drive_link | F62: 12300 | G62: 0 | H62: =F62*0.5/200 -> 30.75
A63: =CONCATENATE(B63,"-",C63) -> น๊อตปลายสว่าน-2" | B63: น๊อตปลายสว่าน | C63: 2" | E63: https://drive.google.com/file/d/1VoyHlMjG_DoQQpLQFG-jAA8dy3WSmjAN/view?usp=drive_link | F63: 14780 | G63: 0 | H63: =F63*0.5/140 -> 52.785714
A64: =CONCATENATE(B64,"-",C64) -> น๊อตปลายสว่าน-3" | B64: น๊อตปลายสว่าน | C64: 3" | E64: https://drive.google.com/file/d/1PmLFeM-aUH5S11lYhHyEU8J8LmUKu0wx/view?usp=drive_link | F64: 7700 | G64: 0 | H64: =F64*0.5/100 -> 38.5
A65: =CONCATENATE(B65,"-",C65) -> น๊อตปลายสว่าน-3½" | B65: น๊อตปลายสว่าน | C65: 3½" | E65: https://drive.google.com/file/d/11Z8PPFqEELn7fhcs0CrF3oP4ezy1M6Hi/view?usp=drive_link | F65: 370 | G65: 0 | H65: =F65*0.5/81 -> 2.2839506
A66: =CONCATENATE(B66,"-",C66) -> น๊อตปลายสว่าน-4" | B66: น๊อตปลายสว่าน | C66: 4" | E66: https://drive.google.com/file/d/1VTvlD9XIRUkEkFj7k-m49EPOzLhMx290/view?usp=drive_link | F66: 561 | G66: 0 | H66: =F66*0.5/70 -> 4.0071429
A67: =CONCATENATE(B67,"-",C67) -> ลูกรีเวท สีเงิน-46057 | B67: ลูกรีเวท สีเงิน | C67: 46057 | E67: https://drive.google.com/file/d/1jOpCuNYBppDYiHNlhx8x2t3-ZgPQNeZ0/view?usp=drive_link | F67: 11676 | G67: 0 | H67: =F67*0.35/288 -> 14.189583
A68: =CONCATENATE(B68,"-",C68) -> ลูกรีเวท สีเงิน-46116 | B68: ลูกรีเวท สีเงิน | C68: 46116 | E68: https://drive.google.com/file/d/1wefV9emawT__L5nMJpa8VxGUM8On6J37/view?usp=drive_link | F68: 39264 | G68: 0 | H68: =F68*0.35/265 -> 51.858113
A69: =CONCATENATE(B69,"-",C69) -> ลูกรีเวท สีเงิน-46177 | B69: ลูกรีเวท สีเงิน | C69: 46177 | E69: https://drive.google.com/file/d/1XyzM_9mlzCAVIyLjwrq1EXHhEfnhruIR/view?usp=drive_link | F69: 15254 | G69: 0 | H69: =F69*0.35/254 -> 21.019291
A70: =CONCATENATE(B70,"-",C70) -> ลูกรีเวท สีเงิน-46117 | B70: ลูกรีเวท สีเงิน | C70: 46117 | E70: https://drive.google.com/file/d/1kA8u45RrGnQrQLchS0whgz62ssLIWMVE/view?usp=drive_link | F70: 10190 | G70: 0 | H70: =F70*0.35/190 -> 18.771053
A71: =CONCATENATE(B71,"-",C71) -> ลูกรีเวท สีเงิน-46118 | B71: ลูกรีเวท สีเงิน | C71: 46118 | E71: https://drive.google.com/file/d/1sRo6kIv9LtPyzK2XHHMiWruzhAJoVMaO/view?usp=drive_link | F71: 8328 | G71: 0 | H71: =F71*0.35/128 -> 22.771875
A72: =CONCATENATE(B72,"-",C72) -> ลูกรีเวท สีดำ -46057 | B72: ลูกรีเวท สีดำ | C72: 46057 | E72: https://drive.google.com/file/d/1MUjUAl4hkIzYsvBleGuCDuVQJoNS50j2/view?usp=drive_link | F72: 4288 | G72: 0 | H72: =F72*0.35/288 -> 5.2111111
A73: =CONCATENATE(B73,"-",C73) -> ลูกรีเวท สีดำ -46116 | B73: ลูกรีเวท สีดำ | C73: 46116 | E73: https://drive.google.com/file/d/1YHO_yIOyhQjMKGHg98ZUdBCA-eTOwmbB/view?usp=drive_link | F73: 10265 | G73: 0 | H73: =F73*0.35/265 -> 13.557547
A74: =CONCATENATE(B74,"-",C74) -> ลูกรีเวท สีดำ -46177 | B74: ลูกรีเวท สีดำ | C74: 46177 | E74: https://drive.google.com/file/d/1i0z30xfy3KrYtvEN1-94NAAeZTY2_8w5/view?usp=drive_link | F74: 7354 | G74: 0 | H74: =F74*0.35/254 -> 10.133465
A75: =CONCATENATE(B75,"-",C75) -> ลูกรีเวท สีขาว-46057 | B75: ลูกรีเวท สีขาว | C75: 46057 | E75: https://drive.google.com/file/d/1qrFu5i6mMcx_ZmgnbYBXdQ48nIJmIBKI/view?usp=drive_link | F75: 5288 | G75: 0 | H75: =F75*0.35/288 -> 6.4263889
A76: =CONCATENATE(B76,"-",C76) -> ลูกรีเวท สีขาว-46116 | B76: ลูกรีเวท สีขาว | C76: 46116 | E76: https://drive.google.com/file/d/1BU_96DJ-skUD4bFlbShc0H5ALXDCRF-w/view?usp=drive_link | F76: 13265 | G76: 0 | H76: =F76*0.35/265 -> 17.519811
A77: =CONCATENATE(B77,"-",C77) -> ลูกรีเวท สีขาว-46177 | B77: ลูกรีเวท สีขาว | C77: 46177 | E77: https://drive.google.com/file/d/1w_indelJ3gl04sGzM6YaRNlnAubLzFhn/view?usp=drive_link | F77: 2254 | G77: 0 | H77: =F77*0.35/254 -> 3.1059055
A78: =CONCATENATE(B78,"-",C78) -> ลูกรีเวท สีชา-46057 | B78: ลูกรีเวท สีชา | C78: 46057 | E78: https://drive.google.com/file/d/10iz5wSTtC_j6sVuY5vHLAdydIqIZLgvT/view?usp=drive_link | F78: 3576 | G78: 0 | H78: =F78*0.35/288 -> 4.3458333
A79: =CONCATENATE(B79,"-",C79) -> ลูกรีเวท สีชา-46116 | B79: ลูกรีเวท สีชา | C79: 46116 | E79: https://drive.google.com/file/d/1bjk6AiCTJq8NuT3nSWKvGlNb93fwsxwR/view?usp=drive_link | F79: 9265 | G79: 0 | H79: =F79*0.35/265 -> 12.236792
A80: =CONCATENATE(B80,"-",C80) -> ลูกรีเวท สีชา-46177 | B80: ลูกรีเวท สีชา | C80: 46177 | E80: https://drive.google.com/file/d/1Ie82HyYtJVpfCRa7p1RM4Nd0sowqVVf1/view?usp=drive_link | F80: 7254 | G80: 0 | H80: =F80*0.35/254 -> 9.9956693
A81: =CONCATENATE(B81,"-",C81) -> น๊อตยิงฝ้า สีดำ-6x1" | B81: น๊อตยิงฝ้า สีดำ | C81: 6x1" | E81: https://drive.google.com/file/d/1cwdB9HjLoXAAZSu_d4Y1RYHJ5XjgyUkH/view?usp=drive_link | F81: 27600 | G81: 0 | H81: =F81*0.6/600 -> 27.6
A82: =CONCATENATE(B82,"-",C82) -> น๊อตยิงฝ้า สีดำ-6x1½" | B82: น๊อตยิงฝ้า สีดำ | C82: 6x1½" | E82: https://drive.google.com/file/d/1wDC74fmhOYqjWu7ngDh0QcFn3VMToN1d/view?usp=drive_link | F82: 7870 | G82: 0 | H82: =F82*0.6/600 -> 7.87
A83: =CONCATENATE(B83,"-",C83) -> น๊อตยิงฝ้า สีดำ-6x2" | B83: น๊อตยิงฝ้า สีดำ | C83: 6x2" | E83: https://drive.google.com/file/d/1RpRYvKiZ_7hgw09KaWQhwTZNcaK4pnWw/view?usp=drive_link | F83: 1500 | G83: 0 | H83: =F83*0.6/500 -> 1.8
A84: =CONCATENATE(B84,"-",C84) -> น๊อตยิงฝ้า สีดำ-6x3/4" | B84: น๊อตยิงฝ้า สีดำ | C84: 6x3/4" | E84: https://drive.google.com/file/d/1RBzpbArXvFjfLHesehArAkhrP93On4dn/view?usp=drive_link | F84: 2535 | G84: 0 | H84: =F84*0.5/600 -> 2.1125
A85: =CONCATENATE(B85,"-",C85) -> น๊อตหกเหลี่ยมยางดำปลายสว่าน-1" | B85: น๊อตหกเหลี่ยมยางดำปลายสว่าน | C85: 1" | E85: https://drive.google.com/file/d/1tkOg43BSwrmTdFo4hEkfU1S6uWMhWowS/view?usp=drive_link | F85: 2135 | G85: 0 | H85: =F85*0.5/103 -> 10.364078
A86: =CONCATENATE(B86,"-",C86) -> น๊อตหกเหลี่ยมยางดำปลายสว่าน-1½" | B86: น๊อตหกเหลี่ยมยางดำปลายสว่าน | C86: 1½" | E86: https://drive.google.com/file/d/1mGeZGdJvs_sg3nCOt6wP1NB9MW7AAYg9/view?usp=drive_link | F86: 4800 | G86: 0 | H86: =F86*0.5/78 -> 30.769231
A87: =CONCATENATE(B87,"-",C87) -> น๊อตหกเหลี่ยมยางดำปลายสว่าน-2" | B87: น๊อตหกเหลี่ยมยางดำปลายสว่าน | C87: 2" | E87: https://drive.google.com/file/d/1PYnVbE4v2zyXpRwhg1C4qUX2nySD0-cg/view?usp=drive_link | F87: 6030 | G87: 0 | H87: =F87*0.5/84 -> 35.892857
A88: =CONCATENATE(B88,"-",C88) -> น๊อตหกเหลี่ยมยางดำปลายสว่าน-3" | B88: น๊อตหกเหลี่ยมยางดำปลายสว่าน | C88: 3" | E88: https://drive.google.com/file/d/1nPw2SLmXROGtBUK-iTDNIAh2vIoWOGSL/view?usp=drive_link | F88: 1500 | G88: 0 | H88: =F88*0.5/54 -> 13.888889
A89: =CONCATENATE(B89,"-",C89) -> น๊อตหกเหลี่ยมยางดำปลายสว่าน-4" | B89: น๊อตหกเหลี่ยมยางดำปลายสว่าน | C89: 4" | E89: https://drive.google.com/drive/folders/1l3cB4zSgPuaQsS1EcbzYdZdODb_HTq71 | F89: 2448 | G89: 0 | H89: =F89*0.5/46 -> 26.608696
A90: =CONCATENATE(B90,"-",C90) -> - | G90: 0
A91: =CONCATENATE(B91,"-",C91) -> - | G91: 0
A92: =CONCATENATE(B92,"-",C92) -> - | G92: 0
A93: =CONCATENATE(B93,"-",C93) -> - | G93: 0
A94: =CONCATENATE(B94,"-",C94) -> - | G94: 0
A95: =CONCATENATE(B95,"-",C95) -> - | G95: 0
A96: =CONCATENATE(B96,"-",C96) -> - | G96: 0
A97: =CONCATENATE(B97,"-",C97) -> - | G97: 0
A98: =CONCATENATE(B98,"-",C98) -> - | G98: 0
A99: =CONCATENATE(B99,"-",C99) -> - | G99: 0
A100: =CONCATENATE(B100,"-",C100) -> - | G100: 0
A101: =CONCATENATE(B101,"-",C101) -> - | G101: 0
... A142: =CONCATENATE(B142,"-",C142) -> - | G142: 0

Sheet เครื่องมือช่างและอื่น ๆ
A1: SKU | B1: รายการสินค้า | C1: ราคา | D1: รูป | E1: ยอดคงเหลือ | F1: ยอดเบิกรวม
A2: {=BYROW(ตาราง1_4[รายการสินค้า], LAMBDA(row, TEXTJOIN("-", TRUE, row)))} -> เครื่องวัดระดับ เลเซอร์ 5 เส้น | B2: เครื่องวัดระดับ เลเซอร์ 5 เส้น | D2: https://drive.google.com/file/d/1dxUgZ37PuC_ReNis7NN5bCdJU_y2iMRr/view?usp=drive_link | E2: 3
A3: สว่านโรตารี่ สว่านเจาะปูน 3 ระบบ | B3: สว่านโรตารี่ สว่านเจาะปูน 3 ระบบ | D3: https://drive.google.com/file/d/1c0EY8Zs22GjDv2n_INZ_Ps2SlT8YSJb6/view?usp=drive_link | E3: 3
A4: เครื่องเจียร 4" MAKITA | B4: เครื่องเจียร 4" MAKITA | D4: https://drive.google.com/file/d/1p8IRn5nlNcuUj5Ec7GUTMUAVYlZPwj16/view?usp=drive_link
A5: เครื่องเจียร 7" MAKITA | B5: เครื่องเจียร 7" MAKITA | D5: https://drive.google.com/file/d/11KKon3d3WVYdGg1Spd6hBKV1mUKQdp9w/view?usp=drive_link | E5: 1
A6: ชุดเครื่องเจียรไฟฟ้า 4 นิ้ว 750W INGCO | B6: ชุดเครื่องเจียรไฟฟ้า 4 นิ้ว 750W INGCO | D6: https://drive.google.com/file/d/1HFQOceC0wFqvNIayCFJUoEfSOPi5nrvT/view?usp=drive_link
A7: ชุดเครื่องเจียรไฟฟ้า 4 นิ้ว 960W INGCO | B7: ชุดเครื่องเจียรไฟฟ้า 4 นิ้ว 960W INGCO | D7: https://drive.google.com/file/d/1HFQOceC0wFqvNIayCFJUoEfSOPi5nrvT/view?usp=drive_link
A8: เครื่องเจียร ไร้สาย แบตเตอรี่ MAKITA | B8: เครื่องเจียร ไร้สาย แบตเตอรี่ MAKITA | D8: https://drive.google.com/file/d/1EShl9VSfnApe8xVvbDTXnz_7ovKAfdSb/view?usp=drive_link | E8: 1
A9: ชุดเครื่องเจียรไร้สาย INGCO | B9: ชุดเครื่องเจียรไร้สาย INGCO | D9: https://drive.google.com/file/d/1DVtwWbaVkDCQ7JccfmHYx-YIGGgOmPuC/view?usp=drive_link | E9: 1
A10: สว่านแบต INGCO | B10: สว่านแบต INGCO | D10: https://drive.google.com/file/d/1bW8TpiJNi4vpXEXfveyTUHhmornqmoc2/view?usp=drive_link | E10: 1
A11: สว่านสายไฟฟ้า MAKITA | B11: สว่านสายไฟฟ้า MAKITA | D11: https://drive.google.com/file/d/11eEnRS-IAjgRm_4-z_E7Hw6lLZXLOynm/view?usp=drive_link | E11: 14ฅัวเก่าของคืน
A12: ฐานชาร์จแบต + แบตก้อน | B12: ฐานชาร์จแบต + แบตก้อน | D12: https://drive.google.com/file/d/1b4N_wN71TVvc6Ui0gXT0NmfxGl56ETMs/view?usp=drive_link
A13: เร้าเตอร์ INGCO | B13: เร้าเตอร์ INGCO | D13: https://drive.google.com/file/d/1A9fOCjayw3DSEicBnbd5X-sv4DRD4lLN/view?usp=drive_link
A14: เครื่องเป่าลม | B14: เครื่องเป่าลม | D14: https://drive.google.com/file/d/1kHEZTK1C2CBxcT1It4j8bSBmuqGz-SCK/view?usp=drive_link | E14: 4
A15: เครื่องเป่าลมร้อน | B15: เครื่องเป่าลมร้อน | D15: https://drive.google.com/file/d/1yFxpR2xqeElw6KSWxThQR0OiKK4ZhgBd/view?usp=drive_link | E15: 2
A16: เครื่องเจาะผนัง 5 นิ้ว | B16: เครื่องเจาะผนัง 5 นิ้ว | D16: https://drive.google.com/file/d/11_qW2myUnuIckTS-JB6AzkOfHqjvqPwv/view?usp=drive_link | E16: 1
A17: เครืองตัดไม้ MAKITA รุ่น DTM51Z | B17: เครืองตัดไม้ MAKITA รุ่น DTM51Z | D17: https://drive.google.com/file/d/1v6VM6sT2dkccbjsjLz8kGRISEeQr7ky5/view?usp=drive_link | E17: 2
A18: เลื่อยโซ่ไฟฟ้า | B18: เลื่อยโซ่ไฟฟ้า | D18: https://drive.google.com/file/d/17TChlyLWZRqjUfTN6Ox5tnBoqo8QGrTH/view?usp=drive_link | E18: 1
A19: เครื่องจิ๊กซอว์ไฟฟ้า | B19: เครื่องจิ๊กซอว์ไฟฟ้า | D19: https://drive.google.com/file/d/10tDNhjZyFQ_zu034At8oAPsdqEtI5CXh/view?usp=drive_link | E19: 1
A20: เลื่อยวงเดือน MAKITA 7 นิ้ว | B20: เลื่อยวงเดือน MAKITA 7 นิ้ว | D20: https://drive.google.com/file/d/1V_2bGk7pBApR19jQAv466ZkBbMnxyY-S/view?usp=drive_link | E20: 1
A21: เครื่องสกัดคอนกรีต MAKITA | B21: เครื่องสกัดคอนกรีต MAKITA | D21: https://drive.google.com/file/d/1BI1OuGPbS1UNrAay7aVIY45B07sUZh1x/view?usp=drive_link | E21: 1
A22: ปืนยิงตะปูแม็กลมแม็กลมขาเดียว | B22: ปืนยิงตะปูแม็กลมแม็กลมขาเดียว | D22: https://drive.google.com/file/d/1AtVvk8cJOk9_OXW5pGkifwqAynoBN5rG/view?usp=drive_link | E22: 1
A23: ปืนยิงซิลิโคน | B23: ปืนยิงซิลิโคน | D23: https://drive.google.com/file/d/1Uqo-f12winSThhO1EZdEHfut73ziu8bK/view?usp=drive_link | E23: 10
A24: ปืนยิงกาว PU | B24: ปืนยิงกาว PU | D24: https://drive.google.com/file/d/1Qtp107SxEw3hXLteBtUC0CcLzW0pQwHX/view?usp=drive_link | E24: 17
A25: ตู้เชื่อมอาร์กอน | B25: ตู้เชื่อมอาร์กอน | D25: https://drive.google.com/file/d/1GHcTPQB0sKVIz_dXkaA2UIM8L4ZP8_Hg/view?usp=drive_link | E25: 2
A26: เครื่องดูดฝุ่น เล็ก | B26: เครื่องดูดฝุ่น เล็ก | D26: https://drive.google.com/file/d/1b8M3B6t7Qnll9k4-vR-rG0teMFpzoRUb/view?usp=drive_link | E26: 2
A27: เครื่องดูดฝุ่น ใหญ่ | B27: เครื่องดูดฝุ่น ใหญ่ | D27: https://drive.google.com/file/d/1zecESMsQWrruEIUzhlIL1YfMe4ltkNA7/view?usp=drive_link
A28: คีมย้ำรีเวท | B28: คีมย้ำรีเวท | D28: https://drive.google.com/file/d/1CZVI5yeN74o0shGbPfE7eZnOU-9NxTWB/view?usp=drive_link | E28: 8
A29: กล่องเครื่องมือช่าง 2 ชั้น | B29: กล่องเครื่องมือช่าง 2 ชั้น | D29: https://drive.google.com/file/d/1Hvvsm_PkraZMdKMV0mEHTw7EMWYc81mf/view?usp=drive_link | E29: 1
A30: เครื่องอ๊อกเหล็ก | B30: เครื่องอ๊อกเหล็ก | D30: https://drive.google.com/file/d/1GHcTPQB0sKVIz_dXkaA2UIM8L4ZP8_Hg/view?usp=drive_link | E30: 1
A31: มือจับกระจก | B31: มือจับกระจก | D31: https://drive.google.com/file/d/1pCtgZY6OfjUdeWfztCr_Lvmf8NQspiBu/view?usp=drive_link | E31: 3
A32: ไม้กรีดน้ำบนกระจก | B32: ไม้กรีดน้ำบนกระจก | D32: https://drive.google.com/file/d/1mSaXqN2tcC2eV92od3cFAha1bQ9UZcEE/view?usp=drive_link | E32: 9
A33: ไม้กรีดน้ำบนกระจกแบบฟองน้ำ | B33: ไม้กรีดน้ำบนกระจกแบบฟองน้ำ | D33: https://drive.google.com/file/d/1UXQjfpIDT1t3l5VYJl42lEwtQFyebrP-/view?usp=drive_link | E33: 1
A34: ก้านเหล็กปั่นปูน | B34: ก้านเหล็กปั่นปูน | D34: https://drive.google.com/file/d/14kv_bl3NW1M7x29DYWMUFe4TxoYE-tm2/view?usp=drive_link | E34: 5
A35: ลูกกลิ้ง 7" | B35: ลูกกลิ้ง 7" | D35: https://drive.google.com/file/d/1xIXcntlI1K_An1PB_Pg-lnE3meAopVYK/view?usp=drive_link | E35: 7
A36: ลูกกลิ้ง 10" | B36: ลูกกลิ้ง 10" | D36: https://drive.google.com/file/d/1oDBw8QmJHTuf6s02kxEoz1_L0UXBfIZH/view?usp=drive_link | E36: 1
A37: เหล็กจับอลูมิเนียม | B37: เหล็กจับอลูมิเนียม | D37: https://drive.google.com/file/d/1w6O1kBO0C7zxeQk_nwPjq4GIBERQ70vH/view?usp=drive_link | E37: 5
A38: เครื่องเลเซอร์ | B38: เครื่องเลเซอร์ | D38: https://drive.google.com/file/d/1KeNALltoYlW8MvouQ8ATTbAJVAey1MwK/view?usp=drive_link | E38: 3
A39: สว่านเจาะปูน 3 ระบบ | B39: สว่านเจาะปูน 3 ระบบ | D39: https://drive.google.com/file/d/1r46H5K2_bmlA1LUNwAofL7KEqs4TYN2V/view?usp=drive_link | E39: 2
... A44: ปลัีกไฟพ่วง | B44: ปลัีกไฟพ่วง | D44: https://drive.google.com/file/d/13Kerqw7iXmexH_j0x7YlR3FKYbTYs3br/view?usp=drive_link | E44: 3

Sheet อลูมิเนียม
A1: SKU | B1: ประเภท | C1: รหัส | D1: รายการสินค้า | E1: สี | F1: ขนาด ( เมตร ) | G1: ราคา | H1: รูป | I1: ยอดคงเหลือ | J1: ยอดเบิกรวม
A2: {=BYROW(ตาราง1_6[[รหัส]:[สี]], LAMBDA(row, TEXTJOIN("-", TRUE, row)))} -> B20001-เฟรมบนบานเลื่อน-อบขาว | B2: อลูมิเนียม sms | C2: B20001 | D2: เฟรมบนบานเลื่อน | E2: อบขาว | F2: 6.4 | G2: 1125 | H2: https://drive.google.com/file/d/19jyd6Vp8y0So1DxI4DyKAs1pHxlUPDox/view?usp=drive_link | I2: 81
A3: B20001-เฟรมบนบานเลื่อน-ดำ | B3: อลูมิเนียม sms | C3: B20001 | D3: เฟรมบนบานเลื่อน | E3: ดำ | F3: 6.4 | G3: 1125 | H3: https://drive.google.com/file/d/19jyd6Vp8y0So1DxI4DyKAs1pHxlUPDox/view?usp=drive_link | I3: 76
A4: B20001-เฟรมบนบานเลื่อน-เทาซาฮาร่า | B4: อลูมิเนียม sms | C4: B20001 | D4: เฟรมบนบานเลื่อน | E4: เทาซาฮาร่า | F4: 6.4 | G4: 1225 | H4: https://drive.google.com/file/d/19jyd6Vp8y0So1DxI4DyKAs1pHxlUPDox/view?usp=drive_link | I4: 64
A5: B20001-เฟรมบนบานเลื่อน-ลายไม้สักทอง | B5: อลูมิเนียม sms | C5: B20001 | D5: เฟรมบนบานเลื่อน | E5: ลายไม้สักทอง | F5: 6.4 | G5: 1825 | H5: https://drive.google.com/file/d/19jyd6Vp8y0So1DxI4DyKAs1pHxlUPDox/view?usp=drive_link | I5: 6
A6: B20001-เฟรมบนบานเลื่อน-อื่น ๆ | B6: อลูมิเนียม sms | C6: B20001 | D6: เฟรมบนบานเลื่อน | E6: อื่น ๆ | F6: 6.4 | G6: 1074.45 | H6: https://drive.google.com/file/d/19jyd6Vp8y0So1DxI4DyKAs1pHxlUPDox/view?usp=drive_link
A7: B20002-เฟรมล่างบานเลื่อน-อบขาว | B7: อลูมิเนียม sms | C7: B20002 | D7: เฟรมล่างบานเลื่อน | E7: อบขาว | F7: 6.4 | G7: 1205 | H7: https://drive.google.com/file/d/1oAcMkGZgEXDtXBeUibNu61q8v-4GHul4/view?usp=drive_link
A8: B20002-เฟรมล่างบานเลื่อน-ดำ | B8: อลูมิเนียม sms | C8: B20002 | D8: เฟรมล่างบานเลื่อน | E8: ดำ | F8: 6.4 | G8: 1205 | H8: https://drive.google.com/file/d/1oAcMkGZgEXDtXBeUibNu61q8v-4GHul4/view?usp=drive_link
A9: B20002-เฟรมล่างบานเลื่อน-เทาซาฮาร่า | B9: อลูมิเนียม sms | C9: B20002 | D9: เฟรมล่างบานเลื่อน | E9: เทาซาฮาร่า | F9: 6.4 | G9: 1310 | H9: https://drive.google.com/file/d/1oAcMkGZgEXDtXBeUibNu61q8v-4GHul4/view?usp=drive_link
A10: B20002-เฟรมล่างบานเลื่อน-ลายไม้สักทอง | B10: อลูมิเนียม sms | C10: B20002 | D10: เฟรมล่างบานเลื่อน | E10: ลายไม้สักทอง | F10: 6.4 | G10: 1925 | H10: https://drive.google.com/file/d/1oAcMkGZgEXDtXBeUibNu61q8v-4GHul4/view?usp=drive_link
A11: B20002-เฟรมล่างบานเลื่อน-อื่น ๆ | B11: อลูมิเนียม sms | C11: B20002 | D11: เฟรมล่างบานเลื่อน | E11: อื่น ๆ | F11: 6.4 | H11: https://drive.google.com/file/d/1oAcMkGZgEXDtXBeUibNu61q8v-4GHul4/view?usp=drive_link
A12: B20003-เฟรมข้างบานเลื่อน-อบขาว | B12: อลูมิเนียม sms | C12: B20003 | D12: เฟรมข้างบานเลื่อน | E12: อบขาว | F12: 6.4 | G12: 870 | H12: https://drive.google.com/file/d/1Rn9FSXnT0TU-PhwzIKM_XU4dWTYeqoru/view?usp=drive_link | I12: 62
A13: B20003-เฟรมข้างบานเลื่อน-ดำ | B13: อลูมิเนียม sms | C13: B20003 | D13: เฟรมข้างบานเลื่อน | E13: ดำ | F13: 6.4 | G13: 870 | H13: https://drive.google.com/file/d/1Rn9FSXnT0TU-PhwzIKM_XU4dWTYeqoru/view?usp=drive_link | I13: 71
A14: B20003-เฟรมข้างบานเลื่อน-เทาซาฮาร่า | B14: อลูมิเนียม sms | C14: B20003 | D14: เฟรมข้างบานเลื่อน | E14: เทาซาฮาร่า | F14: 6.4 | G14: 950 | H14: https://drive.google.com/file/d/1Rn9FSXnT0TU-PhwzIKM_XU4dWTYeqoru/view?usp=drive_link | I14: 70
A15: B20003-เฟรมข้างบานเลื่อน-ลายไม้สักทอง | B15: อลูมิเนียม sms | C15: B20003 | D15: เฟรมข้างบานเลื่อน | E15: ลายไม้สักทอง | F15: 6.4 | G15: 1450.95 | H15: https://drive.google.com/file/d/1Rn9FSXnT0TU-PhwzIKM_XU4dWTYeqoru/view?usp=drive_link | I15: 12
A16: B20003-เฟรมข้างบานเลื่อน-อื่น ๆ | B16: อลูมิเนียม sms | C16: B20003 | D16: เฟรมข้างบานเลื่อน | E16: อื่น ๆ | F16: 6.4 | G16: 970 | H16: https://drive.google.com/file/d/1Rn9FSXnT0TU-PhwzIKM_XU4dWTYeqoru/view?usp=drive_link
A17: B20004-เฟรมบนเสริมร่องกระจก-อบขาว | B17: อลูมิเนียม sms | C17: B20004 | D17: เฟรมบนเสริมร่องกระจก | E17: อบขาว | F17: 6.4 | G17: 870 | H17: https://drive.google.com/file/d/1c2f42DRgP6pNZVxfgpaAJDbRLiNNO9On/view?usp=drive_link
A18: B20004-เฟรมบนเสริมร่องกระจก-ดำ | B18: อลูมิเนียม sms | C18: B20004 | D18: เฟรมบนเสริมร่องกระจก | E18: ดำ | F18: 6.4 | G18: 870 | H18: https://drive.google.com/file/d/1c2f42DRgP6pNZVxfgpaAJDbRLiNNO9On/view?usp=drive_link
A19: B20004-เฟรมบนเสริมร่องกระจก-เทาซาฮาร่า | B19: อลูมิเนียม sms | C19: B20004 | D19: เฟรมบนเสริมร่องกระจก | E19: เทาซาฮาร่า | F19: 6.4 | G19: 950 | H19: https://drive.google.com/file/d/1c2f42DRgP6pNZVxfgpaAJDbRLiNNO9On/view?usp=drive_link
A20: B20004-เฟรมบนเสริมร่องกระจก-ลายไม้สักทอง | B20: อลูมิเนียม sms | C20: B20004 | D20: เฟรมบนเสริมร่องกระจก | E20: ลายไม้สักทอง | F20: 6.4 | G20: 1395 | H20: https://drive.google.com/file/d/1c2f42DRgP6pNZVxfgpaAJDbRLiNNO9On/view?usp=drive_link
A21: B20004-เฟรมบนเสริมร่องกระจก-อื่น ๆ | B21: อลูมิเนียม sms | C21: B20004 | D21: เฟรมบนเสริมร่องกระจก | E21: อื่น ๆ | F21: 6.4 | H21: https://drive.google.com/file/d/1c2f42DRgP6pNZVxfgpaAJDbRLiNNO9On/view?usp=drive_link
A22: B20007-เสากุญแจ (ตูดตัน)-อบขาว | B22: อลูมิเนียม sms | C22: B20007 | D22: เสากุญแจ (ตูดตัน) | E22: อบขาว | F22: 6.4 | G22: 660 | H22: https://drive.google.com/file/d/1yEbDgRN081wTEjkmM3QY0PEHhRIkOy89/view?usp=drive_link | I22: 39
A23: B20007-เสากุญแจ (ตูดตัน)-ดำ | B23: อลูมิเนียม sms | C23: B20007 | D23: เสากุญแจ (ตูดตัน) | E23: ดำ | F23: 6.4 | G23: 660 | H23: https://drive.google.com/file/d/1yEbDgRN081wTEjkmM3QY0PEHhRIkOy89/view?usp=drive_link | I23: 36
A24: B20007-เสากุญแจ (ตูดตัน)-เทาซาฮาร่า | B24: อลูมิเนียม sms | C24: B20007 | D24: เสากุญแจ (ตูดตัน) | E24: เทาซาฮาร่า | F24: 6.4 | G24: 725 | H24: https://drive.google.com/file/d/1yEbDgRN081wTEjkmM3QY0PEHhRIkOy89/view?usp=drive_link | I24: 42
A25: B20007-เสากุญแจ (ตูดตัน)-ลายไม้สักทอง | B25: อลูมิเนียม sms | C25: B20007 | D25: เสากุญแจ (ตูดตัน) | E25: ลายไม้สักทอง | F25: 6.4 | G25: 1065 | H25: https://drive.google.com/file/d/1yEbDgRN081wTEjkmM3QY0PEHhRIkOy89/view?usp=drive_link | I25: 20
A26: B20007-เสากุญแจ (ตูดตัน)-อื่น ๆ | B26: อลูมิเนียม sms | C26: B20007 | D26: เสากุญแจ (ตูดตัน) | E26: อื่น ๆ | F26: 6.4 | H26: https://drive.google.com/file/d/1yEbDgRN081wTEjkmM3QY0PEHhRIkOy89/view?usp=drive_link
A27: B20008-เสากุญแจแบบรับแรง-อบขาว | B27: อลูมิเนียม sms | C27: B20008 | D27: เสากุญแจแบบรับแรง | E27: อบขาว | F27: 6.4 | G27: 1125 | H27: https://drive.google.com/file/d/1Sx66IFkix9Yg0hjpKsvW_DisZYUG2yuo/view?usp=drive_link
A28: B20008-เสากุญแจแบบรับแรง-ดำ | B28: อลูมิเนียม sms | C28: B20008 | D28: เสากุญแจแบบรับแรง | E28: ดำ | F28: 6.4 | G28: 1125 | H28: https://drive.google.com/file/d/1Sx66IFkix9Yg0hjpKsvW_DisZYUG2yuo/view?usp=drive_link
A29: B20008-เสากุญแจแบบรับแรง-เทาซาฮาร่า | B29: อลูมิเนียม sms | C29: B20008 | D29: เสากุญแจแบบรับแรง | E29: เทาซาฮาร่า | F29: 6.4 | G29: 1225 | H29: https://drive.google.com/file/d/1Sx66IFkix9Yg0hjpKsvW_DisZYUG2yuo/view?usp=drive_link
A30: B20008-เสากุญแจแบบรับแรง-ลายไม้สักทอง | B30: อลูมิเนียม sms | C30: B20008 | D30: เสากุญแจแบบรับแรง | E30: ลายไม้สักทอง | F30: 6.4 | G30: 1800 | H30: https://drive.google.com/file/d/1Sx66IFkix9Yg0hjpKsvW_DisZYUG2yuo/view?usp=drive_link
A31: B20008-เสากุญแจแบบรับแรง-อื่น ๆ | B31: อลูมิเนียม sms | C31: B20008 | D31: เสากุญแจแบบรับแรง | E31: อื่น ๆ | F31: 6.4 | H31: https://drive.google.com/file/d/1Sx66IFkix9Yg0hjpKsvW_DisZYUG2yuo/view?usp=drive_link
A32: B20009-เสาเกี่ยว (ธรรมดา)-อบขาว | B32: อลูมิเนียม sms | C32: B20009 | D32: เสาเกี่ยว (ธรรมดา) | E32: อบขาว | F32: 6.4 | G32: 690 | H32: https://drive.google.com/file/d/1YTN5hqjITv1QkStRnkc-Yb5z3UrXTvTg/view?usp=drive_link | I32: 65
A33: B20009-เสาเกี่ยว (ธรรมดา)-ดำ | B33: อลูมิเนียม sms | C33: B20009 | D33: เสาเกี่ยว (ธรรมดา) | E33: ดำ | F33: 6.4 | G33: 690 | H33: https://drive.google.com/file/d/1YTN5hqjITv1QkStRnkc-Yb5z3UrXTvTg/view?usp=drive_link | I33: 53
A34: B20009-เสาเกี่ยว (ธรรมดา)-เทาซาฮาร่า | B34: อลูมิเนียม sms | C34: B20009 | D34: เสาเกี่ยว (ธรรมดา) | E34: เทาซาฮาร่า | F34: 6.4 | G34: 750 | H34: https://drive.google.com/file/d/1YTN5hqjITv1QkStRnkc-Yb5z3UrXTvTg/view?usp=drive_link | I34: 66
A35: B20009-เสาเกี่ยว (ธรรมดา)-ลายไม้สักทอง | B35: อลูมิเนียม sms | C35: B20009 | D35: เสาเกี่ยว (ธรรมดา) | E35: ลายไม้สักทอง | F35: 6.4 | G35: 1105 | H35: https://drive.google.com/file/d/1YTN5hqjITv1QkStRnkc-Yb5z3UrXTvTg/view?usp=drive_link | I35: 22
A36: B20009-เสาเกี่ยว (ธรรมดา)-อื่น ๆ | B36: อลูมิเนียม sms | C36: B20009 | D36: เสาเกี่ยว (ธรรมดา) | E36: อื่น ๆ | F36: 6.4 | G36: 835.2 | H36: https://drive.google.com/file/d/1YTN5hqjITv1QkStRnkc-Yb5z3UrXTvTg/view?usp=drive_link
A37: B20010-เสาเกี่ยวนอก (สูง 2.4 m)-อบขาว | B37: อลูมิเนียม sms | C37: B20010 | D37: เสาเกี่ยวนอก (สูง 2.4 m) | E37: อบขาว | F37: 6.4 | G37: 1235 | H37: https://drive.google.com/file/d/1anFasLFG_4K_vklSwjnyhMWv98YpO4xL/view?usp=drive_link | I37: 55
A38: B20010-เสาเกี่ยวนอก (สูง 2.4 m)-ดำ | B38: อลูมิเนียม sms | C38: B20010 | D38: เสาเกี่ยวนอก (สูง 2.4 m) | E38: ดำ | F38: 6.4 | G38: 1235 | H38: https://drive.google.com/file/d/1anFasLFG_4K_vklSwjnyhMWv98YpO4xL/view?usp=drive_link | I38: 55
A39: B20010-เสาเกี่ยวนอก (สูง 2.4 m)-เทาซาฮาร่า | B39: อลูมิเนียม sms | C39: B20010 | D39: เสาเกี่ยวนอก (สูง 2.4 m) | E39: เทาซาฮาร่า | F39: 6.4 | G39: 1345 | H39: https://drive.google.com/file/d/1anFasLFG_4K_vklSwjnyhMWv98YpO4xL/view?usp=drive_link | I39: 59
A40: B20010-เสาเกี่ยวนอก (สูง 2.4 m)-ลายไม้สักทอง | B40: อลูมิเนียม sms | C40: B20010 | D40: เสาเกี่ยวนอก (สูง 2.4 m) | E40: ลายไม้สักทอง | F40: 6.4 | G40: 1975 | H40: https://drive.google.com/file/d/1anFasLFG_4K_vklSwjnyhMWv98YpO4xL/view?usp=drive_link | I40: 10
A41: B20010-เสาเกี่ยวนอก (สูง 2.4 m)-อื่น ๆ | B41: อลูมิเนียม sms | C41: B20010 | D41: เสาเกี่ยวนอก (สูง 2.4 m) | E41: อื่น ๆ | F41: 6.4 | H41: https://drive.google.com/file/d/1anFasLFG_4K_vklSwjnyhMWv98YpO4xL/view?usp=drive_link
A42: B20019-ฝาปิดเฟรมข้าง-อบขาว | B42: อลูมิเนียม sms | C42: B20019 | D42: ฝาปิดเฟรมข้าง | E42: อบขาว | F42: 6.4 | G42: 175 | H42: https://drive.google.com/file/d/1DsDC4dUdUNCFqJjNxS7z0yr3jtNYVgtV/view?usp=drive_link | I42: 116
A43: B20019-ฝาปิดเฟรมข้าง-ดำ | B43: อลูมิเนียม sms | C43: B20019 | D43: ฝาปิดเฟรมข้าง | E43: ดำ | F43: 6.4 | G43: 175 | H43: https://drive.google.com/file/d/1DsDC4dUdUNCFqJjNxS7z0yr3jtNYVgtV/view?usp=drive_link | I43: 108
A44: B20019-ฝาปิดเฟรมข้าง-เทาซาฮาร่า | B44: อลูมิเนียม sms | C44: B20019 | D44: ฝาปิดเฟรมข้าง | E44: เทาซาฮาร่า | F44: 6.4 | G44: 190 | H44: https://drive.google.com/file/d/1DsDC4dUdUNCFqJjNxS7z0yr3jtNYVgtV/view?usp=drive_link | I44: 104
A45: B20019-ฝาปิดเฟรมข้าง-ลายไม้สักทอง | B45: อลูมิเนียม sms | C45: B20019 | D45: ฝาปิดเฟรมข้าง | E45: ลายไม้สักทอง | F45: 6.4 | G45: 280 | H45: https://drive.google.com/file/d/1DsDC4dUdUNCFqJjNxS7z0yr3jtNYVgtV/view?usp=drive_link | I45: 29
A46: B20019-ฝาปิดเฟรมข้าง-อื่น ๆ | B46: อลูมิเนียม sms | C46: B20019 | D46: ฝาปิดเฟรมข้าง | E46: อื่น ๆ | F46: 6.4 | G46: 195 | H46: https://drive.google.com/file/d/1DsDC4dUdUNCFqJjNxS7z0yr3jtNYVgtV/view?usp=drive_link
A47: B20024-คิ้วกันตก-อบขาว | B47: อลูมิเนียม sms | C47: B20024 | D47: คิ้วกันตก | E47: อบขาว | F47: 6.4 | G47: 360 | H47: https://drive.google.com/file/d/17_EICIY9hfQsaOeUOULOLmCQhmd_1G8A/view?usp=drive_link
A48: B20024-คิ้วกันตก-ดำ | B48: อลูมิเนียม sms | C48: B20024 | D48: คิ้วกันตก | E48: ดำ | F48: 6.4 | G48: 185 | H48: https://drive.google.com/file/d/17_EICIY9hfQsaOeUOULOLmCQhmd_1G8A/view?usp=drive_link
A49: B20024-คิ้วกันตก-เทาซาฮาร่า | B49: อลูมิเนียม sms | C49: B20024 | D49: คิ้วกันตก | E49: เทาซาฮาร่า | F49: 6.4 | G49: 200 | H49: https://drive.google.com/file/d/17_EICIY9hfQsaOeUOULOLmCQhmd_1G8A/view?usp=drive_link
A50: B20024-คิ้วกันตก-ลายไม้สักทอง | B50: อลูมิเนียม sms | C50: B20024 | D50: คิ้วกันตก | E50: ลายไม้สักทอง | F50: 6.4 | G50: 295 | H50: https://drive.google.com/file/d/17_EICIY9hfQsaOeUOULOLmCQhmd_1G8A/view?usp=drive_link
A51: B20024-คิ้วกันตก-อื่น ๆ | B51: อลูมิเนียม sms | C51: B20024 | D51: คิ้วกันตก | E51: อื่น ๆ | F51: 6.4 | H51: https://drive.google.com/file/d/17_EICIY9hfQsaOeUOULOLmCQhmd_1G8A/view?usp=drive_link
A52: B20041-เฟรมบานเลื่อน (3รางเสียบ)-อบขาว | B52: อลูมิเนียม sms | C52: B20041 | D52: เฟรมบานเลื่อน (3รางเสียบ) | E52: อบขาว | F52: 6.4 | G52: 2070 | H52: https://drive.google.com/file/d/18LUo6bwaiWPvXDAhQ8DWCLo73TEE1hMp/view?usp=drive_link | I52: 61
A53: B20041-เฟรมบานเลื่อน (3รางเสียบ)-ดำ | B53: อลูมิเนียม sms | C53: B20041 | D53: เฟรมบานเลื่อน (3รางเสียบ) | E53: ดำ | F53: 6.4 | G53: 2070 | H53: https://drive.google.com/file/d/18LUo6bwaiWPvXDAhQ8DWCLo73TEE1hMp/view?usp=drive_link | I53: 85
A54: B20041-เฟรมบานเลื่อน (3รางเสียบ)-เทาซาฮาร่า | B54: อลูมิเนียม sms | C54: B20041 | D54: เฟรมบานเลื่อน (3รางเสียบ) | E54: เทาซาฮาร่า | F54: 6.4 | G54: 2255 | H54: https://drive.google.com/file/d/18LUo6bwaiWPvXDAhQ8DWCLo73TEE1hMp/view?usp=drive_link | I54: 49
A55: B20041-เฟรมบานเลื่อน (3รางเสียบ)-ลายไม้สักทอง | B55: อลูมิเนียม sms | C55: B20041 | D55: เฟรมบานเลื่อน (3รางเสียบ) | E55: ลายไม้สักทอง | F55: 6.4 | G55: 3315 | H55: https://drive.google.com/file/d/18LUo6bwaiWPvXDAhQ8DWCLo73TEE1hMp/view?usp=drive_link | I55: 21
A56: B20041-เฟรมบานเลื่อน (3รางเสียบ)-อื่น ๆ | B56: อลูมิเนียม sms | C56: B20041 | D56: เฟรมบานเลื่อน (3รางเสียบ) | E56: อื่น ๆ | F56: 6.4 | G56: 2288.1 | H56: https://drive.google.com/file/d/18LUo6bwaiWPvXDAhQ8DWCLo73TEE1hMp/view?usp=drive_link
A57: B20046-ตัวต่อมัลติพ้อยท์ล็อค (ชนกลางบานเลื่อน)-อบขาว | B57: อลูมิเนียม sms | C57: B20046 | D57: ตัวต่อมัลติพ้อยท์ล็อค (ชนกลางบานเลื่อน) | E57: อบขาว | F57: 6.4 | G57: 240 | H57: https://drive.google.com/file/d/1PqAXLo9bYzjuAX3Q6gwfajj-avNYiKTC/view?usp=drive_link | I57: 38
A58: B20046-ตัวต่อมัลติพ้อยท์ล็อค (ชนกลางบานเลื่อน)-ดำ | B58: อลูมิเนียม sms | C58: B20046 | D58: ตัวต่อมัลติพ้อยท์ล็อค (ชนกลางบานเลื่อน) | E58: ดำ | F58: 6.4 | G58: 240 | H58: https://drive.google.com/file/d/1PqAXLo9bYzjuAX3Q6gwfajj-avNYiKTC/view?usp=drive_link | I58: 39
A59: B20046-ตัวต่อมัลติพ้อยท์ล็อค (ชนกลางบานเลื่อน)-เทาซาฮาร่า | B59: อลูมิเนียม sms | C59: B20046 | D59: ตัวต่อมัลติพ้อยท์ล็อค (ชนกลางบานเลื่อน) | E59: เทาซาฮาร่า | F59: 6.4 | G59: 260 | H59: https://drive.google.com/file/d/1PqAXLo9bYzjuAX3Q6gwfajj-avNYiKTC/view?usp=drive_link | I59: 37
A60: B20046-ตัวต่อมัลติพ้อยท์ล็อค (ชนกลางบานเลื่อน)-ลายไม้สักทอง | B60: อลูมิเนียม sms | C60: B20046 | D60: ตัวต่อมัลติพ้อยท์ล็อค (ชนกลางบานเลื่อน) | E60: ลายไม้สักทอง | F60: 6.4 | G60: 380 | H60: https://drive.google.com/file/d/1PqAXLo9bYzjuAX3Q6gwfajj-avNYiKTC/view?usp=drive_link | I60: 5
A61: B20046-ตัวต่อมัลติพ้อยท์ล็อค (ชนกลางบานเลื่อน)-อื่น ๆ | B61: อลูมิเนียม sms | C61: B20046 | D61: ตัวต่อมัลติพ้อยท์ล็อค (ชนกลางบานเลื่อน) | E61: อื่น ๆ | F61: 6.4 | G61: 275 | H61: https://drive.google.com/file/d/1PqAXLo9bYzjuAX3Q6gwfajj-avNYiKTC/view?usp=drive_link
A62: B20047-เฟรมล่างบานเลื่อนภายใน 3 รางเสียบภายใน-อบขาว | B62: อลูมิเนียม sms | C62: B20047 | D62: เฟรมล่างบานเลื่อนภายใน 3 รางเสียบภายใน | E62: อบขาว | F62: 6.4 | G62: 825 | H62: https://drive.google.com/file/d/1oWfy1OfeKf187GfwSwXO-jQpd-wR4XrB/view?usp=drive_link | I62: 20
A63: B20047-เฟรมล่างบานเลื่อนภายใน 3 รางเสียบภายใน-ดำ | B63: อลูมิเนียม sms | C63: B20047 | D63: เฟรมล่างบานเลื่อนภายใน 3 รางเสียบภายใน | E63: ดำ | F63: 6.4 | G63: 825 | H63: https://drive.google.com/file/d/1oWfy1OfeKf187GfwSwXO-jQpd-wR4XrB/view?usp=drive_link | I63: 24
A64: B20047-เฟรมล่างบานเลื่อนภายใน 3 รางเสียบภายใน-เทาซาฮาร่า | B64: อลูมิเนียม sms | C64: B20047 | D64: เฟรมล่างบานเลื่อนภายใน 3 รางเสียบภายใน | E64: เทาซาฮาร่า | F64: 6.4 | G64: 895 | H64: https://drive.google.com/file/d/1oWfy1OfeKf187GfwSwXO-jQpd-wR4XrB/view?usp=drive_link | I64: 12
A65: B20047-เฟรมล่างบานเลื่อนภายใน 3 รางเสียบภายใน-ลายไม้สักทอง | B65: อลูมิเนียม sms | C65: B20047 | D65: เฟรมล่างบานเลื่อนภายใน 3 รางเสียบภายใน | E65: ลายไม้สักทอง | F65: 6.4 | G65: 1320 | H65: https://drive.google.com/file/d/1oWfy1OfeKf187GfwSwXO-jQpd-wR4XrB/view?usp=drive_link
A66: B20047-เฟรมล่างบานเลื่อนภายใน 3 รางเสียบภายใน-อื่น ๆ | B66: อลูมิเนียม sms | C66: B20047 | D66: เฟรมล่างบานเลื่อนภายใน 3 รางเสียบภายใน | E66: อื่น ๆ | F66: 6.4 | H66: https://drive.google.com/file/d/1oWfy1OfeKf187GfwSwXO-jQpd-wR4XrB/view?usp=drive_link
A67: B20048-ตัวตบรางมุ้ง-อบขาว | B67: อลูมิเนียม sms | C67: B20048 | D67: ตัวตบรางมุ้ง | E67: อบขาว | F67: 6.4 | G67: 310 | H67: https://drive.google.com/file/d/1h7NjNAXMyBDWaqmL5MhZYHMA8qdB6LvX/view?usp=drive_link | I67: 49
A68: B20048-ตัวตบรางมุ้ง-ดำ | B68: อลูมิเนียม sms | C68: B20048 | D68: ตัวตบรางมุ้ง | E68: ดำ | F68: 6.4 | G68: 310 | H68: https://drive.google.com/file/d/1h7NjNAXMyBDWaqmL5MhZYHMA8qdB6LvX/view?usp=drive_link | I68: 61
A69: B20048-ตัวตบรางมุ้ง-เทาซาฮาร่า | B69: อลูมิเนียม sms | C69: B20048 | D69: ตัวตบรางมุ้ง | E69: เทาซาฮาร่า | F69: 6.4 | G69: 340 | H69: https://drive.google.com/file/d/1h7NjNAXMyBDWaqmL5MhZYHMA8qdB6LvX/view?usp=drive_link | I69: 73
A70: B20048-ตัวตบรางมุ้ง-ลายไม้สักทอง | B70: อลูมิเนียม sms | C70: B20048 | D70: ตัวตบรางมุ้ง | E70: ลายไม้สักทอง | F70: 6.4 | G70: 495 | H70: https://drive.google.com/file/d/1h7NjNAXMyBDWaqmL5MhZYHMA8qdB6LvX/view?usp=drive_link | I70: 30
A71: B20048-ตัวตบรางมุ้ง-อื่น ๆ | B71: อลูมิเนียม sms | C71: B20048 | D71: ตัวตบรางมุ้ง | E71: อื่น ๆ | F71: 6.4 | H71: https://drive.google.com/file/d/1h7NjNAXMyBDWaqmL5MhZYHMA8qdB6LvX/view?usp=drive_link
A72: B20050-ฝาตบปิดรางภายใน-อบขาว | B72: อลูมิเนียม sms | C72: B20050 | D72: ฝาตบปิดรางภายใน | E72: อบขาว | F72: 6.4 | G72: 145 | H72: https://drive.google.com/file/d/1Jixq2ZayPNBEMC1jfWhmrlHMsZJwkFcx/view?usp=drive_link | I72: 69
A73: B20050-ฝาตบปิดรางภายใน-ดำ | B73: อลูมิเนียม sms | C73: B20050 | D73: ฝาตบปิดรางภายใน | E73: ดำ | F73: 6.4 | G73: 145 | H73: https://drive.google.com/file/d/1Jixq2ZayPNBEMC1jfWhmrlHMsZJwkFcx/view?usp=drive_link | I73: 62
A74: B20050-ฝาตบปิดรางภายใน-เทาซาฮาร่า | B74: อลูมิเนียม sms | C74: B20050 | D74: ฝาตบปิดรางภายใน | E74: เทาซาฮาร่า | F74: 6.4 | G74: 155 | H74: https://drive.google.com/file/d/1Jixq2ZayPNBEMC1jfWhmrlHMsZJwkFcx/view?usp=drive_link | I74: 61
A75: B20050-ฝาตบปิดรางภายใน-ลายไม้สักทอง | B75: อลูมิเนียม sms | C75: B20050 | D75: ฝาตบปิดรางภายใน | E75: ลายไม้สักทอง | F75: 6.4 | G75: 230 | H75: https://drive.google.com/file/d/1Jixq2ZayPNBEMC1jfWhmrlHMsZJwkFcx/view?usp=drive_link | I75: 8
A76: B20050-ฝาตบปิดรางภายใน-อื่น ๆ | B76: อลูมิเนียม sms | C76: B20050 | D76: ฝาตบปิดรางภายใน | E76: อื่น ๆ | F76: 6.4 | H76: https://drive.google.com/file/d/1Jixq2ZayPNBEMC1jfWhmrlHMsZJwkFcx/view?usp=drive_link
A77: B20051-กรอบบานมัลติพ้อยท์ล็อค-อบขาว | B77: อลูมิเนียม sms | C77: B20051 | D77: กรอบบานมัลติพ้อยท์ล็อค | E77: อบขาว | F77: 6.4 | G77: 894.67 | H77: https://drive.google.com/file/d/14_kzWQaRZTHLS9USzr4Ik_vFT2UHDIcJ/view?usp=drive_link | I77: 60
A78: B20051-กรอบบานมัลติพ้อยท์ล็อค-ดำ | B78: อลูมิเนียม sms | C78: B20051 | D78: กรอบบานมัลติพ้อยท์ล็อค | E78: ดำ | F78: 6.4 | G78: 890 | H78: https://drive.google.com/file/d/14_kzWQaRZTHLS9USzr4Ik_vFT2UHDIcJ/view?usp=drive_link | I78: 63
A79: B20051-กรอบบานมัลติพ้อยท์ล็อค-เทาซาฮาร่า | B79: อลูมิเนียม sms | C79: B20051 | D79: กรอบบานมัลติพ้อยท์ล็อค | E79: เทาซาฮาร่า | F79: 6.4 | G79: 965 | H79: https://drive.google.com/file/d/14_kzWQaRZTHLS9USzr4Ik_vFT2UHDIcJ/view?usp=drive_link | I79: 60
A80: B20051-กรอบบานมัลติพ้อยท์ล็อค-ลายไม้สักทอง | B80: อลูมิเนียม sms | C80: B20051 | D80: กรอบบานมัลติพ้อยท์ล็อค | E80: ลายไม้สักทอง | F80: 6.4 | G80: 1458.6 | H80: https://drive.google.com/file/d/14_kzWQaRZTHLS9USzr4Ik_vFT2UHDIcJ/view?usp=drive_link
A81: B20051-กรอบบานมัลติพ้อยท์ล็อค-อื่น ๆ | B81: อลูมิเนียม sms | C81: B20051 | D81: กรอบบานมัลติพ้อยท์ล็อค | E81: อื่น ๆ | F81: 6.4 | G81: 972.23 | H81: https://drive.google.com/file/d/14_kzWQaRZTHLS9USzr4Ik_vFT2UHDIcJ/view?usp=drive_link
A82: B20053-กรอบบานมัลติพ้อยท์ล็อคร่องปกติมีมือจับ-อบขาว | B82: อลูมิเนียม sms | C82: B20053 | D82: กรอบบานมัลติพ้อยท์ล็อคร่องปกติมีมือจับ | E82: อบขาว | F82: 6.4 | G82: 1550 | H82: https://drive.google.com/file/d/1ZhbTfFQRFKtH78BxWUnxN17X53AGHJHQ/view?usp=drive_link
A83: B20053-กรอบบานมัลติพ้อยท์ล็อคร่องปกติมีมือจับ-ดำ | B83: อลูมิเนียม sms | C83: B20053 | D83: กรอบบานมัลติพ้อยท์ล็อคร่องปกติมีมือจับ | E83: ดำ | F83: 6.4 | G83: 1550 | H83: https://drive.google.com/file/d/1ZhbTfFQRFKtH78BxWUnxN17X53AGHJHQ/view?usp=drive_link
A84: B20053-กรอบบานมัลติพ้อยท์ล็อคร่องปกติมีมือจับ-เทาซาฮาร่า | B84: อลูมิเนียม sms | C84: B20053 | D84: กรอบบานมัลติพ้อยท์ล็อคร่องปกติมีมือจับ | E84: เทาซาฮาร่า | F84: 6.4 | G84: 1690 | H84: https://drive.google.com/file/d/1ZhbTfFQRFKtH78BxWUnxN17X53AGHJHQ/view?usp=drive_link
A85: B20053-กรอบบานมัลติพ้อยท์ล็อคร่องปกติมีมือจับ-ลายไม้สักทอง | B85: อลูมิเนียม sms | C85: B20053 | D85: กรอบบานมัลติพ้อยท์ล็อคร่องปกติมีมือจับ | E85: ลายไม้สักทอง | F85: 6.4 | G85: 2480 | H85: https://drive.google.com/file/d/1ZhbTfFQRFKtH78BxWUnxN17X53AGHJHQ/view?usp=drive_link
A86: B20053-กรอบบานมัลติพ้อยท์ล็อคร่องปกติมีมือจับ-อื่น ๆ | B86: อลูมิเนียม sms | C86: B20053 | D86: กรอบบานมัลติพ้อยท์ล็อคร่องปกติมีมือจับ | E86: อื่น ๆ | F86: 6.4 | H86: https://drive.google.com/file/d/1ZhbTfFQRFKtH78BxWUnxN17X53AGHJHQ/view?usp=drive_link
A87: B20054-ขวางล่างใส่ล้อตลับขวางบน/ขวางล่าง-อบขาว | B87: อลูมิเนียม sms | C87: B20054 | D87: ขวางล่างใส่ล้อตลับขวางบน/ขวางล่าง | E87: อบขาว | F87: 6.4 | G87: 1060 | H87: https://drive.google.com/file/d/1AeB7emez1YjApaGcItvPeeDvTXOJmK_9/view?usp=drive_link | I87: 46
A88: B20054-ขวางล่างใส่ล้อตลับขวางบน/ขวางล่าง-ดำ | B88: อลูมิเนียม sms | C88: B20054 | D88: ขวางล่างใส่ล้อตลับขวางบน/ขวางล่าง | E88: ดำ | F88: 6.4 | G88: 1060 | H88: https://drive.google.com/file/d/1AeB7emez1YjApaGcItvPeeDvTXOJmK_9/view?usp=drive_link | I88: 52
A89: B20054-ขวางล่างใส่ล้อตลับขวางบน/ขวางล่าง-เทาซาฮาร่า | B89: อลูมิเนียม sms | C89: B20054 | D89: ขวางล่างใส่ล้อตลับขวางบน/ขวางล่าง | E89: เทาซาฮาร่า | F89: 6.4 | G89: 1155 | H89: https://drive.google.com/file/d/1AeB7emez1YjApaGcItvPeeDvTXOJmK_9/view?usp=drive_link | I89: 66
A90: B20054-ขวางล่างใส่ล้อตลับขวางบน/ขวางล่าง-ลายไม้สักทอง | B90: อลูมิเนียม sms | C90: B20054 | D90: ขวางล่างใส่ล้อตลับขวางบน/ขวางล่าง | E90: ลายไม้สักทอง | F90: 6.4 | G90: 1700 | H90: https://drive.google.com/file/d/1AeB7emez1YjApaGcItvPeeDvTXOJmK_9/view?usp=drive_link | I90: 30
A91: B20054-ขวางล่างใส่ล้อตลับขวางบน/ขวางล่าง-อื่น ๆ | B91: อลูมิเนียม sms | C91: B20054 | D91: ขวางล่างใส่ล้อตลับขวางบน/ขวางล่าง | E91: อื่น ๆ | F91: 6.4 | G91: 1111.42 | H91: https://drive.google.com/file/d/1AeB7emez1YjApaGcItvPeeDvTXOJmK_9/view?usp=drive_link
A92: B22001-เฟรมบนบานเลื่อน 45 มม.-อบขาว | B92: อลูมิเนียม sms | C92: B22001 | D92: เฟรมบนบานเลื่อน 45 มม. | E92: อบขาว | F92: 6.4 | G92: 1235 | H92: https://drive.google.com/file/d/1y7S8gCl4rN1irUuhGPdGmP2VYS-A9uQJ/view?usp=drive_link
A93: B22001-เฟรมบนบานเลื่อน 45 มม.-ดำ | B93: อลูมิเนียม sms | C93: B22001 | D93: เฟรมบนบานเลื่อน 45 มม. | E93: ดำ | F93: 6.4 | G93: 1235 | H93: https://drive.google.com/file/d/1y7S8gCl4rN1irUuhGPdGmP2VYS-A9uQJ/view?usp=drive_link
A94: B22001-เฟรมบนบานเลื่อน 45 มม.-เทาซาฮาร่า | B94: อลูมิเนียม sms | C94: B22001 | D94: เฟรมบนบานเลื่อน 45 มม. | E94: เทาซาฮาร่า | F94: 6.4 | G94: 1345 | H94: https://drive.google.com/file/d/1y7S8gCl4rN1irUuhGPdGmP2VYS-A9uQJ/view?usp=drive_link
A95: B22001-เฟรมบนบานเลื่อน 45 มม.-ลายไม้สักทอง | B95: อลูมิเนียม sms | C95: B22001 | D95: เฟรมบนบานเลื่อน 45 มม. | E95: ลายไม้สักทอง | F95: 6.4 | H95: https://drive.google.com/file/d/1y7S8gCl4rN1irUuhGPdGmP2VYS-A9uQJ/view?usp=drive_link
A96: B22001-เฟรมบนบานเลื่อน 45 มม.-อื่น ๆ | B96: อลูมิเนียม sms | C96: B22001 | D96: เฟรมบนบานเลื่อน 45 มม. | E96: อื่น ๆ | F96: 6.4 | H96: https://drive.google.com/file/d/1y7S8gCl4rN1irUuhGPdGmP2VYS-A9uQJ/view?usp=drive_link
A97: B22002-เฟรมข้างบานเลื่อน 45 มม.-อบขาว | B97: อลูมิเนียม sms | C97: B22002 | D97: เฟรมข้างบานเลื่อน 45 มม. | E97: อบขาว | F97: 6.4 | G97: 1030 | H97: https://drive.google.com/file/d/1OXyMh0dmZE7X-lzliw2130oW99WcPowD/view?usp=drive_link
A98: B22002-เฟรมข้างบานเลื่อน 45 มม.-ดำ | B98: อลูมิเนียม sms | C98: B22002 | D98: เฟรมข้างบานเลื่อน 45 มม. | E98: ดำ | F98: 6.4 | G98: 1030 | H98: https://drive.google.com/file/d/1OXyMh0dmZE7X-lzliw2130oW99WcPowD/view?usp=drive_link
A99: B22002-เฟรมข้างบานเลื่อน 45 มม.-เทาซาฮาร่า | B99: อลูมิเนียม sms | C99: B22002 | D99: เฟรมข้างบานเลื่อน 45 มม. | E99: เทาซาฮาร่า | F99: 6.4 | G99: 1120 | H99: https://drive.google.com/file/d/1OXyMh0dmZE7X-lzliw2130oW99WcPowD/view?usp=drive_link
A100: B22002-เฟรมข้างบานเลื่อน 45 มม.-ลายไม้สักทอง | B100: อลูมิเนียม sms | C100: B22002 | D100: เฟรมข้างบานเลื่อน 45 มม. | E100: ลายไม้สักทอง | F100: 6.4 | H100: https://drive.google.com/file/d/1OXyMh0dmZE7X-lzliw2130oW99WcPowD/view?usp=drive_link
...

Sheet แผ่นหลังคาและผนัง
A1: SKU | B1: ประเภท | C1: รหัส | D1: รายการสินค้า | E1: สี | F1: ขนาด | G1: ราคา | H1: รูป | I1: ยอดคงเหลือ | J1: ยอดเบิกรวม
A2: {=BYROW(ตาราง1_7[[รหัส]:[สี]], LAMBDA(row, TEXTJOIN("-", TRUE, row)))} -> ตัวตบหลังเต่า-มิว | D2: ตัวตบหลังเต่า | E2: มิว | F2: 6 | H2: https://drive.google.com/file/d/14YoUuP9iQNtxRj2fVuhK4sc2KujDf-3T/view?usp=drive_link
A3: ตัวตบหลังเต่า-อบขาว | D3: ตัวตบหลังเต่า | E3: อบขาว | F3: 6 | H3: https://drive.google.com/file/d/14YoUuP9iQNtxRj2fVuhK4sc2KujDf-3T/view?usp=drive_link
A4: ตัวตบหลังเต่า-ดำ | D4: ตัวตบหลังเต่า | E4: ดำ | F4: 6 | H4: https://drive.google.com/file/d/14YoUuP9iQNtxRj2fVuhK4sc2KujDf-3T/view?usp=drive_link
A5: ตัวตบหลังเต่า-เทาซาฮาร่า | D5: ตัวตบหลังเต่า | E5: เทาซาฮาร่า | F5: 6 | H5: https://drive.google.com/file/d/14YoUuP9iQNtxRj2fVuhK4sc2KujDf-3T/view?usp=drive_link
A6: ตัวตบหลังเต่า-Aztec gray | D6: ตัวตบหลังเต่า | E6: Aztec gray | F6: 6 | H6: https://drive.google.com/file/d/14YoUuP9iQNtxRj2fVuhK4sc2KujDf-3T/view?usp=drive_link
A7: ตัวเดินหลังเต่าหลังคา-อบขาว | D7: ตัวเดินหลังเต่าหลังคา | E7: อบขาว | F7: 6 | H7: https://drive.google.com/file/d/1COsFZDP9fptiWLvKn9aNQEkLuXWtE5hZ/view?usp=drive_link | I7: 10
A8: ตัวเดินหลังเต่าหลังคา-ดำ | D8: ตัวเดินหลังเต่าหลังคา | E8: ดำ | F8: 6 | H8: https://drive.google.com/file/d/1COsFZDP9fptiWLvKn9aNQEkLuXWtE5hZ/view?usp=drive_link | I8: 16
A9: ตัวตบหลังเต่าหลังคา-อบขาว | D9: ตัวตบหลังเต่าหลังคา | E9: อบขาว | F9: 6 | H9: https://drive.google.com/file/d/1COsFZDP9fptiWLvKn9aNQEkLuXWtE5hZ/view?usp=drive_link | I9: 32
A10: ตัวตบหลังเต่าหลังคา-ดำ | D10: ตัวตบหลังเต่าหลังคา | E10: ดำ | F10: 6 | H10: https://drive.google.com/file/d/1COsFZDP9fptiWLvKn9aNQEkLuXWtE5hZ/view?usp=drive_link | I10: 12

Sheet เช็ครายการเบิกต่องาน
A1: ชื่องาน (ลูกค้า) | B1: คุณแมว | C1: วันที่ | D1: ผู้เบิก | E1: หมวดหมู่ | F1: รายการสินค้า | G1: จำนวน | H1: ราคารวม | I1: Remark
A2: มูลค่ารวม | C2: =IFERROR(__xludf.DUMMYFUNCTION("IFERROR( FILTER(CHOOSECOLS('รับเข้า-เบิก'!C2:K2112,1,2,4,5,6,8,9),'รับเข้า-เบิก'!$E$2:$E2112=B1))"),"")

Sheet สรุปรายการเบิกต่อเดือน

Sheet รวมรายการสินค้า
A1: หมวดหมู่ | B1: ชื่อรายการ
A2: =IFERROR(__xludf.DUMMYFUNCTION("{QUERY({ตาราง1[2];ตาราง1_2[SKU]},""select 'อุปกรณ์', Col1 label 'อุปกรณ์'''""); QUERY(ตาราง1_3[SKU],""select 'ยาง ลักหลาด', Col1 label 'ยาง ลักหลาด'''""); QUERY(ตาราง1_4[SKU],""select 'เครื่องมือช่าง', Col1 label 'เครื่องมือช่าง'''""); QUERY(ตาราง1_5[คอลั"&"มน์ 1],""select 'น็อต', Col1 label 'น็อต'''""); QUERY(ตาราง1_6[SKU],""select 'อลูมิเนียม', Col1 label 'อลูมิเนียม'''"")}"),"อุปกรณ์") -> อุปกรณ์ | B2: =IFERROR(__xludf.DUMMYFUNCTION("""COMPUTED_VALUE"""),"มือจับประตูบานเลื่อนแขวน ทรงโค้ง HOYA-PS-102-สแตนเลส") -> มือจับประตูบานเลื่อนแขวน ทรงโค้ง HOYA-PS-102-สแตนเลส
A3: =IFERROR(__xludf.DUMMYFUNCTION("""COMPUTED_VALUE"""),"อุปกรณ์") -> อุปกรณ์ | B3: =IFERROR(__xludf.DUMMYFUNCTION("""COMPUTED_VALUE"""),"มือจับฝังบานเลื่อน Hyda 416-Dummy-ดำ") -> มือจับฝังบานเลื่อน Hyda 416-Dummy-ดำ
A4: =IFERROR(__xludf.DUMMYFUNCTION("""COMPUTED_VALUE"""),"อุปกรณ์") -> อุปกรณ์ | B4: =IFERROR(__xludf.DUMMYFUNCTION("""COMPUTED_VALUE"""),"มือจับฝังบานเลื่อน Hyda 416-Dummy-อบขาว") -> มือจับฝังบานเลื่อน Hyda 416-Dummy-อบขาว
A5: =IFERROR(__xludf.DUMMYFUNCTION("""COMPUTED_VALUE"""),"อุปกรณ์") -> อุปกรณ์ | B5: =IFERROR(__xludf.DUMMYFUNCTION("""COMPUTED_VALUE"""),"มือจับฝังบานเลื่อน Hyda 416-Lock-ดำ") -> มือจับฝังบานเลื่อน Hyda 416-Lock-ดำ
A6: =IFERROR(__xludf.DUMMYFUNCTION("""COMPUTED_VALUE"""),"อุปกรณ์") -> อุปกรณ์ | B6: =IFERROR(__xludf.DUMMYFUNCTION("""COMPUTED_VALUE"""),"มือจับฝังบานเลื่อน Hyda 416-Lock-อบขาว") -> มือจับฝังบานเลื่อน Hyda 416-Lock-อบขาว
A7: =IFERROR(__xludf.DUMMYFUNCTION("""COMPUTED_VALUE"""),"อุปกรณ์") -> อุปกรณ์ | B7: =IFERROR(__xludf.DUMMYFUNCTION("""COMPUTED_VALUE"""),"มือจับฝังบานเลื่อน CMECH-Fixed Recessed Handle-ดำ") -> มือจับฝังบานเลื่อน CMECH-Fixed Recessed Handle-ดำ
A8: =IFERROR(__xludf.DUMMYFUNCTION("""COMPUTED_VALUE"""),"อุปกรณ์") -> อุปกรณ์ | B8: =IFERROR(__xludf.DUMMYFUNCTION("""COMPUTED_VALUE"""),"มือจับฝังบานเลื่อน CMECH-Fixed Recessed Handle-อบขาว") -> มือจับฝังบานเลื่อน CMECH-Fixed Recessed Handle-อบขาว
A9: =IFERROR(__xludf.DUMMYFUNCTION("""COMPUTED_VALUE"""),"อุปกรณ์") -> อุปกรณ์ | B9: =IFERROR(__xludf.DUMMYFUNCTION("""COMPUTED_VALUE"""),"มือจับฝังบานเลื่อน CMECH-Multi-Point Lock Recessed Handle-ดำ") -> มือจับฝังบานเลื่อน CMECH-Multi-Point Lock Recessed Handle-ดำ
A10: =IFERROR(__xludf.DUMMYFUNCTION("""COMPUTED_VALUE"""),"อุปกรณ์") -> อุปกรณ์ | B10: =IFERROR(__xludf.DUMMYFUNCTION("""COMPUTED_VALUE"""),"มือจับฝังบานเลื่อน CMECH-Multi-Point Lock Recessed Handle-อบขาว") -> มือจับฝังบานเลื่อน CMECH-Multi-Point Lock Recessed Handle-อบขาว
A11: =IFERROR(__xludf.DUMMYFUNCTION("""COMPUTED_VALUE"""),"อุปกรณ์") -> อุปกรณ์ | B11: =IFERROR(__xludf.DUMMYFUNCTION("""COMPUTED_VALUE"""),"มือจับฝังบานเลื่อน CMECH-Multi-Point Lock Recessed Interior with Key-ดำ") -> มือจับฝังบานเลื่อน CMECH-Multi-Point Lock Recessed Interior with Key-ดำ
A12: =IFERROR(__xludf.DUMMYFUNCTION("""COMPUTED_VALUE"""),"อุปกรณ์") -> อุปกรณ์ | B12: =IFERROR(__xludf.DUMMYFUNCTION("""COMPUTED_VALUE"""),"มือจับฝังบานเลื่อน CMECH-Multi-Point Lock Recessed Interior with Key-อบขาว") -> มือจับฝังบานเลื่อน CMECH-Multi-Point Lock Recessed Interior with Key-อบขาว
A13: =IFERROR(__xludf.DUMMYFUNCTION("""COMPUTED_VALUE"""),"อุปกรณ์") -> อุปกรณ์ | B13: =IFERROR(__xludf.DUMMYFUNCTION("""COMPUTED_VALUE"""),"มือจับบานเลื่อน CMECH-Metro Handle_ Dummy-ดำ") -> มือจับบานเลื่อน CMECH-Metro Handle_ Dummy-ดำ
A14: =IFERROR(__xludf.DUMMYFUNCTION("""COMPUTED_VALUE"""),"อุปกรณ์") -> อุปกรณ์ | B14: =IFERROR(__xludf.DUMMYFUNCTION("""COMPUTED_VALUE"""),"มือจับบานเลื่อน CMECH-Metro Handle_ Dummy-อบขาว") -> มือจับบานเลื่อน CMECH-Metro Handle_ Dummy-อบขาว
A15: =IFERROR(__xludf.DUMMYFUNCTION("""COMPUTED_VALUE"""),"อุปกรณ์") -> อุปกรณ์ | B15: =IFERROR(__xludf.DUMMYFUNCTION("""COMPUTED_VALUE"""),"มือจับบานเลื่อน CMECH-Metro Handle_ Lock-ดำ") -> มือจับบานเลื่อน CMECH-Metro Handle_ Lock-ดำ
A16: =IFERROR(__xludf.DUMMYFUNCTION("""COMPUTED_VALUE"""),"อุปกรณ์") -> อุปกรณ์ | B16: =IFERROR(__xludf.DUMMYFUNCTION("""COMPUTED_VALUE"""),"มือจับบานเลื่อน CMECH-Metro Handle_ Lock-อบขาว") -> มือจับบานเลื่อน CMECH-Metro Handle_ Lock-อบขาว
A17: =IFERROR(__xludf.DUMMYFUNCTION("""COMPUTED_VALUE"""),"อุปกรณ์") -> อุปกรณ์ | B17: =IFERROR(__xludf.DUMMYFUNCTION("""COMPUTED_VALUE"""),"มือจับบานเลื่อน CMECH-Metro Handle_ Key-ดำ") -> มือจับบานเลื่อน CMECH-Metro Handle_ Key-ดำ
A18: =IFERROR(__xludf.DUMMYFUNCTION("""COMPUTED_VALUE"""),"อุปกรณ์") -> อุปกรณ์ | B18: =IFERROR(__xludf.DUMMYFUNCTION("""COMPUTED_VALUE"""),"มือจับบานเลื่อน CMECH-Metro Handle_ Key-อบขาว") -> มือจับบานเลื่อน CMECH-Metro Handle_ Key-อบขาว
A19: =IFERROR(__xludf.DUMMYFUNCTION("""COMPUTED_VALUE"""),"อุปกรณ์") -> อุปกรณ์ | B19: =IFERROR(__xludf.DUMMYFUNCTION("""COMPUTED_VALUE"""),"มือจับฝังบานเลื่อน Align-Dummy-ดำ") -> มือจับฝังบานเลื่อน Align-Dummy-ดำ
A20: =IFERROR(__xludf.DUMMYFUNCTION("""COMPUTED_VALUE"""),"อุปกรณ์") -> อุปกรณ์ | B20: =IFERROR(__xludf.DUMMYFUNCTION("""COMPUTED_VALUE"""),"มือจับฝังบานเลื่อน Align-Dummy-อบขาว") -> มือจับฝังบานเลื่อน Align-Dummy-อบขาว
A21: =IFERROR(__xludf.DUMMYFUNCTION("""COMPUTED_VALUE"""),"อุปกรณ์") -> อุปกรณ์ | B21: =IFERROR(__xludf.DUMMYFUNCTION("""COMPUTED_VALUE"""),"มือจับฝังบานเลื่อน Align-Lock-ดำ") -> มือจับฝังบานเลื่อน Align-Lock-ดำ
A22: =IFERROR(__xludf.DUMMYFUNCTION("""COMPUTED_VALUE"""),"อุปกรณ์") -> อุปกรณ์ | B22: =IFERROR(__xludf.DUMMYFUNCTION("""COMPUTED_VALUE"""),"มือจับฝังบานเลื่อน Align-Lock-อบขาว") -> มือจับฝังบานเลื่อน Align-Lock-อบขาว
A23: =IFERROR(__xludf.DUMMYFUNCTION("""COMPUTED_VALUE"""),"อุปกรณ์") -> อุปกรณ์ | B23: =IFERROR(__xludf.DUMMYFUNCTION("""COMPUTED_VALUE"""),"มือจับฝังบานเลื่อน Align-Key-ดำ") -> มือจับฝังบานเลื่อน Align-Key-ดำ
A24: =IFERROR(__xludf.DUMMYFUNCTION("""COMPUTED_VALUE"""),"อุปกรณ์") -> อุปกรณ์ | B24: =IFERROR(__xludf.DUMMYFUNCTION("""COMPUTED_VALUE"""),"มือจับฝังบานเลื่อน Align-Key-อบขาว") -> มือจับฝังบานเลื่อน Align-Key-อบขาว
A25: =IFERROR(__xludf.DUMMYFUNCTION("""COMPUTED_VALUE"""),"อุปกรณ์") -> อุปกรณ์ | B25: =IFERROR(__xludf.DUMMYFUNCTION("""COMPUTED_VALUE"""),"มือจับเจาะกระจกประตูบานเลื่อน-แบบกลม-สแตนเลส") -> มือจับเจาะกระจกประตูบานเลื่อน-แบบกลม-สแตนเลส
A26: =IFERROR(__xludf.DUMMYFUNCTION("""COMPUTED_VALUE"""),"อุปกรณ์") -> อุปกรณ์ | B26: =IFERROR(__xludf.DUMMYFUNCTION("""COMPUTED_VALUE"""),"มือจับสแตนเลส VVP_HD110-แบบกลม-สแตนเลส") -> มือจับสแตนเลส VVP_HD110-แบบกลม-สแตนเลส
A27: =IFERROR(__xludf.DUMMYFUNCTION("""COMPUTED_VALUE"""),"อุปกรณ์") -> อุปกรณ์ | B27: =IFERROR(__xludf.DUMMYFUNCTION("""COMPUTED_VALUE"""),"มือจับสแตนเลส VVP_HD189-แบบเหลี่ยม-สแตนเลส") -> มือจับสแตนเลส VVP_HD189-แบบเหลี่ยม-สแตนเลส
A28: =IFERROR(__xludf.DUMMYFUNCTION("""COMPUTED_VALUE"""),"อุปกรณ์") -> อุปกรณ์ | B28: =IFERROR(__xludf.DUMMYFUNCTION("""COMPUTED_VALUE"""),"มือจับสแตนเลส VVP_HD190-แบบเหลี่ยม-สแตนเลส") -> มือจับสแตนเลส VVP_HD190-แบบเหลี่ยม-สแตนเลส
A29: =IFERROR(__xludf.DUMMYFUNCTION("""COMPUTED_VALUE"""),"อุปกรณ์") -> อุปกรณ์ | B29: =IFERROR(__xludf.DUMMYFUNCTION("""COMPUTED_VALUE"""),"มือจับบานกระทุ้ง CZ-HD-004-CENZA_ ( L )-อบขาว") -> มือจับบานกระทุ้ง CZ-HD-004-CENZA_ ( L )-อบขาว
A30: =IFERROR(__xludf.DUMMYFUNCTION("""COMPUTED_VALUE"""),"อุปกรณ์") -> อุปกรณ์ | B30: =IFERROR(__xludf.DUMMYFUNCTION("""COMPUTED_VALUE"""),"มือจับบานกระทุ้ง CZ-HD-004-CENZA_ ( R )-อบขาว") -> มือจับบานกระทุ้ง CZ-HD-004-CENZA_ ( R )-อบขาว
A31: =IFERROR(__xludf.DUMMYFUNCTION("""COMPUTED_VALUE"""),"อุปกรณ์") -> อุปกรณ์ | B31: =IFERROR(__xludf.DUMMYFUNCTION("""COMPUTED_VALUE"""),"มือจับบานกระทุ้ง CZ-HD-004-CENZA_ ( L )-ดำ") -> มือจับบานกระทุ้ง CZ-HD-004-CENZA_ ( L )-ดำ
A32: =IFERROR(__xludf.DUMMYFUNCTION("""COMPUTED_VALUE"""),"อุปกรณ์") -> อุปกรณ์ | B32: =IFERROR(__xludf.DUMMYFUNCTION("""COMPUTED_VALUE"""),"มือจับบานกระทุ้ง CZ-HD-004-CENZA_ ( R )-ดำ") -> มือจับบานกระทุ้ง CZ-HD-004-CENZA_ ( R )-ดำ
A33: =IFERROR(__xludf.DUMMYFUNCTION("""COMPUTED_VALUE"""),"อุปกรณ์") -> อุปกรณ์ | B33: =IFERROR(__xludf.DUMMYFUNCTION("""COMPUTED_VALUE"""),"มือจับบานกระทุ้งหลบมุ้ง-CMECH_ ( L )-อบขาว") -> มือจับบานกระทุ้งหลบมุ้ง-CMECH_ ( L )-อบขาว
A34: =IFERROR(__xludf.DUMMYFUNCTION("""COMPUTED_VALUE"""),"อุปกรณ์") -> อุปกรณ์ | B34: =IFERROR(__xludf.DUMMYFUNCTION("""COMPUTED_VALUE"""),"มือจับบานกระทุ้งหลบมุ้ง-CMECH_ ( R )-อบขาว") -> มือจับบานกระทุ้งหลบมุ้ง-CMECH_ ( R )-อบขาว
A35: =IFERROR(__xludf.DUMMYFUNCTION("""COMPUTED_VALUE"""),"อุปกรณ์") -> อุปกรณ์ | B35: =IFERROR(__xludf.DUMMYFUNCTION("""COMPUTED_VALUE"""),"มือจับบานกระทุ้งหลบมุ้ง-CMECH_ ( L )-ดำ") -> มือจับบานกระทุ้งหลบมุ้ง-CMECH_ ( L )-ดำ
A36: =IFERROR(__xludf.DUMMYFUNCTION("""COMPUTED_VALUE"""),"อุปกรณ์") -> อุปกรณ์ | B36: =IFERROR(__xludf.DUMMYFUNCTION("""COMPUTED_VALUE"""),"มือจับบานกระทุ้งหลบมุ้ง-CMECH_ ( R )-ดำ") -> มือจับบานกระทุ้งหลบมุ้ง-CMECH_ ( R )-ดำ
A37: =IFERROR(__xludf.DUMMYFUNCTION("""COMPUTED_VALUE"""),"อุปกรณ์") -> อุปกรณ์ | B37: =IFERROR(__xludf.DUMMYFUNCTION("""COMPUTED_VALUE"""),"มือจับบานเปิด KINGBO-Dummy-ดำ") -> มือจับบานเปิด KINGBO-Dummy-ดำ
A38: =IFERROR(__xludf.DUMMYFUNCTION("""COMPUTED_VALUE"""),"อุปกรณ์") -> อุปกรณ์ | B38: =IFERROR(__xludf.DUMMYFUNCTION("""COMPUTED_VALUE"""),"มือจับบานเปิด KINGBO-Dummy-อบขาว") -> มือจับบานเปิด KINGBO-Dummy-อบขาว
A39: =IFERROR(__xludf.DUMMYFUNCTION("""COMPUTED_VALUE"""),"อุปกรณ์") -> อุปกรณ์ | B39: =IFERROR(__xludf.DUMMYFUNCTION("""COMPUTED_VALUE"""),"มือจับบานเปิด KINGBO-Key-ดำ") -> มือจับบานเปิด KINGBO-Key-ดำ
A40: =IFERROR(__xludf.DUMMYFUNCTION("""COMPUTED_VALUE"""),"อุปกรณ์") -> อุปกรณ์ | B40: =IFERROR(__xludf.DUMMYFUNCTION("""COMPUTED_VALUE"""),"มือจับบานเปิด KINGBO-Key-อบขาว") -> มือจับบานเปิด KINGBO-Key-อบขาว
A41: =IFERROR(__xludf.DUMMYFUNCTION("""COMPUTED_VALUE"""),"อุปกรณ์") -> อุปกรณ์ | B41: =IFERROR(__xludf.DUMMYFUNCTION("""COMPUTED_VALUE"""),"มือจับหลบมุ้ง KINGBO-FH3016 _( L )-ดำ") -> มือจับหลบมุ้ง KINGBO-FH3016 _( L )-ดำ
A42: =IFERROR(__xludf.DUMMYFUNCTION("""COMPUTED_VALUE"""),"อุปกรณ์") -> อุปกรณ์ | B42: =IFERROR(__xludf.DUMMYFUNCTION("""COMPUTED_VALUE"""),"มือจับหลบมุ้ง KINGBO-FH3016 _ ( R )-ดำ") -> มือจับหลบมุ้ง KINGBO-FH3016 _ ( R )-ดำ
A43: =IFERROR(__xludf.DUMMYFUNCTION("""COMPUTED_VALUE"""),"อุปกรณ์") -> อุปกรณ์ | B43: =IFERROR(__xludf.DUMMYFUNCTION("""COMPUTED_VALUE"""),"มือจับหลบมุ้ง KINGBO-FH3016 _( L )-อบขาว") -> มือจับหลบมุ้ง KINGBO-FH3016 _( L )-อบขาว
A44: =IFERROR(__xludf.DUMMYFUNCTION("""COMPUTED_VALUE"""),"อุปกรณ์") -> อุปกรณ์ | B44: =IFERROR(__xludf.DUMMYFUNCTION("""COMPUTED_VALUE"""),"มือจับหลบมุ้ง KINGBO-FH3016 _ ( R )-อบขาว") -> มือจับหลบมุ้ง KINGBO-FH3016 _ ( R )-อบขาว
A45: =IFERROR(__xludf.DUMMYFUNCTION("""COMPUTED_VALUE"""),"อุปกรณ์") -> อุปกรณ์ | B45: =IFERROR(__xludf.DUMMYFUNCTION("""COMPUTED_VALUE"""),"มือจับฝัง Align-กุญแจ-ดำ") -> มือจับฝัง Align-กุญแจ-ดำ
A46: =IFERROR(__xludf.DUMMYFUNCTION("""COMPUTED_VALUE"""),"อุปกรณ์") -> อุปกรณ์ | B46: =IFERROR(__xludf.DUMMYFUNCTION("""COMPUTED_VALUE"""),"มือจับฝัง Align-ล็อค-ดำ") -> มือจับฝัง Align-ล็อค-ดำ
A47: =IFERROR(__xludf.DUMMYFUNCTION("""COMPUTED_VALUE"""),"อุปกรณ์") -> อุปกรณ์ | B47: =IFERROR(__xludf.DUMMYFUNCTION("""COMPUTED_VALUE"""),"มือจับฝัง Align-ดัมมี่-ดำ") -> มือจับฝัง Align-ดัมมี่-ดำ
A48: =IFERROR(__xludf.DUMMYFUNCTION("""COMPUTED_VALUE"""),"อุปกรณ์") -> อุปกรณ์ | B48: =IFERROR(__xludf.DUMMYFUNCTION("""COMPUTED_VALUE"""),"มือจับฝัง Align-กุญแจ-อบขาว") -> มือจับฝัง Align-กุญแจ-อบขาว
A49: =IFERROR(__xludf.DUMMYFUNCTION("""COMPUTED_VALUE"""),"อุปกรณ์") -> อุปกรณ์ | B49: =IFERROR(__xludf.DUMMYFUNCTION("""COMPUTED_VALUE"""),"มือจับฝัง Align-ล็อค-อบขาว") -> มือจับฝัง Align-ล็อค-อบขาว
A50: =IFERROR(__xludf.DUMMYFUNCTION("""COMPUTED_VALUE"""),"อุปกรณ์") -> อุปกรณ์ | B50: =IFERROR(__xludf.DUMMYFUNCTION("""COMPUTED_VALUE"""),"มือจับฝัง Align-ดัมมี่-อบขาว") -> มือจับฝัง Align-ดัมมี่-อบขาว
A51: =IFERROR(__xludf.DUMMYFUNCTION("""COMPUTED_VALUE"""),"อุปกรณ์") -> อุปกรณ์ | B51: =IFERROR(__xludf.DUMMYFUNCTION("""COMPUTED_VALUE"""),"มือจับ Husza-กุญแจ-ดำ") -> มือจับ Husza-กุญแจ-ดำ
A52: =IFERROR(__xludf.DUMMYFUNCTION("""COMPUTED_VALUE"""),"อุปกรณ์") -> อุปกรณ์ | B52: =IFERROR(__xludf.DUMMYFUNCTION("""COMPUTED_VALUE"""),"มือจับ Husza-ล็อค-ดำ") -> มือจับ Husza-ล็อค-ดำ
A53: =IFERROR(__xludf.DUMMYFUNCTION("""COMPUTED_VALUE"""),"อุปกรณ์") -> อุปกรณ์ | B53: =IFERROR(__xludf.DUMMYFUNCTION("""COMPUTED_VALUE"""),"มือจับ Husza-เรียบมีรู-ดำ") -> มือจับ Husza-เรียบมีรู-ดำ
A54: =IFERROR(__xludf.DUMMYFUNCTION("""COMPUTED_VALUE"""),"อุปกรณ์") -> อุปกรณ์ | B54: =IFERROR(__xludf.DUMMYFUNCTION("""COMPUTED_VALUE"""),"มือจับ Husza-เรียบไม่มีรู-ดำ") -> มือจับ Husza-เรียบไม่มีรู-ดำ
A55: =IFERROR(__xludf.DUMMYFUNCTION("""COMPUTED_VALUE"""),"อุปกรณ์") -> อุปกรณ์ | B55: =IFERROR(__xludf.DUMMYFUNCTION("""COMPUTED_VALUE"""),"มือจับ Husza-กุญแจ-อบขาว") -> มือจับ Husza-กุญแจ-อบขาว
A56: =IFERROR(__xludf.DUMMYFUNCTION("""COMPUTED_VALUE"""),"อุปกรณ์") -> อุปกรณ์ | B56: =IFERROR(__xludf.DUMMYFUNCTION("""COMPUTED_VALUE"""),"มือจับ Husza-ล็อค-อบขาว") -> มือจับ Husza-ล็อค-อบขาว
A57: =IFERROR(__xludf.DUMMYFUNCTION("""COMPUTED_VALUE"""),"อุปกรณ์") -> อุปกรณ์ | B57: =IFERROR(__xludf.DUMMYFUNCTION("""COMPUTED_VALUE"""),"มือจับ Husza-เรียบมีรู-อบขาว") -> มือจับ Husza-เรียบมีรู-อบขาว
A58: =IFERROR(__xludf.DUMMYFUNCTION("""COMPUTED_VALUE"""),"อุปกรณ์") -> อุปกรณ์ | B58: =IFERROR(__xludf.DUMMYFUNCTION("""COMPUTED_VALUE"""),"มือจับ Husza-เรียบไม่มีรู-อบขาว") -> มือจับ Husza-เรียบไม่มีรู-อบขาว
A59: =IFERROR(__xludf.DUMMYFUNCTION("""COMPUTED_VALUE"""),"อุปกรณ์") -> อุปกรณ์ | B59: =IFERROR(__xludf.DUMMYFUNCTION("""COMPUTED_VALUE"""),"มือจับ เซ่นซ่า -ชุดกุญแจ-อบขาว") -> มือจับ เซ่นซ่า -ชุดกุญแจ-อบขาว
A60: =IFERROR(__xludf.DUMMYFUNCTION("""COMPUTED_VALUE"""),"อุปกรณ์") -> อุปกรณ์ | B60: =IFERROR(__xludf.DUMMYFUNCTION("""COMPUTED_VALUE"""),"มือจับ เซ่นซ่า -ล็อค-อบขาว") -> มือจับ เซ่นซ่า -ล็อค-อบขาว
A61: =IFERROR(__xludf.DUMMYFUNCTION("""COMPUTED_VALUE"""),"อุปกรณ์") -> อุปกรณ์ | B61: =IFERROR(__xludf.DUMMYFUNCTION("""COMPUTED_VALUE"""),"มือจับ เซ่นซ่า -เรียบมีรู-อบขาว") -> มือจับ เซ่นซ่า -เรียบมีรู-อบขาว
A62: =IFERROR(__xludf.DUMMYFUNCTION("""COMPUTED_VALUE"""),"อุปกรณ์") -> อุปกรณ์ | B62: =IFERROR(__xludf.DUMMYFUNCTION("""COMPUTED_VALUE"""),"มือจับ เซ่นซ่า -เรียบไม่มีรู-อบขาว") -> มือจับ เซ่นซ่า -เรียบไม่มีรู-อบขาว
A63: =IFERROR(__xludf.DUMMYFUNCTION("""COMPUTED_VALUE"""),"อุปกรณ์") -> อุปกรณ์ | B63: =IFERROR(__xludf.DUMMYFUNCTION("""COMPUTED_VALUE"""),"มือจับ เซ่นซ่า -ชุดกุญแจ-ดำ") -> มือจับ เซ่นซ่า -ชุดกุญแจ-ดำ
A64: =IFERROR(__xludf.DUMMYFUNCTION("""COMPUTED_VALUE"""),"อุปกรณ์") -> อุปกรณ์ | B64: =IFERROR(__xludf.DUMMYFUNCTION("""COMPUTED_VALUE"""),"มือจับ เซ่นซ่า -ล็อค-ดำ") -> มือจับ เซ่นซ่า -ล็อค-ดำ
A65: =IFERROR(__xludf.DUMMYFUNCTION("""COMPUTED_VALUE"""),"อุปกรณ์") -> อุปกรณ์ | B65: =IFERROR(__xludf.DUMMYFUNCTION("""COMPUTED_VALUE"""),"มือจับ เซ่นซ่า -เรียบมีรู-ดำ") -> มือจับ เซ่นซ่า -เรียบมีรู-ดำ
A66: =IFERROR(__xludf.DUMMYFUNCTION("""COMPUTED_VALUE"""),"อุปกรณ์") -> อุปกรณ์ | B66: =IFERROR(__xludf.DUMMYFUNCTION("""COMPUTED_VALUE"""),"มือจับ เซ่นซ่า -เรียบไม่มีรู-ดำ") -> มือจับ เซ่นซ่า -เรียบไม่มีรู-ดำ
A67: =IFERROR(__xludf.DUMMYFUNCTION("""COMPUTED_VALUE"""),"อุปกรณ์") -> อุปกรณ์ | B67: =IFERROR(__xludf.DUMMYFUNCTION("""COMPUTED_VALUE"""),"มือจับหลบมุ้ง -ข้างซ้าย-ขาว + ดำ") -> มือจับหลบมุ้ง -ข้างซ้าย-ขาว + ดำ
A68: =IFERROR(__xludf.DUMMYFUNCTION("""COMPUTED_VALUE"""),"อุปกรณ์") -> อุปกรณ์ | B68: =IFERROR(__xludf.DUMMYFUNCTION("""COMPUTED_VALUE"""),"มือจับหลบมุ้ง -ข้างขวา-ขาว + ดำ") -> มือจับหลบมุ้ง -ข้างขวา-ขาว + ดำ
A69: =IFERROR(__xludf.DUMMYFUNCTION("""COMPUTED_VALUE"""),"อุปกรณ์") -> อุปกรณ์ | B69: =IFERROR(__xludf.DUMMYFUNCTION("""COMPUTED_VALUE"""),"มือจับหลบมุ้ง -มือจับซีเมดข้างซ้ายสีดำ-ขาว + ดำ") -> มือจับหลบมุ้ง -มือจับซีเมดข้างซ้ายสีดำ-ขาว + ดำ
A70: =IFERROR(__xludf.DUMMYFUNCTION("""COMPUTED_VALUE"""),"อุปกรณ์") -> อุปกรณ์ | B70: =IFERROR(__xludf.DUMMYFUNCTION("""COMPUTED_VALUE"""),"มือจับบานกระทุ้งของจีน-ข้างซ้าย-ขาว + ดำ") -> มือจับบานกระทุ้งของจีน-ข้างซ้าย-ขาว + ดำ
A71: =IFERROR(__xludf.DUMMYFUNCTION("""COMPUTED_VALUE"""),"อุปกรณ์") -> อุปกรณ์ | B71: =IFERROR(__xludf.DUMMYFUNCTION("""COMPUTED_VALUE"""),"มือจับบานกระทุ้งของจีน-ข้างขวา-ขาว + ดำ") -> มือจับบานกระทุ้งของจีน-ข้างขวา-ขาว + ดำ
A72: =IFERROR(__xludf.DUMMYFUNCTION("""COMPUTED_VALUE"""),"อุปกรณ์") -> อุปกรณ์ | B72: =IFERROR(__xludf.DUMMYFUNCTION("""COMPUTED_VALUE"""),"มือจับบานเลื่อน-สลิม-ขาว + ดำ") -> มือจับบานเลื่อน-สลิม-ขาว + ดำ
A73: =IFERROR(__xludf.DUMMYFUNCTION("""COMPUTED_VALUE"""),"อุปกรณ์") -> อุปกรณ์ | B73: =IFERROR(__xludf.DUMMYFUNCTION("""COMPUTED_VALUE"""),"มือจับปากเป็ด CMECH--ขาว + ดำ") -> มือจับปากเป็ด CMECH--ขาว + ดำ
A74: =IFERROR(__xludf.DUMMYFUNCTION("""COMPUTED_VALUE"""),"อุปกรณ์") -> อุปกรณ์ | B74: =IFERROR(__xludf.DUMMYFUNCTION("""COMPUTED_VALUE"""),"มือจับปากเป็ด CMECH--เงิน") -> มือจับปากเป็ด CMECH--เงิน
A75: =IFERROR(__xludf.DUMMYFUNCTION("""COMPUTED_VALUE"""),"อุปกรณ์") -> อุปกรณ์ | B75: =IFERROR(__xludf.DUMMYFUNCTION("""COMPUTED_VALUE"""),"มือจับปากเป็ด --ขาว + ดำ") -> มือจับปากเป็ด --ขาว + ดำ
A76: =IFERROR(__xludf.DUMMYFUNCTION("""COMPUTED_VALUE"""),"อุปกรณ์") -> อุปกรณ์ | B76: =IFERROR(__xludf.DUMMYFUNCTION("""COMPUTED_VALUE"""),"มือจับบานเปิดจีน-ล็อค-ดำ") -> มือจับบานเปิดจีน-ล็อค-ดำ
A77: =IFERROR(__xludf.DUMMYFUNCTION("""COMPUTED_VALUE"""),"อุปกรณ์") -> อุปกรณ์ | B77: =IFERROR(__xludf.DUMMYFUNCTION("""COMPUTED_VALUE"""),"มือจับบานเปิดจีน-ดัมมี่-ดำ") -> มือจับบานเปิดจีน-ดัมมี่-ดำ
A78: =IFERROR(__xludf.DUMMYFUNCTION("""COMPUTED_VALUE"""),"อุปกรณ์") -> อุปกรณ์ | B78: =IFERROR(__xludf.DUMMYFUNCTION("""COMPUTED_VALUE"""),"มือจับบานเปิดจีน-ล็อค -อบขาว") -> มือจับบานเปิดจีน-ล็อค -อบขาว
A79: =IFERROR(__xludf.DUMMYFUNCTION("""COMPUTED_VALUE"""),"อุปกรณ์") -> อุปกรณ์ | B79: =IFERROR(__xludf.DUMMYFUNCTION("""COMPUTED_VALUE"""),"มือจับบานเปิดจีน-ดัมมี่-อบขาว") -> มือจับบานเปิดจีน-ดัมมี่-อบขาว
A80: =IFERROR(__xludf.DUMMYFUNCTION("""COMPUTED_VALUE"""),"อุปกรณ์") -> อุปกรณ์ | B80: =IFERROR(__xludf.DUMMYFUNCTION("""COMPUTED_VALUE"""),"มือจับบานเปิด-สลิม-อบขาว") -> มือจับบานเปิด-สลิม-อบขาว
A81: =IFERROR(__xludf.DUMMYFUNCTION("""COMPUTED_VALUE"""),"อุปกรณ์") -> อุปกรณ์ | B81: =IFERROR(__xludf.DUMMYFUNCTION("""COMPUTED_VALUE"""),"มือจับบานเปิด-สลิม-ดำ") -> มือจับบานเปิด-สลิม-ดำ
A82: =IFERROR(__xludf.DUMMYFUNCTION("""COMPUTED_VALUE"""),"อุปกรณ์") -> อุปกรณ์ | B82: =IFERROR(__xludf.DUMMYFUNCTION("""COMPUTED_VALUE"""),"มือจับบานเปิด ไฮด้า-ล็อค-อบขาว") -> มือจับบานเปิด ไฮด้า-ล็อค-อบขาว
A83: =IFERROR(__xludf.DUMMYFUNCTION("""COMPUTED_VALUE"""),"อุปกรณ์") -> อุปกรณ์ | B83: =IFERROR(__xludf.DUMMYFUNCTION("""COMPUTED_VALUE"""),"มือจับบานเปิด ไฮด้า-ดัมมี่-อบขาว") -> มือจับบานเปิด ไฮด้า-ดัมมี่-อบขาว
A84: =IFERROR(__xludf.DUMMYFUNCTION("""COMPUTED_VALUE"""),"อุปกรณ์") -> อุปกรณ์ | B84: =IFERROR(__xludf.DUMMYFUNCTION("""COMPUTED_VALUE"""),"มือจับบานเปิด ไฮด้า-ดัมมี่-ดำ") -> มือจับบานเปิด ไฮด้า-ดัมมี่-ดำ
A85: =IFERROR(__xludf.DUMMYFUNCTION("""COMPUTED_VALUE"""),"อุปกรณ์") -> อุปกรณ์ | B85: =IFERROR(__xludf.DUMMYFUNCTION("""COMPUTED_VALUE"""),"มือจับ เขาควาย-ล็อค-อบขาว") -> มือจับ เขาควาย-ล็อค-อบขาว
A86: =IFERROR(__xludf.DUMMYFUNCTION("""COMPUTED_VALUE"""),"อุปกรณ์") -> อุปกรณ์ | B86: =IFERROR(__xludf.DUMMYFUNCTION("""COMPUTED_VALUE"""),"มือจับ เขาควาย-ดัมมี่-ดำ") -> มือจับ เขาควาย-ดัมมี่-ดำ
A87: =IFERROR(__xludf.DUMMYFUNCTION("""COMPUTED_VALUE"""),"อุปกรณ์") -> อุปกรณ์ | B87: =IFERROR(__xludf.DUMMYFUNCTION("""COMPUTED_VALUE"""),"มือจับบานเปิดจีน-ล็อค + ดัมมี่-ดำ") -> มือจับบานเปิดจีน-ล็อค + ดัมมี่-ดำ
A88: =IFERROR(__xludf.DUMMYFUNCTION("""COMPUTED_VALUE"""),"อุปกรณ์") -> อุปกรณ์ | B88: =IFERROR(__xludf.DUMMYFUNCTION("""COMPUTED_VALUE"""),"มือจับบานเปิดจีน-ล็อค + ดัมมี่-อบขาว") -> มือจับบานเปิดจีน-ล็อค + ดัมมี่-อบขาว
A89: =IFERROR(__xludf.DUMMYFUNCTION("""COMPUTED_VALUE"""),"อุปกรณ์") -> อุปกรณ์ | B89: =IFERROR(__xludf.DUMMYFUNCTION("""COMPUTED_VALUE"""),"มือจับบานเปิด ไฮด้า-ล็อค-อบขาว") -> มือจับบานเปิด ไฮด้า-ล็อค-อบขาว
A90: =IFERROR(__xludf.DUMMYFUNCTION("""COMPUTED_VALUE"""),"อุปกรณ์") -> อุปกรณ์ | B90: =IFERROR(__xludf.DUMMYFUNCTION("""COMPUTED_VALUE"""),"มือจับบานเปิด ไฮด้า-ดัมมี่-อบขาว") -> มือจับบานเปิด ไฮด้า-ดัมมี่-อบขาว
A91: =IFERROR(__xludf.DUMMYFUNCTION("""COMPUTED_VALUE"""),"อุปกรณ์") -> อุปกรณ์ | B91: =IFERROR(__xludf.DUMMYFUNCTION("""COMPUTED_VALUE"""),"มือจับบานเปิด ไฮด้า-ดัมมี่-ดำ") -> มือจับบานเปิด ไฮด้า-ดัมมี่-ดำ
A92: =IFERROR(__xludf.DUMMYFUNCTION("""COMPUTED_VALUE"""),"อุปกรณ์") -> อุปกรณ์ | B92: =IFERROR(__xludf.DUMMYFUNCTION("""COMPUTED_VALUE"""),"มือจับบานเปิด-สลิม-อบขาว") -> มือจับบานเปิด-สลิม-อบขาว
A93: =IFERROR(__xludf.DUMMYFUNCTION("""COMPUTED_VALUE"""),"อุปกรณ์") -> อุปกรณ์ | B93: =IFERROR(__xludf.DUMMYFUNCTION("""COMPUTED_VALUE"""),"มือจับบานเปิด-สลิม-ดำ") -> มือจับบานเปิด-สลิม-ดำ
A94: =IFERROR(__xludf.DUMMYFUNCTION("""COMPUTED_VALUE"""),"อุปกรณ์") -> อุปกรณ์ | B94: =IFERROR(__xludf.DUMMYFUNCTION("""COMPUTED_VALUE"""),"มือจับบานกระทุ้งจีน-ซ้าย + ขวา-ขาว + ดำ") -> มือจับบานกระทุ้งจีน-ซ้าย + ขวา-ขาว + ดำ
A95: =IFERROR(__xludf.DUMMYFUNCTION("""COMPUTED_VALUE"""),"อุปกรณ์") -> อุปกรณ์ | B95: =IFERROR(__xludf.DUMMYFUNCTION("""COMPUTED_VALUE"""),"มือจับบานกระทุ้งแม่นํ้า-ซ้าย + ขวา-ขาว + ดำ") -> มือจับบานกระทุ้งแม่นํ้า-ซ้าย + ขวา-ขาว + ดำ
A96: =IFERROR(__xludf.DUMMYFUNCTION("""COMPUTED_VALUE"""),"อุปกรณ์") -> อุปกรณ์ | B96: =IFERROR(__xludf.DUMMYFUNCTION("""COMPUTED_VALUE"""),"มือจับบานเลื่อน-สลิม-ขาว") -> มือจับบานเลื่อน-สลิม-ขาว
A97: =IFERROR(__xludf.DUMMYFUNCTION("""COMPUTED_VALUE"""),"อุปกรณ์") -> อุปกรณ์ | B97: =IFERROR(__xludf.DUMMYFUNCTION("""COMPUTED_VALUE"""),"มือจับบานเลื่อน-สลิม-ดำ") -> มือจับบานเลื่อน-สลิม-ดำ
A98: =IFERROR(__xludf.DUMMYFUNCTION("""COMPUTED_VALUE"""),"อุปกรณ์") -> อุปกรณ์ | B98: =IFERROR(__xludf.DUMMYFUNCTION("""COMPUTED_VALUE"""),"มือบานเลื่อน เมโทร-ชุดกุญแจ-ขาว ") -> มือบานเลื่อน เมโทร-ชุดกุญแจ-ขาว
A99: =IFERROR(__xludf.DUMMYFUNCTION("""COMPUTED_VALUE"""),"อุปกรณ์") -> อุปกรณ์ | B99: =IFERROR(__xludf.DUMMYFUNCTION("""COMPUTED_VALUE"""),"มือบานเลื่อน เมโทร-ล็อค-ขาว ") -> มือบานเลื่อน เมโทร-ล็อค-ขาว
A100: =IFERROR(__xludf.DUMMYFUNCTION("""COMPUTED_VALUE"""),"อุปกรณ์") -> อุปกรณ์ | B100: =IFERROR(__xludf.DUMMYFUNCTION("""COMPUTED_VALUE"""),"มือบานเลื่อน เมโทร-ดัมมี่-ขาว ") -> มือบานเลื่อน เมโทร-ดัมมี่-ขาว
...
