Workbook
Name ClothList: ราคามุ้ง!$I$2:$I$5
Name GlassNames: ราคาวัสดุกลาง!$H$2:$H$106
Name mult_euro: อัปเดตราคาอลู!$C$5
Name mult_mtong: อัปเดตราคาอลู!$C$8
Name mult_slim: อัปเดตราคาอลู!$C$6
Name mult_sms: อัปเดตราคาอลู!$C$4
Name mult_velora: อัปเดตราคาอลู!$C$7
Name mult_wood: อัปเดตราคาอลู!$C$20
Name MungList: ราคามุ้ง!$G$1:$G$15
Name MungReady: ราคามุ้ง!$G$1:$G$12
Name rate_grey: อัปเดตราคาอลู!$B$13
Name rate_special: อัปเดตราคาอลู!$B$14
Name rate_woodbake: อัปเดตราคาอลู!$B$15
Name rate_woodstock: อัปเดตราคาอลู!$B$16
Name SlimLuxGlass: 'คิดทุน SlimLux'!$AA$1:$AA$21

Sheet สารบัญ
B1: 📑 สารบัญ — กดลิงก์กระโดดไปหน้าที่ต้องการ
B3: 🔶 ปรับราคา / ค่าวัสดุ (แก้ราคาที่นี่ ทุกชีทขยับเอง)
B4: ▶ อัปเดตราคาอลู | C4: ราคาอลู/กก. ทุกแบรนด์ + ค่าอบสี ★
B5: ▶ ราคาสี | C5: ราคาสีอบ/เทาซาฮารา/ลายไม้
B6: ▶ ราคาวัสดุกลาง | C6: กระจก 98 รุ่น + เฟรม/เสา/อุปกรณ์
B7: ▶ ราคาวัสดุ | C7: วัสดุหลังคา (จันทัน/แป/แผ่น/ราง)
B8: ▶ ราคาออโต้ | C8: มอเตอร์/ออโต้
B9: ▶ ราคามุ้ง | C9: มุ้งซื้อสำเร็จ + ค่าแรงติดตั้ง
B10: ▶ ค่าแรง | C10: ค่าแรงผลิต+ติดตั้ง ทุกแบบ
B11: ▶ น้ำหนักโปรไฟล์ | C11: น้ำหนัก กก./เส้น ทุกโปรไฟล์
B12: ▶ ราคาสี (รวมแล้ว) | C12: ราคา/เส้น ทุกโปรไฟล์ (คำนวณ)
B13: 📊 สรุป / ภาพรวม
B14: ▶ หน้าตารางรวม | D14: ▶ สรุปงานเสริม | F14: ▶ สรุปค่าแรง
B15: 🚪 คิดทุน — ประตู/หน้าต่าง อลู
B16: ▶ SMS | D16: ▶ ยูโร | F16: ▶ SlimLux
B17: ▶ Velora | D17: ▶ E-series | F17: ▶ บานเปิด
B18: ▶ PC Door | D18: ▶ กระทุ้ง | F18: ▶ บานยก
B19: ▶ เฟี้ยม | D19: ▶ เฟี้ยมยูโร | F19: ▶ ติดตาย
B20: ▶ บานเลื่อนรางบน
B21: 🌀 คิดทุน — ดัดโค้ง
B22: ▶ ตายดัดโค้ง | D22: ▶ เปิดดัดโค้ง
B23: ▦ คิดทุน — ระแนง / ประตูรั้ว
B24: ▶ ระแนง | D24: ▶ ระแนงสลับ | F24: ▶ ระแนงสลับ_ประตู
B25: ▶ ประตูรั้ว | D25: ▶ บานเกล็ด | F25: ▶ ระแนงหมุน
B26: 🏠 คิดทุน — หลังคา
B27: ▶ หลังคา (รวม) | D27: ▶ หลังคา | F27: ▶ หลังคาจั่ว
B28: ▶ หลังคาเลื่อน | D28: ▶ ทุนไวนิล | F28: ▶ ทุนดีไลท์
B29: ▶ ทุนโพลีตัน | D29: ▶ ทุนชินโคร์ HC | F29: ▶ ทุนชินโคร์ Sup
B30: ▶ ทุนเมทัลชีท | D30: ▶ ทุนกระจก 4+4 | F30: ▶ ทุนกระจก 5+5
B31: 🧱 คิดทุน — ฝ้า / ผนัง / งานไฟ
B32: ▶ ฝ้ายิปซัม | D32: ▶ สมาร์ทบอร์ด | F32: ▶ ไอโซวอล
B33: ▶ งานไฟ | D33: ▶ ฝ้าไม้เทียม | F33: ▶ LUT_ฝ้าไม้เทียม
B34: ▶ สีฝ้าไม้เทียม
B35: 📐 เทียบ R3.9 / เช็ก
B36: ▶ เทียบ R3.9 SMS | D36: ▶ เทียบ R3.9 ยูโร | F36: ▶ เทียบ E-series
B37: ▶ เทียบ เฟี้ยมยูโร | D37: ▶ เทียบ R3.9 | F37: ▶ log กระจก
B38: ▶ เช็กขนาดกระจก

Sheet อัปเดตราคาอลู
A1: ⚠️ แก้ราคาที่นี่ → 📈 อัปเดตราคาวัสดุ — กรอก "ราคา/กก. ตอนนี้" ทับเมื่อราคาขึ้น (วิธีที่ 1) | G1: 🏠 สารบัญ
A3: แบรนด์ | B3: ราคาอลู/กก. ตอนนี้ | C3: ตัวคูณ | D3: ครอบคลุมบาน | F3: ตั้งต้น (ล็อก-อย่าแก้)
A4: SMS | B4: 187 | C4: =B4/F4 -> 1 | D4: SMS · E-series | F4: 187
A5: ยูโรฟูจิ | B5: 187 | C5: =B5/F5 -> 1 | D5: ยูโร·บานเปิด·PCDoor·กระทุ้ง·บานยก·เฟี้ยม·เฟี้ยมยูโร | F5: 187
A6: SlimLux | B6: 170 | C6: =B6/F6 -> 1 | D6: SlimLux | F6: 170
A7: Velora | B7: 240 | C7: =B7/F7 -> 1 | D7: Velora | F7: 240
A8: เมืองทอง (กล่อง/ฉาก/Z) | B8: 188 | C8: =B8/F8 -> 1 | D8: ระแนง·ประตู·บานเกล็ด·ติดตาย·หลังคา | F8: 188
A10: วิธีใช้: ร้านอลูขึ้นราคา → พิมพ์ราคา/กก. ใหม่ทับช่อง B (เช่น เมืองทอง 188→196) → ทุกโปรไฟล์แบรนด์นั้นขยับ % เท่ากันอัตโนมัติ
A12: ค่าอบสี / ลายไม้ — ราคา บาท/กก. (กรอกทับเมื่อขึ้น · ชุดเดียวทุกแบรนด์)
A13: เทาซาฮาร่า | B13: 100 | C13: ค่าอบเทา 100/กก. (ไม่มีค่าล้างสี)
A14: สีอบพิเศษ | B14: 173 | C14: 138 ค่าอบ + 35 ค่าล้างสี (พี่นัทเคาะ 18 มิ.ย.)
A15: สีลายไม้อบพิเศษ | B15: 190 | C15: 155 ค่าอบ + 35 ค่าล้างสี (พี่นัทเคาะ 18 มิ.ย.)
A16: ลายไม้ stock | B16: 112.5 | C16: factor กล่องเมืองทอง · SMS/ยูโร ลายไม้=ราคาตรงต่อเส้น
A17: + ค่าเปิดตู้อบ 2,000 บาท/งาน เฉพาะสีอบพิเศษ/สีลายไม้อบพิเศษ (คงที่ ไม่ขึ้นตาม กก.)
A19: ── ตัวคูณลายไม้สต็อค (เส้น SMS/ยูโร) — แยกจากเนื้ออลู ──
A20: ลายไม้สต็อค บาท/กก. | B20: 277 | C20: =B20/F20 -> 1 | D20: ตอนนี้ 277 (ของจริง) ÷ ตั้งต้น 258 (ที่ฝังไว้) = ตัวคูณลายไม้ | F20: 277

Sheet ราคาสี
A1: ⚠️ แก้ราคาที่นี่ → ราคาสี/เส้น (จาก Stock.xlsx · ลายไม้เอา max กับที่น้องพิมพ์) — อบพิเศษ/ลายไม้พิเศษ คิดสูตร base+ค่าอบ×นน. · เพิ่มเมืองทอง/SlimLux/Velora/E-series (ราคาประเมิน นน×เรต+ค่าอบ) | G1: 🏠 สารบัญ | H1: ⬇ ราคาใหม่อัตโนมัติเมื่อแก้ราคา/กก. (ของเก่าอยู่ช่องซ้าย ดูว่าขึ้นจริงไหม) | L1: ⬇ น้ำหนักคำนวณ = ราคาขาว/ดำ ÷ เรต/กก. ÷ ยาวเส้น (เอาไปคิดอบสี/ต่อยอดได้)
A2: รหัส | B2: ชื่อ | C2: ระบบ | D2: ขาว/ดำ | E2: เทาซาฮาร่า | F2: ลายไม้สต็อค | H2: ตัวคูณ (จาก/กก.) | I2: ขาว/ดำ ปัจจุบัน | J2: เทา ปัจจุบัน | K2: ลายไม้ ปัจจุบัน | L2: น้ำหนัก กก./เส้น | M2: น้ำหนัก กก./ม. | N2: เพิ่มขึ้น /เส้น
A3: B20001 | B3: เฟรมบนบานเลื่อน | C3: อลูมิเนียม sms | D3: 1125 | E3: 1225 | F3: 1825 | H3: =IF(ISNUMBER(SEARCH("เมืองทอง",C3)),mult_mtong,IF(ISNUMBER(SEARCH("SlimLux",C3)),mult_slim,IF(ISNUMBER(SEARCH("Velora",C3)),mult_velora,IF(ISNUMBER(SEARCH("Fuji",C3)),mult_euro,mult_sms)))) -> 1 | I3: =ROUND(D3*H3,0) -> 1125 | J3: =ROUND(E3*H3,0) -> 1225 | K3: =ROUND(F3*mult_wood,0) -> 1825 | L3: =ROUND(D3/(IF(ISNUMBER(SEARCH("เมืองทอง",C3)),อัปเดตราคาอลู!$F$8,IF(ISNUMBER(SEARCH("SlimLux",C3)),อัปเดตราคาอลู!$F$6,IF(ISNUMBER(SEARCH("Velora",C3)),อัปเดตราคาอลู!$F$7,IF(ISNUMBER(SEARCH("Fuji",C3)),อัปเดตราคาอลู!$F$5,อัปเดตราคาอลู!$F$4))))),3) -> 6.016 | M3: =ROUND(K3/(IF(OR(ISNUMBER(SEARCH("เมืองทอง",C3)),ISNUMBER(SEARCH("SlimLux",C3)),ISNUMBER(SEARCH("Velora",C3))),6,6.4)),3) -> 285.156 | N3: =ROUND(I3-D3,0) -> 0
A4: B20002 | B4: เฟรมล่างบานเลื่อน | C4: อลูมิเนียม sms | D4: 1205 | E4: 1310 | F4: 1925 | H4: =IF(ISNUMBER(SEARCH("เมืองทอง",C4)),mult_mtong,IF(ISNUMBER(SEARCH("SlimLux",C4)),mult_slim,IF(ISNUMBER(SEARCH("Velora",C4)),mult_velora,IF(ISNUMBER(SEARCH("Fuji",C4)),mult_euro,mult_sms)))) -> 1 | I4: =ROUND(D4*H4,0) -> 1205 | J4: =ROUND(E4*H4,0) -> 1310 | K4: =ROUND(F4*mult_wood,0) -> 1925 | L4: =ROUND(D4/(IF(ISNUMBER(SEARCH("เมืองทอง",C4)),อัปเดตราคาอลู!$F$8,IF(ISNUMBER(SEARCH("SlimLux",C4)),อัปเดตราคาอลู!$F$6,IF(ISNUMBER(SEARCH("Velora",C4)),อัปเดตราคาอลู!$F$7,IF(ISNUMBER(SEARCH("Fuji",C4)),อัปเดตราคาอลู!$F$5,อัปเดตราคาอลู!$F$4))))),3) -> 6.444 | M4: =ROUND(K4/(IF(OR(ISNUMBER(SEARCH("เมืองทอง",C4)),ISNUMBER(SEARCH("SlimLux",C4)),ISNUMBER(SEARCH("Velora",C4))),6,6.4)),3) -> 300.781 | N4: =ROUND(I4-D4,0) -> 0
A5: B20003 | B5: เฟรมข้างบานเลื่อน | C5: อลูมิเนียม sms | D5: 870 | E5: 950 | F5: 1395 | H5: =IF(ISNUMBER(SEARCH("เมืองทอง",C5)),mult_mtong,IF(ISNUMBER(SEARCH("SlimLux",C5)),mult_slim,IF(ISNUMBER(SEARCH("Velora",C5)),mult_velora,IF(ISNUMBER(SEARCH("Fuji",C5)),mult_euro,mult_sms)))) -> 1 | I5: =ROUND(D5*H5,0) -> 870 | J5: =ROUND(E5*H5,0) -> 950 | K5: =ROUND(F5*mult_wood,0) -> 1395 | L5: =ROUND(D5/(IF(ISNUMBER(SEARCH("เมืองทอง",C5)),อัปเดตราคาอลู!$F$8,IF(ISNUMBER(SEARCH("SlimLux",C5)),อัปเดตราคาอลู!$F$6,IF(ISNUMBER(SEARCH("Velora",C5)),อัปเดตราคาอลู!$F$7,IF(ISNUMBER(SEARCH("Fuji",C5)),อัปเดตราคาอลู!$F$5,อัปเดตราคาอลู!$F$4))))),3) -> 4.652 | M5: =ROUND(K5/(IF(OR(ISNUMBER(SEARCH("เมืองทอง",C5)),ISNUMBER(SEARCH("SlimLux",C5)),ISNUMBER(SEARCH("Velora",C5))),6,6.4)),3) -> 217.969 | N5: =ROUND(I5-D5,0) -> 0
A6: B20004 | B6: เฟรมบนเสริมร่องกระจก | C6: อลูมิเนียม sms | D6: 870 | E6: 950 | F6: 1395 | H6: =IF(ISNUMBER(SEARCH("เมืองทอง",C6)),mult_mtong,IF(ISNUMBER(SEARCH("SlimLux",C6)),mult_slim,IF(ISNUMBER(SEARCH("Velora",C6)),mult_velora,IF(ISNUMBER(SEARCH("Fuji",C6)),mult_euro,mult_sms)))) -> 1 | I6: =ROUND(D6*H6,0) -> 870 | J6: =ROUND(E6*H6,0) -> 950 | K6: =ROUND(F6*mult_wood,0) -> 1395 | L6: =ROUND(D6/(IF(ISNUMBER(SEARCH("เมืองทอง",C6)),อัปเดตราคาอลู!$F$8,IF(ISNUMBER(SEARCH("SlimLux",C6)),อัปเดตราคาอลู!$F$6,IF(ISNUMBER(SEARCH("Velora",C6)),อัปเดตราคาอลู!$F$7,IF(ISNUMBER(SEARCH("Fuji",C6)),อัปเดตราคาอลู!$F$5,อัปเดตราคาอลู!$F$4))))),3) -> 4.652 | M6: =ROUND(K6/(IF(OR(ISNUMBER(SEARCH("เมืองทอง",C6)),ISNUMBER(SEARCH("SlimLux",C6)),ISNUMBER(SEARCH("Velora",C6))),6,6.4)),3) -> 217.969 | N6: =ROUND(I6-D6,0) -> 0
A7: B20007 | B7: เสากุญแจ (ตูดตัน) | C7: อลูมิเนียม sms | D7: 660 | E7: 725 | F7: 1065 | H7: =IF(ISNUMBER(SEARCH("เมืองทอง",C7)),mult_mtong,IF(ISNUMBER(SEARCH("SlimLux",C7)),mult_slim,IF(ISNUMBER(SEARCH("Velora",C7)),mult_velora,IF(ISNUMBER(SEARCH("Fuji",C7)),mult_euro,mult_sms)))) -> 1 | I7: =ROUND(D7*H7,0) -> 660 | J7: =ROUND(E7*H7,0) -> 725 | K7: =ROUND(F7*mult_wood,0) -> 1065 | L7: =ROUND(D7/(IF(ISNUMBER(SEARCH("เมืองทอง",C7)),อัปเดตราคาอลู!$F$8,IF(ISNUMBER(SEARCH("SlimLux",C7)),อัปเดตราคาอลู!$F$6,IF(ISNUMBER(SEARCH("Velora",C7)),อัปเดตราคาอลู!$F$7,IF(ISNUMBER(SEARCH("Fuji",C7)),อัปเดตราคาอลู!$F$5,อัปเดตราคาอลู!$F$4))))),3) -> 3.529 | M7: =ROUND(K7/(IF(OR(ISNUMBER(SEARCH("เมืองทอง",C7)),ISNUMBER(SEARCH("SlimLux",C7)),ISNUMBER(SEARCH("Velora",C7))),6,6.4)),3) -> 166.406 | N7: =ROUND(I7-D7,0) -> 0
A8: B20008 | B8: เสากุญแจแบบรับแรง | C8: อลูมิเนียม sms | D8: 1125 | E8: 1225 | F8: 1800 | H8: =IF(ISNUMBER(SEARCH("เมืองทอง",C8)),mult_mtong,IF(ISNUMBER(SEARCH("SlimLux",C8)),mult_slim,IF(ISNUMBER(SEARCH("Velora",C8)),mult_velora,IF(ISNUMBER(SEARCH("Fuji",C8)),mult_euro,mult_sms)))) -> 1 | I8: =ROUND(D8*H8,0) -> 1125 | J8: =ROUND(E8*H8,0) -> 1225 | K8: =ROUND(F8*mult_wood,0) -> 1800 | L8: =ROUND(D8/(IF(ISNUMBER(SEARCH("เมืองทอง",C8)),อัปเดตราคาอลู!$F$8,IF(ISNUMBER(SEARCH("SlimLux",C8)),อัปเดตราคาอลู!$F$6,IF(ISNUMBER(SEARCH("Velora",C8)),อัปเดตราคาอลู!$F$7,IF(ISNUMBER(SEARCH("Fuji",C8)),อัปเดตราคาอลู!$F$5,อัปเดตราคาอลู!$F$4))))),3) -> 6.016 | M8: =ROUND(K8/(IF(OR(ISNUMBER(SEARCH("เมืองทอง",C8)),ISNUMBER(SEARCH("SlimLux",C8)),ISNUMBER(SEARCH("Velora",C8))),6,6.4)),3) -> 281.25 | N8: =ROUND(I8-D8,0) -> 0
A9: B20009 | B9: เสาเกี่ยว (ธรรมดา) | C9: อลูมิเนียม sms | D9: 690 | E9: 750 | F9: 1105 | H9: =IF(ISNUMBER(SEARCH("เมืองทอง",C9)),mult_mtong,IF(ISNUMBER(SEARCH("SlimLux",C9)),mult_slim,IF(ISNUMBER(SEARCH("Velora",C9)),mult_velora,IF(ISNUMBER(SEARCH("Fuji",C9)),mult_euro,mult_sms)))) -> 1 | I9: =ROUND(D9*H9,0) -> 690 | J9: =ROUND(E9*H9,0) -> 750 | K9: =ROUND(F9*mult_wood,0) -> 1105 | L9: =ROUND(D9/(IF(ISNUMBER(SEARCH("เมืองทอง",C9)),อัปเดตราคาอลู!$F$8,IF(ISNUMBER(SEARCH("SlimLux",C9)),อัปเดตราคาอลู!$F$6,IF(ISNUMBER(SEARCH("Velora",C9)),อัปเดตราคาอลู!$F$7,IF(ISNUMBER(SEARCH("Fuji",C9)),อัปเดตราคาอลู!$F$5,อัปเดตราคาอลู!$F$4))))),3) -> 3.69 | M9: =ROUND(K9/(IF(OR(ISNUMBER(SEARCH("เมืองทอง",C9)),ISNUMBER(SEARCH("SlimLux",C9)),ISNUMBER(SEARCH("Velora",C9))),6,6.4)),3) -> 172.656 | N9: =ROUND(I9-D9,0) -> 0
A10: B20010 | B10: เสาเกี่ยวนอก (สูง 2.4 m) | C10: อลูมิเนียม sms | D10: 1235 | E10: 1345 | F10: 1975 | H10: =IF(ISNUMBER(SEARCH("เมืองทอง",C10)),mult_mtong,IF(ISNUMBER(SEARCH("SlimLux",C10)),mult_slim,IF(ISNUMBER(SEARCH("Velora",C10)),mult_velora,IF(ISNUMBER(SEARCH("Fuji",C10)),mult_euro,mult_sms)))) -> 1 | I10: =ROUND(D10*H10,0) -> 1235 | J10: =ROUND(E10*H10,0) -> 1345 | K10: =ROUND(F10*mult_wood,0) -> 1975 | L10: =ROUND(D10/(IF(ISNUMBER(SEARCH("เมืองทอง",C10)),อัปเดตราคาอลู!$F$8,IF(ISNUMBER(SEARCH("SlimLux",C10)),อัปเดตราคาอลู!$F$6,IF(ISNUMBER(SEARCH("Velora",C10)),อัปเดตราคาอลู!$F$7,IF(ISNUMBER(SEARCH("Fuji",C10)),อัปเดตราคาอลู!$F$5,อัปเดตราคาอลู!$F$4))))),3) -> 6.604 | M10: =ROUND(K10/(IF(OR(ISNUMBER(SEARCH("เมืองทอง",C10)),ISNUMBER(SEARCH("SlimLux",C10)),ISNUMBER(SEARCH("Velora",C10))),6,6.4)),3) -> 308.594 | N10: =ROUND(I10-D10,0) -> 0
A11: B20019 | B11: ฝาปิดเฟรมข้าง | C11: อลูมิเนียม sms | D11: 175 | E11: 190 | F11: 280 | H11: =IF(ISNUMBER(SEARCH("เมืองทอง",C11)),mult_mtong,IF(ISNUMBER(SEARCH("SlimLux",C11)),mult_slim,IF(ISNUMBER(SEARCH("Velora",C11)),mult_velora,IF(ISNUMBER(SEARCH("Fuji",C11)),mult_euro,mult_sms)))) -> 1 | I11: =ROUND(D11*H11,0) -> 175 | J11: =ROUND(E11*H11,0) -> 190 | K11: =ROUND(F11*mult_wood,0) -> 280 | L11: =ROUND(D11/(IF(ISNUMBER(SEARCH("เมืองทอง",C11)),อัปเดตราคาอลู!$F$8,IF(ISNUMBER(SEARCH("SlimLux",C11)),อัปเดตราคาอลู!$F$6,IF(ISNUMBER(SEARCH("Velora",C11)),อัปเดตราคาอลู!$F$7,IF(ISNUMBER(SEARCH("Fuji",C11)),อัปเดตราคาอลู!$F$5,อัปเดตราคาอลู!$F$4))))),3) -> 0.936 | M11: =ROUND(K11/(IF(OR(ISNUMBER(SEARCH("เมืองทอง",C11)),ISNUMBER(SEARCH("SlimLux",C11)),ISNUMBER(SEARCH("Velora",C11))),6,6.4)),3) -> 43.75 | N11: =ROUND(I11-D11,0) -> 0
A12: B20024 | B12: คิ้วกันตก | C12: อลูมิเนียม sms | D12: 185 | E12: 200 | F12: 295 | H12: =IF(ISNUMBER(SEARCH("เมืองทอง",C12)),mult_mtong,IF(ISNUMBER(SEARCH("SlimLux",C12)),mult_slim,IF(ISNUMBER(SEARCH("Velora",C12)),mult_velora,IF(ISNUMBER(SEARCH("Fuji",C12)),mult_euro,mult_sms)))) -> 1 | I12: =ROUND(D12*H12,0) -> 185 | J12: =ROUND(E12*H12,0) -> 200 | K12: =ROUND(F12*mult_wood,0) -> 295 | L12: =ROUND(D12/(IF(ISNUMBER(SEARCH("เมืองทอง",C12)),อัปเดตราคาอลู!$F$8,IF(ISNUMBER(SEARCH("SlimLux",C12)),อัปเดตราคาอลู!$F$6,IF(ISNUMBER(SEARCH("Velora",C12)),อัปเดตราคาอลู!$F$7,IF(ISNUMBER(SEARCH("Fuji",C12)),อัปเดตราคาอลู!$F$5,อัปเดตราคาอลู!$F$4))))),3) -> 0.989 | M12: =ROUND(K12/(IF(OR(ISNUMBER(SEARCH("เมืองทอง",C12)),ISNUMBER(SEARCH("SlimLux",C12)),ISNUMBER(SEARCH("Velora",C12))),6,6.4)),3) -> 46.094 | N12: =ROUND(I12-D12,0) -> 0
A13: B20041 | B13: เฟรมบานเลื่อน (3รางเสียบ) | C13: อลูมิเนียม sms | D13: 2070 | E13: 2255 | F13: 3424 | H13: =IF(ISNUMBER(SEARCH("เมืองทอง",C13)),mult_mtong,IF(ISNUMBER(SEARCH("SlimLux",C13)),mult_slim,IF(ISNUMBER(SEARCH("Velora",C13)),mult_velora,IF(ISNUMBER(SEARCH("Fuji",C13)),mult_euro,mult_sms)))) -> 1 | I13: =ROUND(D13*H13,0) -> 2070 | J13: =ROUND(E13*H13,0) -> 2255 | K13: =ROUND(F13*mult_wood,0) -> 3424 | L13: =ROUND(D13/(IF(ISNUMBER(SEARCH("เมืองทอง",C13)),อัปเดตราคาอลู!$F$8,IF(ISNUMBER(SEARCH("SlimLux",C13)),อัปเดตราคาอลู!$F$6,IF(ISNUMBER(SEARCH("Velora",C13)),อัปเดตราคาอลู!$F$7,IF(ISNUMBER(SEARCH("Fuji",C13)),อัปเดตราคาอลู!$F$5,อัปเดตราคาอลู!$F$4))))),3) -> 11.07 | M13: =ROUND(K13/(IF(OR(ISNUMBER(SEARCH("เมืองทอง",C13)),ISNUMBER(SEARCH("SlimLux",C13)),ISNUMBER(SEARCH("Velora",C13))),6,6.4)),3) -> 535 | N13: =ROUND(I13-D13,0) -> 0
A14: B20048 | B14: ตัวตบรางมุ้ง | C14: อลูมิเนียม sms | D14: 310 | E14: 340 | F14: 495 | H14: =IF(ISNUMBER(SEARCH("เมืองทอง",C14)),mult_mtong,IF(ISNUMBER(SEARCH("SlimLux",C14)),mult_slim,IF(ISNUMBER(SEARCH("Velora",C14)),mult_velora,IF(ISNUMBER(SEARCH("Fuji",C14)),mult_euro,mult_sms)))) -> 1 | I14: =ROUND(D14*H14,0) -> 310 | J14: =ROUND(E14*H14,0) -> 340 | K14: =ROUND(F14*mult_wood,0) -> 495 | L14: =ROUND(D14/(IF(ISNUMBER(SEARCH("เมืองทอง",C14)),อัปเดตราคาอลู!$F$8,IF(ISNUMBER(SEARCH("SlimLux",C14)),อัปเดตราคาอลู!$F$6,IF(ISNUMBER(SEARCH("Velora",C14)),อัปเดตราคาอลู!$F$7,IF(ISNUMBER(SEARCH("Fuji",C14)),อัปเดตราคาอลู!$F$5,อัปเดตราคาอลู!$F$4))))),3) -> 1.658 | M14: =ROUND(K14/(IF(OR(ISNUMBER(SEARCH("เมืองทอง",C14)),ISNUMBER(SEARCH("SlimLux",C14)),ISNUMBER(SEARCH("Velora",C14))),6,6.4)),3) -> 77.344 | N14: =ROUND(I14-D14,0) -> 0
... A62: F7988 | B62: ตบปิดร่อง | C62: อลูมิเนียม Fuji | D62: 120 | E62: 150 | F62: 170 | H62: =IF(ISNUMBER(SEARCH("เมืองทอง",C62)),mult_mtong,IF(ISNUMBER(SEARCH("SlimLux",C62)),mult_slim,IF(ISNUMBER(SEARCH("Velora",C62)),mult_velora,IF(ISNUMBER(SEARCH("Fuji",C62)),mult_euro,mult_sms)))) -> 1 | I62: =ROUND(D62*H62,0) -> 120 | J62: =ROUND(E62*H62,0) -> 150 | K62: =ROUND(F62*mult_wood,0) -> 170 | L62: =ROUND(D62/(IF(ISNUMBER(SEARCH("เมืองทอง",C62)),อัปเดตราคาอลู!$F$8,IF(ISNUMBER(SEARCH("SlimLux",C62)),อัปเดตราคาอลู!$F$6,IF(ISNUMBER(SEARCH("Velora",C62)),อัปเดตราคาอลู!$F$7,IF(ISNUMBER(SEARCH("Fuji",C62)),อัปเดตราคาอลู!$F$5,อัปเดตราคาอลู!$F$4))))),3) -> 0.642 | M62: =ROUND(K62/(IF(OR(ISNUMBER(SEARCH("เมืองทอง",C62)),ISNUMBER(SEARCH("SlimLux",C62)),ISNUMBER(SEARCH("Velora",C62))),6,6.4)),3) -> 26.563 | N62: =ROUND(I62-D62,0) -> 0
A63: F7994 | B63: เส้นรางเลื่อน | C63: อลูมิเนียม Fuji | D63: 150 | H63: =IF(ISNUMBER(SEARCH("เมืองทอง",C63)),mult_mtong,IF(ISNUMBER(SEARCH("SlimLux",C63)),mult_slim,IF(ISNUMBER(SEARCH("Velora",C63)),mult_velora,IF(ISNUMBER(SEARCH("Fuji",C63)),mult_euro,mult_sms)))) -> 1 | I63: =ROUND(D63*H63,0) -> 150 | J63: =ROUND(E63*H63,0) -> 0 | L63: =ROUND(D63/(IF(ISNUMBER(SEARCH("เมืองทอง",C63)),อัปเดตราคาอลู!$F$8,IF(ISNUMBER(SEARCH("SlimLux",C63)),อัปเดตราคาอลู!$F$6,IF(ISNUMBER(SEARCH("Velora",C63)),อัปเดตราคาอลู!$F$7,IF(ISNUMBER(SEARCH("Fuji",C63)),อัปเดตราคาอลู!$F$5,อัปเดตราคาอลู!$F$4))))),3) -> 0.802 | M63: =ROUND(K63/(IF(OR(ISNUMBER(SEARCH("เมืองทอง",C63)),ISNUMBER(SEARCH("SlimLux",C63)),ISNUMBER(SEARCH("Velora",C63))),6,6.4)),3) -> 0 | N63: =ROUND(I63-D63,0) -> 0
A64: F7987 | B64: คิ้วมุ้งบานเลื่อน | C64: อลูมิเนียม Fuji | D64: 150 | E64: 180 | F64: 270 | H64: =IF(ISNUMBER(SEARCH("เมืองทอง",C64)),mult_mtong,IF(ISNUMBER(SEARCH("SlimLux",C64)),mult_slim,IF(ISNUMBER(SEARCH("Velora",C64)),mult_velora,IF(ISNUMBER(SEARCH("Fuji",C64)),mult_euro,mult_sms)))) -> 1 | I64: =ROUND(D64*H64,0) -> 150 | J64: =ROUND(E64*H64,0) -> 180 | K64: =ROUND(F64*mult_wood,0) -> 270 | L64: =ROUND(D64/(IF(ISNUMBER(SEARCH("เมืองทอง",C64)),อัปเดตราคาอลู!$F$8,IF(ISNUMBER(SEARCH("SlimLux",C64)),อัปเดตราคาอลู!$F$6,IF(ISNUMBER(SEARCH("Velora",C64)),อัปเดตราคาอลู!$F$7,IF(ISNUMBER(SEARCH("Fuji",C64)),อัปเดตราคาอลู!$F$5,อัปเดตราคาอลู!$F$4))))),3) -> 0.802 | M64: =ROUND(K64/(IF(OR(ISNUMBER(SEARCH("เมืองทอง",C64)),ISNUMBER(SEARCH("SlimLux",C64)),ISNUMBER(SEARCH("Velora",C64))),6,6.4)),3) -> 42.188 | N64: =ROUND(I64-D64,0) -> 0
A65: F7996 | B65: คิ้วลอยช่องแสง | C65: อลูมิเนียม Fuji | D65: 455 | E65: 490 | F65: 725 | H65: =IF(ISNUMBER(SEARCH("เมืองทอง",C65)),mult_mtong,IF(ISNUMBER(SEARCH("SlimLux",C65)),mult_slim,IF(ISNUMBER(SEARCH("Velora",C65)),mult_velora,IF(ISNUMBER(SEARCH("Fuji",C65)),mult_euro,mult_sms)))) -> 1 | I65: =ROUND(D65*H65,0) -> 455 | J65: =ROUND(E65*H65,0) -> 490 | K65: =ROUND(F65*mult_wood,0) -> 725 | L65: =ROUND(D65/(IF(ISNUMBER(SEARCH("เมืองทอง",C65)),อัปเดตราคาอลู!$F$8,IF(ISNUMBER(SEARCH("SlimLux",C65)),อัปเดตราคาอลู!$F$6,IF(ISNUMBER(SEARCH("Velora",C65)),อัปเดตราคาอลู!$F$7,IF(ISNUMBER(SEARCH("Fuji",C65)),อัปเดตราคาอลู!$F$5,อัปเดตราคาอลู!$F$4))))),3) -> 2.433 | M65: =ROUND(K65/(IF(OR(ISNUMBER(SEARCH("เมืองทอง",C65)),ISNUMBER(SEARCH("SlimLux",C65)),ISNUMBER(SEARCH("Velora",C65))),6,6.4)),3) -> 113.281 | N65: =ROUND(I65-D65,0) -> 0
A66: F7919 | B66: คิ้วกรอบบาน | C66: อลูมิเนียม Fuji | D66: 185 | E66: 200 | F66: 295 | H66: =IF(ISNUMBER(SEARCH("เมืองทอง",C66)),mult_mtong,IF(ISNUMBER(SEARCH("SlimLux",C66)),mult_slim,IF(ISNUMBER(SEARCH("Velora",C66)),mult_velora,IF(ISNUMBER(SEARCH("Fuji",C66)),mult_euro,mult_sms)))) -> 1 | I66: =ROUND(D66*H66,0) -> 185 | J66: =ROUND(E66*H66,0) -> 200 | K66: =ROUND(F66*mult_wood,0) -> 295 | L66: =ROUND(D66/(IF(ISNUMBER(SEARCH("เมืองทอง",C66)),อัปเดตราคาอลู!$F$8,IF(ISNUMBER(SEARCH("SlimLux",C66)),อัปเดตราคาอลู!$F$6,IF(ISNUMBER(SEARCH("Velora",C66)),อัปเดตราคาอลู!$F$7,IF(ISNUMBER(SEARCH("Fuji",C66)),อัปเดตราคาอลู!$F$5,อัปเดตราคาอลู!$F$4))))),3) -> 0.989 | M66: =ROUND(K66/(IF(OR(ISNUMBER(SEARCH("เมืองทอง",C66)),ISNUMBER(SEARCH("SlimLux",C66)),ISNUMBER(SEARCH("Velora",C66))),6,6.4)),3) -> 46.094 | N66: =ROUND(I66-D66,0) -> 0
A67: F7917 | B67: คิ้วกรอบบาน | C67: อลูมิเนียม Fuji | D67: 160 | E67: 170 | F67: 255 | H67: =IF(ISNUMBER(SEARCH("เมืองทอง",C67)),mult_mtong,IF(ISNUMBER(SEARCH("SlimLux",C67)),mult_slim,IF(ISNUMBER(SEARCH("Velora",C67)),mult_velora,IF(ISNUMBER(SEARCH("Fuji",C67)),mult_euro,mult_sms)))) -> 1 | I67: =ROUND(D67*H67,0) -> 160 | J67: =ROUND(E67*H67,0) -> 170 | K67: =ROUND(F67*mult_wood,0) -> 255 | L67: =ROUND(D67/(IF(ISNUMBER(SEARCH("เมืองทอง",C67)),อัปเดตราคาอลู!$F$8,IF(ISNUMBER(SEARCH("SlimLux",C67)),อัปเดตราคาอลู!$F$6,IF(ISNUMBER(SEARCH("Velora",C67)),อัปเดตราคาอลู!$F$7,IF(ISNUMBER(SEARCH("Fuji",C67)),อัปเดตราคาอลู!$F$5,อัปเดตราคาอลู!$F$4))))),3) -> 0.856 | M67: =ROUND(K67/(IF(OR(ISNUMBER(SEARCH("เมืองทอง",C67)),ISNUMBER(SEARCH("SlimLux",C67)),ISNUMBER(SEARCH("Velora",C67))),6,6.4)),3) -> 39.844 | N67: =ROUND(I67-D67,0) -> 0
A68: F7950 | B68: คิ้วกรอบบาน | C68: อลูมิเนียม Fuji | D68: 160 | E68: 170 | F68: 255 | H68: =IF(ISNUMBER(SEARCH("เมืองทอง",C68)),mult_mtong,IF(ISNUMBER(SEARCH("SlimLux",C68)),mult_slim,IF(ISNUMBER(SEARCH("Velora",C68)),mult_velora,IF(ISNUMBER(SEARCH("Fuji",C68)),mult_euro,mult_sms)))) -> 1 | I68: =ROUND(D68*H68,0) -> 160 | J68: =ROUND(E68*H68,0) -> 170 | K68: =ROUND(F68*mult_wood,0) -> 255 | L68: =ROUND(D68/(IF(ISNUMBER(SEARCH("เมืองทอง",C68)),อัปเดตราคาอลู!$F$8,IF(ISNUMBER(SEARCH("SlimLux",C68)),อัปเดตราคาอลู!$F$6,IF(ISNUMBER(SEARCH("Velora",C68)),อัปเดตราคาอลู!$F$7,IF(ISNUMBER(SEARCH("Fuji",C68)),อัปเดตราคาอลู!$F$5,อัปเดตราคาอลู!$F$4))))),3) -> 0.856 | M68: =ROUND(K68/(IF(OR(ISNUMBER(SEARCH("เมืองทอง",C68)),ISNUMBER(SEARCH("SlimLux",C68)),ISNUMBER(SEARCH("Velora",C68))),6,6.4)),3) -> 39.844 | N68: =ROUND(I68-D68,0) -> 0
A69: F7952 | B69: แผ่นยึดเฟรมล่าง | C69: อลูมิเนียม Fuji | D69: 540 | E69: 580 | F69: 855 | H69: =IF(ISNUMBER(SEARCH("เมืองทอง",C69)),mult_mtong,IF(ISNUMBER(SEARCH("SlimLux",C69)),mult_slim,IF(ISNUMBER(SEARCH("Velora",C69)),mult_velora,IF(ISNUMBER(SEARCH("Fuji",C69)),mult_euro,mult_sms)))) -> 1 | I69: =ROUND(D69*H69,0) -> 540 | J69: =ROUND(E69*H69,0) -> 580 | K69: =ROUND(F69*mult_wood,0) -> 855 | L69: =ROUND(D69/(IF(ISNUMBER(SEARCH("เมืองทอง",C69)),อัปเดตราคาอลู!$F$8,IF(ISNUMBER(SEARCH("SlimLux",C69)),อัปเดตราคาอลู!$F$6,IF(ISNUMBER(SEARCH("Velora",C69)),อัปเดตราคาอลู!$F$7,IF(ISNUMBER(SEARCH("Fuji",C69)),อัปเดตราคาอลู!$F$5,อัปเดตราคาอลู!$F$4))))),3) -> 2.888 | M69: =ROUND(K69/(IF(OR(ISNUMBER(SEARCH("เมืองทอง",C69)),ISNUMBER(SEARCH("SlimLux",C69)),ISNUMBER(SEARCH("Velora",C69))),6,6.4)),3) -> 133.594 | N69: =ROUND(I69-D69,0) -> 0
A70: F7879 | B70: ตบธรณีเรียบตัวกลาง | C70: อลูมิเนียม Fuji | D70: 355 | E70: 380 | F70: 560 | H70: =IF(ISNUMBER(SEARCH("เมืองทอง",C70)),mult_mtong,IF(ISNUMBER(SEARCH("SlimLux",C70)),mult_slim,IF(ISNUMBER(SEARCH("Velora",C70)),mult_velora,IF(ISNUMBER(SEARCH("Fuji",C70)),mult_euro,mult_sms)))) -> 1 | I70: =ROUND(D70*H70,0) -> 355 | J70: =ROUND(E70*H70,0) -> 380 | K70: =ROUND(F70*mult_wood,0) -> 560 | L70: =ROUND(D70/(IF(ISNUMBER(SEARCH("เมืองทอง",C70)),อัปเดตราคาอลู!$F$8,IF(ISNUMBER(SEARCH("SlimLux",C70)),อัปเดตราคาอลู!$F$6,IF(ISNUMBER(SEARCH("Velora",C70)),อัปเดตราคาอลู!$F$7,IF(ISNUMBER(SEARCH("Fuji",C70)),อัปเดตราคาอลู!$F$5,อัปเดตราคาอลู!$F$4))))),3) -> 1.898 | M70: =ROUND(K70/(IF(OR(ISNUMBER(SEARCH("เมืองทอง",C70)),ISNUMBER(SEARCH("SlimLux",C70)),ISNUMBER(SEARCH("Velora",C70))),6,6.4)),3) -> 87.5 | N70: =ROUND(I70-D70,0) -> 0
A71: F7880 | B71: ตบธรณีเรียบตัวริม | C71: อลูมิเนียม Fuji | D71: 355 | E71: 380 | F71: 560 | H71: =IF(ISNUMBER(SEARCH("เมืองทอง",C71)),mult_mtong,IF(ISNUMBER(SEARCH("SlimLux",C71)),mult_slim,IF(ISNUMBER(SEARCH("Velora",C71)),mult_velora,IF(ISNUMBER(SEARCH("Fuji",C71)),mult_euro,mult_sms)))) -> 1 | I71: =ROUND(D71*H71,0) -> 355 | J71: =ROUND(E71*H71,0) -> 380 | K71: =ROUND(F71*mult_wood,0) -> 560 | L71: =ROUND(D71/(IF(ISNUMBER(SEARCH("เมืองทอง",C71)),อัปเดตราคาอลู!$F$8,IF(ISNUMBER(SEARCH("SlimLux",C71)),อัปเดตราคาอลู!$F$6,IF(ISNUMBER(SEARCH("Velora",C71)),อัปเดตราคาอลู!$F$7,IF(ISNUMBER(SEARCH("Fuji",C71)),อัปเดตราคาอลู!$F$5,อัปเดตราคาอลู!$F$4))))),3) -> 1.898 | M71: =ROUND(K71/(IF(OR(ISNUMBER(SEARCH("เมืองทอง",C71)),ISNUMBER(SEARCH("SlimLux",C71)),ISNUMBER(SEARCH("Velora",C71))),6,6.4)),3) -> 87.5 | N71: =ROUND(I71-D71,0) -> 0
A72: F7859 | B72: เฟรมบานกระทุ้ง ไม่มีรูระบายน้ำ | C72: อลูมิเนียม Fuji | D72: 1075 | E72: 1150 | F72: 1700 | H72: =IF(ISNUMBER(SEARCH("เมืองทอง",C72)),mult_mtong,IF(ISNUMBER(SEARCH("SlimLux",C72)),mult_slim,IF(ISNUMBER(SEARCH("Velora",C72)),mult_velora,IF(ISNUMBER(SEARCH("Fuji",C72)),mult_euro,mult_sms)))) -> 1 | I72: =ROUND(D72*H72,0) -> 1075 | J72: =ROUND(E72*H72,0) -> 1150 | K72: =ROUND(F72*mult_wood,0) -> 1700 | L72: =ROUND(D72/(IF(ISNUMBER(SEARCH("เมืองทอง",C72)),อัปเดตราคาอลู!$F$8,IF(ISNUMBER(SEARCH("SlimLux",C72)),อัปเดตราคาอลู!$F$6,IF(ISNUMBER(SEARCH("Velora",C72)),อัปเดตราคาอลู!$F$7,IF(ISNUMBER(SEARCH("Fuji",C72)),อัปเดตราคาอลู!$F$5,อัปเดตราคาอลู!$F$4))))),3) -> 5.749 | M72: =ROUND(K72/(IF(OR(ISNUMBER(SEARCH("เมืองทอง",C72)),ISNUMBER(SEARCH("SlimLux",C72)),ISNUMBER(SEARCH("Velora",C72))),6,6.4)),3) -> 265.625 | N72: =ROUND(I72-D72,0) -> 0
A73: F7858 | B73: เฟรมบานตายคิ้วไม่มีรูระบายน้ำ | C73: อลูมิเนียม Fuji | D73: 1345 | E73: 1440 | F73: 2130 | H73: =IF(ISNUMBER(SEARCH("เมืองทอง",C73)),mult_mtong,IF(ISNUMBER(SEARCH("SlimLux",C73)),mult_slim,IF(ISNUMBER(SEARCH("Velora",C73)),mult_velora,IF(ISNUMBER(SEARCH("Fuji",C73)),mult_euro,mult_sms)))) -> 1 | I73: =ROUND(D73*H73,0) -> 1345 | J73: =ROUND(E73*H73,0) -> 1440 | K73: =ROUND(F73*mult_wood,0) -> 2130 | L73: =ROUND(D73/(IF(ISNUMBER(SEARCH("เมืองทอง",C73)),อัปเดตราคาอลู!$F$8,IF(ISNUMBER(SEARCH("SlimLux",C73)),อัปเดตราคาอลู!$F$6,IF(ISNUMBER(SEARCH("Velora",C73)),อัปเดตราคาอลู!$F$7,IF(ISNUMBER(SEARCH("Fuji",C73)),อัปเดตราคาอลู!$F$5,อัปเดตราคาอลู!$F$4))))),3) -> 7.193 | M73: =ROUND(K73/(IF(OR(ISNUMBER(SEARCH("เมืองทอง",C73)),ISNUMBER(SEARCH("SlimLux",C73)),ISNUMBER(SEARCH("Velora",C73))),6,6.4)),3) -> 332.813 | N73: =ROUND(I73-D73,0) -> 0
A74: F7937 | B74: เฟรมบานตายคิ้วใน | C74: อลูมิเนียม Fuji | D74: 1180 | E74: 1270 | F74: 1875 | H74: =IF(ISNUMBER(SEARCH("เมืองทอง",C74)),mult_mtong,IF(ISNUMBER(SEARCH("SlimLux",C74)),mult_slim,IF(ISNUMBER(SEARCH("Velora",C74)),mult_velora,IF(ISNUMBER(SEARCH("Fuji",C74)),mult_euro,mult_sms)))) -> 1 | I74: =ROUND(D74*H74,0) -> 1180 | J74: =ROUND(E74*H74,0) -> 1270 | K74: =ROUND(F74*mult_wood,0) -> 1875 | L74: =ROUND(D74/(IF(ISNUMBER(SEARCH("เมืองทอง",C74)),อัปเดตราคาอลู!$F$8,IF(ISNUMBER(SEARCH("SlimLux",C74)),อัปเดตราคาอลู!$F$6,IF(ISNUMBER(SEARCH("Velora",C74)),อัปเดตราคาอลู!$F$7,IF(ISNUMBER(SEARCH("Fuji",C74)),อัปเดตราคาอลู!$F$5,อัปเดตราคาอลู!$F$4))))),3) -> 6.31 | M74: =ROUND(K74/(IF(OR(ISNUMBER(SEARCH("เมืองทอง",C74)),ISNUMBER(SEARCH("SlimLux",C74)),ISNUMBER(SEARCH("Velora",C74))),6,6.4)),3) -> 292.969 | N74: =ROUND(I74-D74,0) -> 0
A75: F7871 | B75: เฟรมบานตายคิ้วใน (ตัวหนา) | C75: อลูมิเนียม Fuji | D75: 1505 | E75: 1615 | F75: 2385 | H75: =IF(ISNUMBER(SEARCH("เมืองทอง",C75)),mult_mtong,IF(ISNUMBER(SEARCH("SlimLux",C75)),mult_slim,IF(ISNUMBER(SEARCH("Velora",C75)),mult_velora,IF(ISNUMBER(SEARCH("Fuji",C75)),mult_euro,mult_sms)))) -> 1 | I75: =ROUND(D75*H75,0) -> 1505 | J75: =ROUND(E75*H75,0) -> 1615 | K75: =ROUND(F75*mult_wood,0) -> 2385 | L75: =ROUND(D75/(IF(ISNUMBER(SEARCH("เมืองทอง",C75)),อัปเดตราคาอลู!$F$8,IF(ISNUMBER(SEARCH("SlimLux",C75)),อัปเดตราคาอลู!$F$6,IF(ISNUMBER(SEARCH("Velora",C75)),อัปเดตราคาอลู!$F$7,IF(ISNUMBER(SEARCH("Fuji",C75)),อัปเดตราคาอลู!$F$5,อัปเดตราคาอลู!$F$4))))),3) -> 8.048 | M75: =ROUND(K75/(IF(OR(ISNUMBER(SEARCH("เมืองทอง",C75)),ISNUMBER(SEARCH("SlimLux",C75)),ISNUMBER(SEARCH("Velora",C75))),6,6.4)),3) -> 372.656 | N75: =ROUND(I75-D75,0) -> 0
... A108: F7975 | B108: บังใบสำหรับใส่กลอน | C108: อลูมิเนียม Fuji | D108: 540 | E108: 580 | F108: 855 | H108: =IF(ISNUMBER(SEARCH("เมืองทอง",C108)),mult_mtong,IF(ISNUMBER(SEARCH("SlimLux",C108)),mult_slim,IF(ISNUMBER(SEARCH("Velora",C108)),mult_velora,IF(ISNUMBER(SEARCH("Fuji",C108)),mult_euro,mult_sms)))) -> 1 | I108: =ROUND(D108*H108,0) -> 540 | J108: =ROUND(E108*H108,0) -> 580 | K108: =ROUND(F108*mult_wood,0) -> 855 | L108: =ROUND(D108/(IF(ISNUMBER(SEARCH("เมืองทอง",C108)),อัปเดตราคาอลู!$F$8,IF(ISNUMBER(SEARCH("SlimLux",C108)),อัปเดตราคาอลู!$F$6,IF(ISNUMBER(SEARCH("Velora",C108)),อัปเดตราคาอลู!$F$7,IF(ISNUMBER(SEARCH("Fuji",C108)),อัปเดตราคาอลู!$F$5,อัปเดตราคาอลู!$F$4))))),3) -> 2.888 | M108: =ROUND(K108/(IF(OR(ISNUMBER(SEARCH("เมืองทอง",C108)),ISNUMBER(SEARCH("SlimLux",C108)),ISNUMBER(SEARCH("Velora",C108))),6,6.4)),3) -> 133.594 | N108: =ROUND(I108-D108,0) -> 0
A109: ━ เมืองทอง ━
A110: 705 | B110: แป๊บ 6 หุน | C110: อลูมิเนียม เมืองทอง | D110: 222 | E110: 340 | F110: 355 | H110: =IF(ISNUMBER(SEARCH("เมืองทอง",C110)),mult_mtong,IF(ISNUMBER(SEARCH("SlimLux",C110)),mult_slim,IF(ISNUMBER(SEARCH("Velora",C110)),mult_velora,IF(ISNUMBER(SEARCH("Fuji",C110)),mult_euro,mult_sms)))) -> 1 | I110: =ROUND(D110*H110,0) -> 222 | J110: =ROUND(E110*H110,0) -> 340 | K110: =ROUND(F110*mult_wood,0) -> 355 | L110: =ROUND(D110/(IF(ISNUMBER(SEARCH("เมืองทอง",C110)),อัปเดตราคาอลู!$F$8,IF(ISNUMBER(SEARCH("SlimLux",C110)),อัปเดตราคาอลู!$F$6,IF(ISNUMBER(SEARCH("Velora",C110)),อัปเดตราคาอลู!$F$7,IF(ISNUMBER(SEARCH("Fuji",C110)),อัปเดตราคาอลู!$F$5,อัปเดตราคาอลู!$F$4))))),3) -> 1.181 | M110: =ROUND(K110/(IF(OR(ISNUMBER(SEARCH("เมืองทอง",C110)),ISNUMBER(SEARCH("SlimLux",C110)),ISNUMBER(SEARCH("Velora",C110))),6,6.4)),3) -> 59.167 | N110: =ROUND(I110-D110,0) -> 0
A111: 706 | B111: แป๊บ 6 หุน | C111: อลูมิเนียม เมืองทอง | D111: 261 | E111: 400 | F111: 418 | H111: =IF(ISNUMBER(SEARCH("เมืองทอง",C111)),mult_mtong,IF(ISNUMBER(SEARCH("SlimLux",C111)),mult_slim,IF(ISNUMBER(SEARCH("Velora",C111)),mult_velora,IF(ISNUMBER(SEARCH("Fuji",C111)),mult_euro,mult_sms)))) -> 1 | I111: =ROUND(D111*H111,0) -> 261 | J111: =ROUND(E111*H111,0) -> 400 | K111: =ROUND(F111*mult_wood,0) -> 418 | L111: =ROUND(D111/(IF(ISNUMBER(SEARCH("เมืองทอง",C111)),อัปเดตราคาอลู!$F$8,IF(ISNUMBER(SEARCH("SlimLux",C111)),อัปเดตราคาอลู!$F$6,IF(ISNUMBER(SEARCH("Velora",C111)),อัปเดตราคาอลู!$F$7,IF(ISNUMBER(SEARCH("Fuji",C111)),อัปเดตราคาอลู!$F$5,อัปเดตราคาอลู!$F$4))))),3) -> 1.388 | M111: =ROUND(K111/(IF(OR(ISNUMBER(SEARCH("เมืองทอง",C111)),ISNUMBER(SEARCH("SlimLux",C111)),ISNUMBER(SEARCH("Velora",C111))),6,6.4)),3) -> 69.667 | N111: =ROUND(I111-D111,0) -> 0
A112: 709 | B112: แป๊บ 1 นิ้ว | C112: อลูมิเนียม เมืองทอง | D112: 295 | E112: 452 | F112: 472 | H112: =IF(ISNUMBER(SEARCH("เมืองทอง",C112)),mult_mtong,IF(ISNUMBER(SEARCH("SlimLux",C112)),mult_slim,IF(ISNUMBER(SEARCH("Velora",C112)),mult_velora,IF(ISNUMBER(SEARCH("Fuji",C112)),mult_euro,mult_sms)))) -> 1 | I112: =ROUND(D112*H112,0) -> 295 | J112: =ROUND(E112*H112,0) -> 452 | K112: =ROUND(F112*mult_wood,0) -> 472 | L112: =ROUND(D112/(IF(ISNUMBER(SEARCH("เมืองทอง",C112)),อัปเดตราคาอลู!$F$8,IF(ISNUMBER(SEARCH("SlimLux",C112)),อัปเดตราคาอลู!$F$6,IF(ISNUMBER(SEARCH("Velora",C112)),อัปเดตราคาอลู!$F$7,IF(ISNUMBER(SEARCH("Fuji",C112)),อัปเดตราคาอลู!$F$5,อัปเดตราคาอลู!$F$4))))),3) -> 1.569 | M112: =ROUND(K112/(IF(OR(ISNUMBER(SEARCH("เมืองทอง",C112)),ISNUMBER(SEARCH("SlimLux",C112)),ISNUMBER(SEARCH("Velora",C112))),6,6.4)),3) -> 78.667 | N112: =ROUND(I112-D112,0) -> 0
A113: 710 | B113: แป๊บ 1 นิ้ว | C113: อลูมิเนียม เมืองทอง | D113: 325 | E113: 498 | F113: 520 | H113: =IF(ISNUMBER(SEARCH("เมืองทอง",C113)),mult_mtong,IF(ISNUMBER(SEARCH("SlimLux",C113)),mult_slim,IF(ISNUMBER(SEARCH("Velora",C113)),mult_velora,IF(ISNUMBER(SEARCH("Fuji",C113)),mult_euro,mult_sms)))) -> 1 | I113: =ROUND(D113*H113,0) -> 325 | J113: =ROUND(E113*H113,0) -> 498 | K113: =ROUND(F113*mult_wood,0) -> 520 | L113: =ROUND(D113/(IF(ISNUMBER(SEARCH("เมืองทอง",C113)),อัปเดตราคาอลู!$F$8,IF(ISNUMBER(SEARCH("SlimLux",C113)),อัปเดตราคาอลู!$F$6,IF(ISNUMBER(SEARCH("Velora",C113)),อัปเดตราคาอลู!$F$7,IF(ISNUMBER(SEARCH("Fuji",C113)),อัปเดตราคาอลู!$F$5,อัปเดตราคาอลู!$F$4))))),3) -> 1.729 | M113: =ROUND(K113/(IF(OR(ISNUMBER(SEARCH("เมืองทอง",C113)),ISNUMBER(SEARCH("SlimLux",C113)),ISNUMBER(SEARCH("Velora",C113))),6,6.4)),3) -> 86.667 | N113: =ROUND(I113-D113,0) -> 0
A114: 711 | B114: แป๊บ 1 นิ้ว | C114: อลูมิเนียม เมืองทอง | D114: 353 | E114: 541 | F114: 565 | H114: =IF(ISNUMBER(SEARCH("เมืองทอง",C114)),mult_mtong,IF(ISNUMBER(SEARCH("SlimLux",C114)),mult_slim,IF(ISNUMBER(SEARCH("Velora",C114)),mult_velora,IF(ISNUMBER(SEARCH("Fuji",C114)),mult_euro,mult_sms)))) -> 1 | I114: =ROUND(D114*H114,0) -> 353 | J114: =ROUND(E114*H114,0) -> 541 | K114: =ROUND(F114*mult_wood,0) -> 565 | L114: =ROUND(D114/(IF(ISNUMBER(SEARCH("เมืองทอง",C114)),อัปเดตราคาอลู!$F$8,IF(ISNUMBER(SEARCH("SlimLux",C114)),อัปเดตราคาอลู!$F$6,IF(ISNUMBER(SEARCH("Velora",C114)),อัปเดตราคาอลู!$F$7,IF(ISNUMBER(SEARCH("Fuji",C114)),อัปเดตราคาอลู!$F$5,อัปเดตราคาอลู!$F$4))))),3) -> 1.878 | M114: =ROUND(K114/(IF(OR(ISNUMBER(SEARCH("เมืองทอง",C114)),ISNUMBER(SEARCH("SlimLux",C114)),ISNUMBER(SEARCH("Velora",C114))),6,6.4)),3) -> 94.167 | N114: =ROUND(I114-D114,0) -> 0
A115: 715 | B115: แป๊บ 1¼ นิ้ว | C115: อลูมิเนียม เมืองทอง | D115: 410 | E115: 628 | F115: 655 | H115: =IF(ISNUMBER(SEARCH("เมืองทอง",C115)),mult_mtong,IF(ISNUMBER(SEARCH("SlimLux",C115)),mult_slim,IF(ISNUMBER(SEARCH("Velora",C115)),mult_velora,IF(ISNUMBER(SEARCH("Fuji",C115)),mult_euro,mult_sms)))) -> 1 | I115: =ROUND(D115*H115,0) -> 410 | J115: =ROUND(E115*H115,0) -> 628 | K115: =ROUND(F115*mult_wood,0) -> 655 | L115: =ROUND(D115/(IF(ISNUMBER(SEARCH("เมืองทอง",C115)),อัปเดตราคาอลู!$F$8,IF(ISNUMBER(SEARCH("SlimLux",C115)),อัปเดตราคาอลู!$F$6,IF(ISNUMBER(SEARCH("Velora",C115)),อัปเดตราคาอลู!$F$7,IF(ISNUMBER(SEARCH("Fuji",C115)),อัปเดตราคาอลู!$F$5,อัปเดตราคาอลู!$F$4))))),3) -> 2.181 | M115: =ROUND(K115/(IF(OR(ISNUMBER(SEARCH("เมืองทอง",C115)),ISNUMBER(SEARCH("SlimLux",C115)),ISNUMBER(SEARCH("Velora",C115))),6,6.4)),3) -> 109.167 | N115: =ROUND(I115-D115,0) -> 0
A116: 718 | B116: แป๊บ 1½ นิ้ว | C116: อลูมิเนียม เมืองทอง | D116: 494 | E116: 757 | F116: 790 | H116: =IF(ISNUMBER(SEARCH("เมืองทอง",C116)),mult_mtong,IF(ISNUMBER(SEARCH("SlimLux",C116)),mult_slim,IF(ISNUMBER(SEARCH("Velora",C116)),mult_velora,IF(ISNUMBER(SEARCH("Fuji",C116)),mult_euro,mult_sms)))) -> 1 | I116: =ROUND(D116*H116,0) -> 494 | J116: =ROUND(E116*H116,0) -> 757 | K116: =ROUND(F116*mult_wood,0) -> 790 | L116: =ROUND(D116/(IF(ISNUMBER(SEARCH("เมืองทอง",C116)),อัปเดตราคาอลู!$F$8,IF(ISNUMBER(SEARCH("SlimLux",C116)),อัปเดตราคาอลู!$F$6,IF(ISNUMBER(SEARCH("Velora",C116)),อัปเดตราคาอลู!$F$7,IF(ISNUMBER(SEARCH("Fuji",C116)),อัปเดตราคาอลู!$F$5,อัปเดตราคาอลู!$F$4))))),3) -> 2.628 | M116: =ROUND(K116/(IF(OR(ISNUMBER(SEARCH("เมืองทอง",C116)),ISNUMBER(SEARCH("SlimLux",C116)),ISNUMBER(SEARCH("Velora",C116))),6,6.4)),3) -> 131.667 | N116: =ROUND(I116-D116,0) -> 0
A117: 745 | B117: แป๊บ 1½ นิ้ว | C117: อลูมิเนียม เมืองทอง | D117: 671 | E117: 1028 | F117: 1073 | H117: =IF(ISNUMBER(SEARCH("เมืองทอง",C117)),mult_mtong,IF(ISNUMBER(SEARCH("SlimLux",C117)),mult_slim,IF(ISNUMBER(SEARCH("Velora",C117)),mult_velora,IF(ISNUMBER(SEARCH("Fuji",C117)),mult_euro,mult_sms)))) -> 1 | I117: =ROUND(D117*H117,0) -> 671 | J117: =ROUND(E117*H117,0) -> 1028 | K117: =ROUND(F117*mult_wood,0) -> 1073 | L117: =ROUND(D117/(IF(ISNUMBER(SEARCH("เมืองทอง",C117)),อัปเดตราคาอลู!$F$8,IF(ISNUMBER(SEARCH("SlimLux",C117)),อัปเดตราคาอลู!$F$6,IF(ISNUMBER(SEARCH("Velora",C117)),อัปเดตราคาอลู!$F$7,IF(ISNUMBER(SEARCH("Fuji",C117)),อัปเดตราคาอลู!$F$5,อัปเดตราคาอลู!$F$4))))),3) -> 3.569 | M117: =ROUND(K117/(IF(OR(ISNUMBER(SEARCH("เมืองทอง",C117)),ISNUMBER(SEARCH("SlimLux",C117)),ISNUMBER(SEARCH("Velora",C117))),6,6.4)),3) -> 178.833 | N117: =ROUND(I117-D117,0) -> 0
A118: 724A | B118: แป๊บ 1¾ นิ้ว | C118: อลูมิเนียม เมืองทอง | D118: 427 | E118: 654 | F118: 682 | H118: =IF(ISNUMBER(SEARCH("เมืองทอง",C118)),mult_mtong,IF(ISNUMBER(SEARCH("SlimLux",C118)),mult_slim,IF(ISNUMBER(SEARCH("Velora",C118)),mult_velora,IF(ISNUMBER(SEARCH("Fuji",C118)),mult_euro,mult_sms)))) -> 1 | I118: =ROUND(D118*H118,0) -> 427 | J118: =ROUND(E118*H118,0) -> 654 | K118: =ROUND(F118*mult_wood,0) -> 682 | L118: =ROUND(D118/(IF(ISNUMBER(SEARCH("เมืองทอง",C118)),อัปเดตราคาอลู!$F$8,IF(ISNUMBER(SEARCH("SlimLux",C118)),อัปเดตราคาอลู!$F$6,IF(ISNUMBER(SEARCH("Velora",C118)),อัปเดตราคาอลู!$F$7,IF(ISNUMBER(SEARCH("Fuji",C118)),อัปเดตราคาอลู!$F$5,อัปเดตราคาอลู!$F$4))))),3) -> 2.271 | M118: =ROUND(K118/(IF(OR(ISNUMBER(SEARCH("เมืองทอง",C118)),ISNUMBER(SEARCH("SlimLux",C118)),ISNUMBER(SEARCH("Velora",C118))),6,6.4)),3) -> 113.667 | N118: =ROUND(I118-D118,0) -> 0
A119: 724B | B119: แป๊บ 1¾ นิ้ว | C119: อลูมิเนียม เมืองทอง | D119: 479 | E119: 734 | F119: 766 | H119: =IF(ISNUMBER(SEARCH("เมืองทอง",C119)),mult_mtong,IF(ISNUMBER(SEARCH("SlimLux",C119)),mult_slim,IF(ISNUMBER(SEARCH("Velora",C119)),mult_velora,IF(ISNUMBER(SEARCH("Fuji",C119)),mult_euro,mult_sms)))) -> 1 | I119: =ROUND(D119*H119,0) -> 479 | J119: =ROUND(E119*H119,0) -> 734 | K119: =ROUND(F119*mult_wood,0) -> 766 | L119: =ROUND(D119/(IF(ISNUMBER(SEARCH("เมืองทอง",C119)),อัปเดตราคาอลู!$F$8,IF(ISNUMBER(SEARCH("SlimLux",C119)),อัปเดตราคาอลู!$F$6,IF(ISNUMBER(SEARCH("Velora",C119)),อัปเดตราคาอลู!$F$7,IF(ISNUMBER(SEARCH("Fuji",C119)),อัปเดตราคาอลู!$F$5,อัปเดตราคาอลู!$F$4))))),3) -> 2.548 | M119: =ROUND(K119/(IF(OR(ISNUMBER(SEARCH("เมืองทอง",C119)),ISNUMBER(SEARCH("SlimLux",C119)),ISNUMBER(SEARCH("Velora",C119))),6,6.4)),3) -> 127.667 | N119: =ROUND(I119-D119,0) -> 0
A120: 724F | B120: แป๊บ 1¾ นิ้ว | C120: อลูมิเนียม เมืองทอง | D120: 583 | E120: 893 | F120: 932 | H120: =IF(ISNUMBER(SEARCH("เมืองทอง",C120)),mult_mtong,IF(ISNUMBER(SEARCH("SlimLux",C120)),mult_slim,IF(ISNUMBER(SEARCH("Velora",C120)),mult_velora,IF(ISNUMBER(SEARCH("Fuji",C120)),mult_euro,mult_sms)))) -> 1 | I120: =ROUND(D120*H120,0) -> 583 | J120: =ROUND(E120*H120,0) -> 893 | K120: =ROUND(F120*mult_wood,0) -> 932 | L120: =ROUND(D120/(IF(ISNUMBER(SEARCH("เมืองทอง",C120)),อัปเดตราคาอลู!$F$8,IF(ISNUMBER(SEARCH("SlimLux",C120)),อัปเดตราคาอลู!$F$6,IF(ISNUMBER(SEARCH("Velora",C120)),อัปเดตราคาอลู!$F$7,IF(ISNUMBER(SEARCH("Fuji",C120)),อัปเดตราคาอลู!$F$5,อัปเดตราคาอลู!$F$4))))),3) -> 3.101 | M120: =ROUND(K120/(IF(OR(ISNUMBER(SEARCH("เมืองทอง",C120)),ISNUMBER(SEARCH("SlimLux",C120)),ISNUMBER(SEARCH("Velora",C120))),6,6.4)),3) -> 155.333 | N120: =ROUND(I120-D120,0) -> 0
A121: 726A | B121: แป๊บ 1¾ นิ้ว | C121: อลูมิเนียม เมืองทอง | D121: 713 | E121: 1092 | F121: 1139 | H121: =IF(ISNUMBER(SEARCH("เมืองทอง",C121)),mult_mtong,IF(ISNUMBER(SEARCH("SlimLux",C121)),mult_slim,IF(ISNUMBER(SEARCH("Velora",C121)),mult_velora,IF(ISNUMBER(SEARCH("Fuji",C121)),mult_euro,mult_sms)))) -> 1 | I121: =ROUND(D121*H121,0) -> 713 | J121: =ROUND(E121*H121,0) -> 1092 | K121: =ROUND(F121*mult_wood,0) -> 1139 | L121: =ROUND(D121/(IF(ISNUMBER(SEARCH("เมืองทอง",C121)),อัปเดตราคาอลู!$F$8,IF(ISNUMBER(SEARCH("SlimLux",C121)),อัปเดตราคาอลู!$F$6,IF(ISNUMBER(SEARCH("Velora",C121)),อัปเดตราคาอลู!$F$7,IF(ISNUMBER(SEARCH("Fuji",C121)),อัปเดตราคาอลู!$F$5,อัปเดตราคาอลู!$F$4))))),3) -> 3.793 | M121: =ROUND(K121/(IF(OR(ISNUMBER(SEARCH("เมืองทอง",C121)),ISNUMBER(SEARCH("SlimLux",C121)),ISNUMBER(SEARCH("Velora",C121))),6,6.4)),3) -> 189.833 | N121: =ROUND(I121-D121,0) -> 0
... A149: Z-1.6 | B149: ตัว Z 1.6 นิ้ว | C149: อลูมิเนียม เมืองทอง | D149: 75 | E149: 115 | F149: 121 | H149: =IF(ISNUMBER(SEARCH("เมืองทอง",C149)),mult_mtong,IF(ISNUMBER(SEARCH("SlimLux",C149)),mult_slim,IF(ISNUMBER(SEARCH("Velora",C149)),mult_velora,IF(ISNUMBER(SEARCH("Fuji",C149)),mult_euro,mult_sms)))) -> 1 | I149: =ROUND(D149*H149,0) -> 75 | J149: =ROUND(E149*H149,0) -> 115 | K149: =ROUND(F149*mult_wood,0) -> 121 | L149: =ROUND(D149/(IF(ISNUMBER(SEARCH("เมืองทอง",C149)),อัปเดตราคาอลู!$F$8,IF(ISNUMBER(SEARCH("SlimLux",C149)),อัปเดตราคาอลู!$F$6,IF(ISNUMBER(SEARCH("Velora",C149)),อัปเดตราคาอลู!$F$7,IF(ISNUMBER(SEARCH("Fuji",C149)),อัปเดตราคาอลู!$F$5,อัปเดตราคาอลู!$F$4))))),3) -> 0.399 | M149: =ROUND(K149/(IF(OR(ISNUMBER(SEARCH("เมืองทอง",C149)),ISNUMBER(SEARCH("SlimLux",C149)),ISNUMBER(SEARCH("Velora",C149))),6,6.4)),3) -> 20.167 | N149: =ROUND(I149-D149,0) -> 0
A150: ━ SlimLux ━
A151: WM-K01 | B151: ไส้เสาบาน | C151: อลูมิเนียม SlimLux | D151: 502 | E151: 796 | H151: =IF(ISNUMBER(SEARCH("เมืองทอง",C151)),mult_mtong,IF(ISNUMBER(SEARCH("SlimLux",C151)),mult_slim,IF(ISNUMBER(SEARCH("Velora",C151)),mult_velora,IF(ISNUMBER(SEARCH("Fuji",C151)),mult_euro,mult_sms)))) -> 1 | I151: =ROUND(D151*H151,0) -> 502 | J151: =ROUND(E151*H151,0) -> 796 | L151: =ROUND(D151/(IF(ISNUMBER(SEARCH("เมืองทอง",C151)),อัปเดตราคาอลู!$F$8,IF(ISNUMBER(SEARCH("SlimLux",C151)),อัปเดตราคาอลู!$F$6,IF(ISNUMBER(SEARCH("Velora",C151)),อัปเดตราคาอลู!$F$7,IF(ISNUMBER(SEARCH("Fuji",C151)),อัปเดตราคาอลู!$F$5,อัปเดตราคาอลู!$F$4))))),3) -> 2.953 | M151: =ROUND(K151/(IF(OR(ISNUMBER(SEARCH("เมืองทอง",C151)),ISNUMBER(SEARCH("SlimLux",C151)),ISNUMBER(SEARCH("Velora",C151))),6,6.4)),3) -> 0 | N151: =ROUND(I151-D151,0) -> 0
A152: WM-K02 | B152: ฝาเสาเรียบ | C152: อลูมิเนียม SlimLux | D152: 267 | E152: 424 | H152: =IF(ISNUMBER(SEARCH("เมืองทอง",C152)),mult_mtong,IF(ISNUMBER(SEARCH("SlimLux",C152)),mult_slim,IF(ISNUMBER(SEARCH("Velora",C152)),mult_velora,IF(ISNUMBER(SEARCH("Fuji",C152)),mult_euro,mult_sms)))) -> 1 | I152: =ROUND(D152*H152,0) -> 267 | J152: =ROUND(E152*H152,0) -> 424 | L152: =ROUND(D152/(IF(ISNUMBER(SEARCH("เมืองทอง",C152)),อัปเดตราคาอลู!$F$8,IF(ISNUMBER(SEARCH("SlimLux",C152)),อัปเดตราคาอลู!$F$6,IF(ISNUMBER(SEARCH("Velora",C152)),อัปเดตราคาอลู!$F$7,IF(ISNUMBER(SEARCH("Fuji",C152)),อัปเดตราคาอลู!$F$5,อัปเดตราคาอลู!$F$4))))),3) -> 1.571 | M152: =ROUND(K152/(IF(OR(ISNUMBER(SEARCH("เมืองทอง",C152)),ISNUMBER(SEARCH("SlimLux",C152)),ISNUMBER(SEARCH("Velora",C152))),6,6.4)),3) -> 0 | N152: =ROUND(I152-D152,0) -> 0
A153: WM-K03 | B153: ฝาเสาเกี่ยว | C153: อลูมิเนียม SlimLux | D153: 288 | E153: 457 | H153: =IF(ISNUMBER(SEARCH("เมืองทอง",C153)),mult_mtong,IF(ISNUMBER(SEARCH("SlimLux",C153)),mult_slim,IF(ISNUMBER(SEARCH("Velora",C153)),mult_velora,IF(ISNUMBER(SEARCH("Fuji",C153)),mult_euro,mult_sms)))) -> 1 | I153: =ROUND(D153*H153,0) -> 288 | J153: =ROUND(E153*H153,0) -> 457 | L153: =ROUND(D153/(IF(ISNUMBER(SEARCH("เมืองทอง",C153)),อัปเดตราคาอลู!$F$8,IF(ISNUMBER(SEARCH("SlimLux",C153)),อัปเดตราคาอลู!$F$6,IF(ISNUMBER(SEARCH("Velora",C153)),อัปเดตราคาอลู!$F$7,IF(ISNUMBER(SEARCH("Fuji",C153)),อัปเดตราคาอลู!$F$5,อัปเดตราคาอลู!$F$4))))),3) -> 1.694 | M153: =ROUND(K153/(IF(OR(ISNUMBER(SEARCH("เมืองทอง",C153)),ISNUMBER(SEARCH("SlimLux",C153)),ISNUMBER(SEARCH("Velora",C153))),6,6.4)),3) -> 0 | N153: =ROUND(I153-D153,0) -> 0
A154: WM-K04 | B154: ขวางบนล่าง | C154: อลูมิเนียม SlimLux | D154: 797 | E154: 1266 | H154: =IF(ISNUMBER(SEARCH("เมืองทอง",C154)),mult_mtong,IF(ISNUMBER(SEARCH("SlimLux",C154)),mult_slim,IF(ISNUMBER(SEARCH("Velora",C154)),mult_velora,IF(ISNUMBER(SEARCH("Fuji",C154)),mult_euro,mult_sms)))) -> 1 | I154: =ROUND(D154*H154,0) -> 797 | J154: =ROUND(E154*H154,0) -> 1266 | L154: =ROUND(D154/(IF(ISNUMBER(SEARCH("เมืองทอง",C154)),อัปเดตราคาอลู!$F$8,IF(ISNUMBER(SEARCH("SlimLux",C154)),อัปเดตราคาอลู!$F$6,IF(ISNUMBER(SEARCH("Velora",C154)),อัปเดตราคาอลู!$F$7,IF(ISNUMBER(SEARCH("Fuji",C154)),อัปเดตราคาอลู!$F$5,อัปเดตราคาอลู!$F$4))))),3) -> 4.688 | M154: =ROUND(K154/(IF(OR(ISNUMBER(SEARCH("เมืองทอง",C154)),ISNUMBER(SEARCH("SlimLux",C154)),ISNUMBER(SEARCH("Velora",C154))),6,6.4)),3) -> 0 | N154: =ROUND(I154-D154,0) -> 0
A155: - | B155: รางบน 3 ราง | C155: อลูมิเนียม SlimLux | D155: 1825 | E155: 2898 | H155: =IF(ISNUMBER(SEARCH("เมืองทอง",C155)),mult_mtong,IF(ISNUMBER(SEARCH("SlimLux",C155)),mult_slim,IF(ISNUMBER(SEARCH("Velora",C155)),mult_velora,IF(ISNUMBER(SEARCH("Fuji",C155)),mult_euro,mult_sms)))) -> 1 | I155: =ROUND(D155*H155,0) -> 1825 | J155: =ROUND(E155*H155,0) -> 2898 | L155: =ROUND(D155/(IF(ISNUMBER(SEARCH("เมืองทอง",C155)),อัปเดตราคาอลู!$F$8,IF(ISNUMBER(SEARCH("SlimLux",C155)),อัปเดตราคาอลู!$F$6,IF(ISNUMBER(SEARCH("Velora",C155)),อัปเดตราคาอลู!$F$7,IF(ISNUMBER(SEARCH("Fuji",C155)),อัปเดตราคาอลู!$F$5,อัปเดตราคาอลู!$F$4))))),3) -> 10.735 | M155: =ROUND(K155/(IF(OR(ISNUMBER(SEARCH("เมืองทอง",C155)),ISNUMBER(SEARCH("SlimLux",C155)),ISNUMBER(SEARCH("Velora",C155))),6,6.4)),3) -> 0 | N155: =ROUND(I155-D155,0) -> 0
A156: WM-K15 | B156: รางแขวน 1 ราง | C156: อลูมิเนียม SlimLux | D156: 928 | E156: 1474 | H156: =IF(ISNUMBER(SEARCH("เมืองทอง",C156)),mult_mtong,IF(ISNUMBER(SEARCH("SlimLux",C156)),mult_slim,IF(ISNUMBER(SEARCH("Velora",C156)),mult_velora,IF(ISNUMBER(SEARCH("Fuji",C156)),mult_euro,mult_sms)))) -> 1 | I156: =ROUND(D156*H156,0) -> 928 | J156: =ROUND(E156*H156,0) -> 1474 | L156: =ROUND(D156/(IF(ISNUMBER(SEARCH("เมืองทอง",C156)),อัปเดตราคาอลู!$F$8,IF(ISNUMBER(SEARCH("SlimLux",C156)),อัปเดตราคาอลู!$F$6,IF(ISNUMBER(SEARCH("Velora",C156)),อัปเดตราคาอลู!$F$7,IF(ISNUMBER(SEARCH("Fuji",C156)),อัปเดตราคาอลู!$F$5,อัปเดตราคาอลู!$F$4))))),3) -> 5.459 | M156: =ROUND(K156/(IF(OR(ISNUMBER(SEARCH("เมืองทอง",C156)),ISNUMBER(SEARCH("SlimLux",C156)),ISNUMBER(SEARCH("Velora",C156))),6,6.4)),3) -> 0 | N156: =ROUND(I156-D156,0) -> 0
A157: WM-K19 | B157: ข้อต่อรางแขวน | C157: อลูมิเนียม SlimLux | D157: 116 | E157: 185 | H157: =IF(ISNUMBER(SEARCH("เมืองทอง",C157)),mult_mtong,IF(ISNUMBER(SEARCH("SlimLux",C157)),mult_slim,IF(ISNUMBER(SEARCH("Velora",C157)),mult_velora,IF(ISNUMBER(SEARCH("Fuji",C157)),mult_euro,mult_sms)))) -> 1 | I157: =ROUND(D157*H157,0) -> 116 | J157: =ROUND(E157*H157,0) -> 185 | L157: =ROUND(D157/(IF(ISNUMBER(SEARCH("เมืองทอง",C157)),อัปเดตราคาอลู!$F$8,IF(ISNUMBER(SEARCH("SlimLux",C157)),อัปเดตราคาอลู!$F$6,IF(ISNUMBER(SEARCH("Velora",C157)),อัปเดตราคาอลู!$F$7,IF(ISNUMBER(SEARCH("Fuji",C157)),อัปเดตราคาอลู!$F$5,อัปเดตราคาอลู!$F$4))))),3) -> 0.682 | M157: =ROUND(K157/(IF(OR(ISNUMBER(SEARCH("เมืองทอง",C157)),ISNUMBER(SEARCH("SlimLux",C157)),ISNUMBER(SEARCH("Velora",C157))),6,6.4)),3) -> 0 | N157: =ROUND(I157-D157,0) -> 0
A158: WM-K18 | B158: ฝาปิดข้างรางแขวน | C158: อลูมิเนียม SlimLux | D158: 147 | E158: 233 | H158: =IF(ISNUMBER(SEARCH("เมืองทอง",C158)),mult_mtong,IF(ISNUMBER(SEARCH("SlimLux",C158)),mult_slim,IF(ISNUMBER(SEARCH("Velora",C158)),mult_velora,IF(ISNUMBER(SEARCH("Fuji",C158)),mult_euro,mult_sms)))) -> 1 | I158: =ROUND(D158*H158,0) -> 147 | J158: =ROUND(E158*H158,0) -> 233 | L158: =ROUND(D158/(IF(ISNUMBER(SEARCH("เมืองทอง",C158)),อัปเดตราคาอลู!$F$8,IF(ISNUMBER(SEARCH("SlimLux",C158)),อัปเดตราคาอลู!$F$6,IF(ISNUMBER(SEARCH("Velora",C158)),อัปเดตราคาอลู!$F$7,IF(ISNUMBER(SEARCH("Fuji",C158)),อัปเดตราคาอลู!$F$5,อัปเดตราคาอลู!$F$4))))),3) -> 0.865 | M158: =ROUND(K158/(IF(OR(ISNUMBER(SEARCH("เมืองทอง",C158)),ISNUMBER(SEARCH("SlimLux",C158)),ISNUMBER(SEARCH("Velora",C158))),6,6.4)),3) -> 0 | N158: =ROUND(I158-D158,0) -> 0
A159: WM-K20 | B159: ฝาปิดล่างรางแขวน | C159: อลูมิเนียม SlimLux | D159: 81 | E159: 128 | H159: =IF(ISNUMBER(SEARCH("เมืองทอง",C159)),mult_mtong,IF(ISNUMBER(SEARCH("SlimLux",C159)),mult_slim,IF(ISNUMBER(SEARCH("Velora",C159)),mult_velora,IF(ISNUMBER(SEARCH("Fuji",C159)),mult_euro,mult_sms)))) -> 1 | I159: =ROUND(D159*H159,0) -> 81 | J159: =ROUND(E159*H159,0) -> 128 | L159: =ROUND(D159/(IF(ISNUMBER(SEARCH("เมืองทอง",C159)),อัปเดตราคาอลู!$F$8,IF(ISNUMBER(SEARCH("SlimLux",C159)),อัปเดตราคาอลู!$F$6,IF(ISNUMBER(SEARCH("Velora",C159)),อัปเดตราคาอลู!$F$7,IF(ISNUMBER(SEARCH("Fuji",C159)),อัปเดตราคาอลู!$F$5,อัปเดตราคาอลู!$F$4))))),3) -> 0.476 | M159: =ROUND(K159/(IF(OR(ISNUMBER(SEARCH("เมืองทอง",C159)),ISNUMBER(SEARCH("SlimLux",C159)),ISNUMBER(SEARCH("Velora",C159))),6,6.4)),3) -> 0 | N159: =ROUND(I159-D159,0) -> 0
A160: WM-K21A | B160: ฝาปิดล่างรางแขวนตัวใหญ่ | C160: อลูมิเนียม SlimLux | D160: 143 | E160: 227 | H160: =IF(ISNUMBER(SEARCH("เมืองทอง",C160)),mult_mtong,IF(ISNUMBER(SEARCH("SlimLux",C160)),mult_slim,IF(ISNUMBER(SEARCH("Velora",C160)),mult_velora,IF(ISNUMBER(SEARCH("Fuji",C160)),mult_euro,mult_sms)))) -> 1 | I160: =ROUND(D160*H160,0) -> 143 | J160: =ROUND(E160*H160,0) -> 227 | L160: =ROUND(D160/(IF(ISNUMBER(SEARCH("เมืองทอง",C160)),อัปเดตราคาอลู!$F$8,IF(ISNUMBER(SEARCH("SlimLux",C160)),อัปเดตราคาอลู!$F$6,IF(ISNUMBER(SEARCH("Velora",C160)),อัปเดตราคาอลู!$F$7,IF(ISNUMBER(SEARCH("Fuji",C160)),อัปเดตราคาอลู!$F$5,อัปเดตราคาอลู!$F$4))))),3) -> 0.841 | M160: =ROUND(K160/(IF(OR(ISNUMBER(SEARCH("เมืองทอง",C160)),ISNUMBER(SEARCH("SlimLux",C160)),ISNUMBER(SEARCH("Velora",C160))),6,6.4)),3) -> 0 | N160: =ROUND(I160-D160,0) -> 0
A161: - | B161: วงกบ | C161: อลูมิเนียม SlimLux | D161: 608 | E161: 966 | H161: =IF(ISNUMBER(SEARCH("เมืองทอง",C161)),mult_mtong,IF(ISNUMBER(SEARCH("SlimLux",C161)),mult_slim,IF(ISNUMBER(SEARCH("Velora",C161)),mult_velora,IF(ISNUMBER(SEARCH("Fuji",C161)),mult_euro,mult_sms)))) -> 1 | I161: =ROUND(D161*H161,0) -> 608 | J161: =ROUND(E161*H161,0) -> 966 | L161: =ROUND(D161/(IF(ISNUMBER(SEARCH("เมืองทอง",C161)),อัปเดตราคาอลู!$F$8,IF(ISNUMBER(SEARCH("SlimLux",C161)),อัปเดตราคาอลู!$F$6,IF(ISNUMBER(SEARCH("Velora",C161)),อัปเดตราคาอลู!$F$7,IF(ISNUMBER(SEARCH("Fuji",C161)),อัปเดตราคาอลู!$F$5,อัปเดตราคาอลู!$F$4))))),3) -> 3.576 | M161: =ROUND(K161/(IF(OR(ISNUMBER(SEARCH("เมืองทอง",C161)),ISNUMBER(SEARCH("SlimLux",C161)),ISNUMBER(SEARCH("Velora",C161))),6,6.4)),3) -> 0 | N161: =ROUND(I161-D161,0) -> 0
A162: - | B162: ลูกฟูก | C162: อลูมิเนียม SlimLux | D162: 432 | E162: 687 | H162: =IF(ISNUMBER(SEARCH("เมืองทอง",C162)),mult_mtong,IF(ISNUMBER(SEARCH("SlimLux",C162)),mult_slim,IF(ISNUMBER(SEARCH("Velora",C162)),mult_velora,IF(ISNUMBER(SEARCH("Fuji",C162)),mult_euro,mult_sms)))) -> 1 | I162: =ROUND(D162*H162,0) -> 432 | J162: =ROUND(E162*H162,0) -> 687 | L162: =ROUND(D162/(IF(ISNUMBER(SEARCH("เมืองทอง",C162)),อัปเดตราคาอลู!$F$8,IF(ISNUMBER(SEARCH("SlimLux",C162)),อัปเดตราคาอลู!$F$6,IF(ISNUMBER(SEARCH("Velora",C162)),อัปเดตราคาอลู!$F$7,IF(ISNUMBER(SEARCH("Fuji",C162)),อัปเดตราคาอลู!$F$5,อัปเดตราคาอลู!$F$4))))),3) -> 2.541 | M162: =ROUND(K162/(IF(OR(ISNUMBER(SEARCH("เมืองทอง",C162)),ISNUMBER(SEARCH("SlimLux",C162)),ISNUMBER(SEARCH("Velora",C162))),6,6.4)),3) -> 0 | N162: =ROUND(I162-D162,0) -> 0
... A165: - | B165: บาน | C165: อลูมิเนียม SlimLux | D165: 491 | E165: 779 | H165: =IF(ISNUMBER(SEARCH("เมืองทอง",C165)),mult_mtong,IF(ISNUMBER(SEARCH("SlimLux",C165)),mult_slim,IF(ISNUMBER(SEARCH("Velora",C165)),mult_velora,IF(ISNUMBER(SEARCH("Fuji",C165)),mult_euro,mult_sms)))) -> 1 | I165: =ROUND(D165*H165,0) -> 491 | J165: =ROUND(E165*H165,0) -> 779 | L165: =ROUND(D165/(IF(ISNUMBER(SEARCH("เมืองทอง",C165)),อัปเดตราคาอลู!$F$8,IF(ISNUMBER(SEARCH("SlimLux",C165)),อัปเดตราคาอลู!$F$6,IF(ISNUMBER(SEARCH("Velora",C165)),อัปเดตราคาอลู!$F$7,IF(ISNUMBER(SEARCH("Fuji",C165)),อัปเดตราคาอลู!$F$5,อัปเดตราคาอลู!$F$4))))),3) -> 2.888 | M165: =ROUND(K165/(IF(OR(ISNUMBER(SEARCH("เมืองทอง",C165)),ISNUMBER(SEARCH("SlimLux",C165)),ISNUMBER(SEARCH("Velora",C165))),6,6.4)),3) -> 0 | N165: =ROUND(I165-D165,0) -> 0
A166: ━ Velora ━
A167: - | B167: บาน | C167: อลูมิเนียม Velora | D167: 693 | E167: 981 | H167: =IF(ISNUMBER(SEARCH("เมืองทอง",C167)),mult_mtong,IF(ISNUMBER(SEARCH("SlimLux",C167)),mult_slim,IF(ISNUMBER(SEARCH("Velora",C167)),mult_velora,IF(ISNUMBER(SEARCH("Fuji",C167)),mult_euro,mult_sms)))) -> 1 | I167: =ROUND(D167*H167,0) -> 693 | J167: =ROUND(E167*H167,0) -> 981 | L167: =ROUND(D167/(IF(ISNUMBER(SEARCH("เมืองทอง",C167)),อัปเดตราคาอลู!$F$8,IF(ISNUMBER(SEARCH("SlimLux",C167)),อัปเดตราคาอลู!$F$6,IF(ISNUMBER(SEARCH("Velora",C167)),อัปเดตราคาอลู!$F$7,IF(ISNUMBER(SEARCH("Fuji",C167)),อัปเดตราคาอลู!$F$5,อัปเดตราคาอลู!$F$4))))),3) -> 2.888 | M167: =ROUND(K167/(IF(OR(ISNUMBER(SEARCH("เมืองทอง",C167)),ISNUMBER(SEARCH("SlimLux",C167)),ISNUMBER(SEARCH("Velora",C167))),6,6.4)),3) -> 0 | N167: =ROUND(I167-D167,0) -> 0
A168: - | B168: วงกบ | C168: อลูมิเนียม Velora | D168: 858 | E168: 1216 | H168: =IF(ISNUMBER(SEARCH("เมืองทอง",C168)),mult_mtong,IF(ISNUMBER(SEARCH("SlimLux",C168)),mult_slim,IF(ISNUMBER(SEARCH("Velora",C168)),mult_velora,IF(ISNUMBER(SEARCH("Fuji",C168)),mult_euro,mult_sms)))) -> 1 | I168: =ROUND(D168*H168,0) -> 858 | J168: =ROUND(E168*H168,0) -> 1216 | L168: =ROUND(D168/(IF(ISNUMBER(SEARCH("เมืองทอง",C168)),อัปเดตราคาอลู!$F$8,IF(ISNUMBER(SEARCH("SlimLux",C168)),อัปเดตราคาอลู!$F$6,IF(ISNUMBER(SEARCH("Velora",C168)),อัปเดตราคาอลู!$F$7,IF(ISNUMBER(SEARCH("Fuji",C168)),อัปเดตราคาอลู!$F$5,อัปเดตราคาอลู!$F$4))))),3) -> 3.575 | M168: =ROUND(K168/(IF(OR(ISNUMBER(SEARCH("เมืองทอง",C168)),ISNUMBER(SEARCH("SlimLux",C168)),ISNUMBER(SEARCH("Velora",C168))),6,6.4)),3) -> 0 | N168: =ROUND(I168-D168,0) -> 0
A169: ━ E-series ━
A170: E-01 | B170: - | C170: อลูมิเนียม E-series | D170: 1285 | E170: 1999 | H170: =IF(ISNUMBER(SEARCH("เมืองทอง",C170)),mult_mtong,IF(ISNUMBER(SEARCH("SlimLux",C170)),mult_slim,IF(ISNUMBER(SEARCH("Velora",C170)),mult_velora,IF(ISNUMBER(SEARCH("Fuji",C170)),mult_euro,mult_sms)))) -> 1 | I170: =ROUND(D170*H170,0) -> 1285 | J170: =ROUND(E170*H170,0) -> 1999 | L170: =ROUND(D170/(IF(ISNUMBER(SEARCH("เมืองทอง",C170)),อัปเดตราคาอลู!$F$8,IF(ISNUMBER(SEARCH("SlimLux",C170)),อัปเดตราคาอลู!$F$6,IF(ISNUMBER(SEARCH("Velora",C170)),อัปเดตราคาอลู!$F$7,IF(ISNUMBER(SEARCH("Fuji",C170)),อัปเดตราคาอลู!$F$5,อัปเดตราคาอลู!$F$4))))),3) -> 6.872 | M170: =ROUND(K170/(IF(OR(ISNUMBER(SEARCH("เมืองทอง",C170)),ISNUMBER(SEARCH("SlimLux",C170)),ISNUMBER(SEARCH("Velora",C170))),6,6.4)),3) -> 0 | N170: =ROUND(I170-D170,0) -> 0
A171: E-01A | B171: - | C171: อลูมิเนียม E-series | D171: 155 | E171: 241 | H171: =IF(ISNUMBER(SEARCH("เมืองทอง",C171)),mult_mtong,IF(ISNUMBER(SEARCH("SlimLux",C171)),mult_slim,IF(ISNUMBER(SEARCH("Velora",C171)),mult_velora,IF(ISNUMBER(SEARCH("Fuji",C171)),mult_euro,mult_sms)))) -> 1 | I171: =ROUND(D171*H171,0) -> 155 | J171: =ROUND(E171*H171,0) -> 241 | L171: =ROUND(D171/(IF(ISNUMBER(SEARCH("เมืองทอง",C171)),อัปเดตราคาอลู!$F$8,IF(ISNUMBER(SEARCH("SlimLux",C171)),อัปเดตราคาอลู!$F$6,IF(ISNUMBER(SEARCH("Velora",C171)),อัปเดตราคาอลู!$F$7,IF(ISNUMBER(SEARCH("Fuji",C171)),อัปเดตราคาอลู!$F$5,อัปเดตราคาอลู!$F$4))))),3) -> 0.829 | M171: =ROUND(K171/(IF(OR(ISNUMBER(SEARCH("เมืองทอง",C171)),ISNUMBER(SEARCH("SlimLux",C171)),ISNUMBER(SEARCH("Velora",C171))),6,6.4)),3) -> 0 | N171: =ROUND(I171-D171,0) -> 0
A172: E-03 | B172: - | C172: อลูมิเนียม E-series | D172: 1237 | E172: 1924 | H172: =IF(ISNUMBER(SEARCH("เมืองทอง",C172)),mult_mtong,IF(ISNUMBER(SEARCH("SlimLux",C172)),mult_slim,IF(ISNUMBER(SEARCH("Velora",C172)),mult_velora,IF(ISNUMBER(SEARCH("Fuji",C172)),mult_euro,mult_sms)))) -> 1 | I172: =ROUND(D172*H172,0) -> 1237 | J172: =ROUND(E172*H172,0) -> 1924 | L172: =ROUND(D172/(IF(ISNUMBER(SEARCH("เมืองทอง",C172)),อัปเดตราคาอลู!$F$8,IF(ISNUMBER(SEARCH("SlimLux",C172)),อัปเดตราคาอลู!$F$6,IF(ISNUMBER(SEARCH("Velora",C172)),อัปเดตราคาอลู!$F$7,IF(ISNUMBER(SEARCH("Fuji",C172)),อัปเดตราคาอลู!$F$5,อัปเดตราคาอลู!$F$4))))),3) -> 6.615 | M172: =ROUND(K172/(IF(OR(ISNUMBER(SEARCH("เมืองทอง",C172)),ISNUMBER(SEARCH("SlimLux",C172)),ISNUMBER(SEARCH("Velora",C172))),6,6.4)),3) -> 0 | N172: =ROUND(I172-D172,0) -> 0
A173: E-03C | B173: - | C173: อลูมิเนียม E-series | D173: 257 | E173: 400 | H173: =IF(ISNUMBER(SEARCH("เมืองทอง",C173)),mult_mtong,IF(ISNUMBER(SEARCH("SlimLux",C173)),mult_slim,IF(ISNUMBER(SEARCH("Velora",C173)),mult_velora,IF(ISNUMBER(SEARCH("Fuji",C173)),mult_euro,mult_sms)))) -> 1 | I173: =ROUND(D173*H173,0) -> 257 | J173: =ROUND(E173*H173,0) -> 400 | L173: =ROUND(D173/(IF(ISNUMBER(SEARCH("เมืองทอง",C173)),อัปเดตราคาอลู!$F$8,IF(ISNUMBER(SEARCH("SlimLux",C173)),อัปเดตราคาอลู!$F$6,IF(ISNUMBER(SEARCH("Velora",C173)),อัปเดตราคาอลู!$F$7,IF(ISNUMBER(SEARCH("Fuji",C173)),อัปเดตราคาอลู!$F$5,อัปเดตราคาอลู!$F$4))))),3) -> 1.374 | M173: =ROUND(K173/(IF(OR(ISNUMBER(SEARCH("เมืองทอง",C173)),ISNUMBER(SEARCH("SlimLux",C173)),ISNUMBER(SEARCH("Velora",C173))),6,6.4)),3) -> 0 | N173: =ROUND(I173-D173,0) -> 0
A174: E-05 | B174: - | C174: อลูมิเนียม E-series | D174: 1051 | E174: 1635 | H174: =IF(ISNUMBER(SEARCH("เมืองทอง",C174)),mult_mtong,IF(ISNUMBER(SEARCH("SlimLux",C174)),mult_slim,IF(ISNUMBER(SEARCH("Velora",C174)),mult_velora,IF(ISNUMBER(SEARCH("Fuji",C174)),mult_euro,mult_sms)))) -> 1 | I174: =ROUND(D174*H174,0) -> 1051 | J174: =ROUND(E174*H174,0) -> 1635 | L174: =ROUND(D174/(IF(ISNUMBER(SEARCH("เมืองทอง",C174)),อัปเดตราคาอลู!$F$8,IF(ISNUMBER(SEARCH("SlimLux",C174)),อัปเดตราคาอลู!$F$6,IF(ISNUMBER(SEARCH("Velora",C174)),อัปเดตราคาอลู!$F$7,IF(ISNUMBER(SEARCH("Fuji",C174)),อัปเดตราคาอลู!$F$5,อัปเดตราคาอลู!$F$4))))),3) -> 5.62 | M174: =ROUND(K174/(IF(OR(ISNUMBER(SEARCH("เมืองทอง",C174)),ISNUMBER(SEARCH("SlimLux",C174)),ISNUMBER(SEARCH("Velora",C174))),6,6.4)),3) -> 0 | N174: =ROUND(I174-D174,0) -> 0
A175: E-02B | B175: - | C175: อลูมิเนียม E-series | D175: 1175 | E175: 1828 | H175: =IF(ISNUMBER(SEARCH("เมืองทอง",C175)),mult_mtong,IF(ISNUMBER(SEARCH("SlimLux",C175)),mult_slim,IF(ISNUMBER(SEARCH("Velora",C175)),mult_velora,IF(ISNUMBER(SEARCH("Fuji",C175)),mult_euro,mult_sms)))) -> 1 | I175: =ROUND(D175*H175,0) -> 1175 | J175: =ROUND(E175*H175,0) -> 1828 | L175: =ROUND(D175/(IF(ISNUMBER(SEARCH("เมืองทอง",C175)),อัปเดตราคาอลู!$F$8,IF(ISNUMBER(SEARCH("SlimLux",C175)),อัปเดตราคาอลู!$F$6,IF(ISNUMBER(SEARCH("Velora",C175)),อัปเดตราคาอลู!$F$7,IF(ISNUMBER(SEARCH("Fuji",C175)),อัปเดตราคาอลู!$F$5,อัปเดตราคาอลู!$F$4))))),3) -> 6.283 | M175: =ROUND(K175/(IF(OR(ISNUMBER(SEARCH("เมืองทอง",C175)),ISNUMBER(SEARCH("SlimLux",C175)),ISNUMBER(SEARCH("Velora",C175))),6,6.4)),3) -> 0 | N175: =ROUND(I175-D175,0) -> 0
A176: E-02C | B176: - | C176: อลูมิเนียม E-series | D176: 1145 | E176: 1781 | H176: =IF(ISNUMBER(SEARCH("เมืองทอง",C176)),mult_mtong,IF(ISNUMBER(SEARCH("SlimLux",C176)),mult_slim,IF(ISNUMBER(SEARCH("Velora",C176)),mult_velora,IF(ISNUMBER(SEARCH("Fuji",C176)),mult_euro,mult_sms)))) -> 1 | I176: =ROUND(D176*H176,0) -> 1145 | J176: =ROUND(E176*H176,0) -> 1781 | L176: =ROUND(D176/(IF(ISNUMBER(SEARCH("เมืองทอง",C176)),อัปเดตราคาอลู!$F$8,IF(ISNUMBER(SEARCH("SlimLux",C176)),อัปเดตราคาอลู!$F$6,IF(ISNUMBER(SEARCH("Velora",C176)),อัปเดตราคาอลู!$F$7,IF(ISNUMBER(SEARCH("Fuji",C176)),อัปเดตราคาอลู!$F$5,อัปเดตราคาอลู!$F$4))))),3) -> 6.123 | M176: =ROUND(K176/(IF(OR(ISNUMBER(SEARCH("เมืองทอง",C176)),ISNUMBER(SEARCH("SlimLux",C176)),ISNUMBER(SEARCH("Velora",C176))),6,6.4)),3) -> 0 | N176: =ROUND(I176-D176,0) -> 0
A177: E-04P | B177: - | C177: อลูมิเนียม E-series | D177: 952 | E177: 1481 | H177: =IF(ISNUMBER(SEARCH("เมืองทอง",C177)),mult_mtong,IF(ISNUMBER(SEARCH("SlimLux",C177)),mult_slim,IF(ISNUMBER(SEARCH("Velora",C177)),mult_velora,IF(ISNUMBER(SEARCH("Fuji",C177)),mult_euro,mult_sms)))) -> 1 | I177: =ROUND(D177*H177,0) -> 952 | J177: =ROUND(E177*H177,0) -> 1481 | L177: =ROUND(D177/(IF(ISNUMBER(SEARCH("เมืองทอง",C177)),อัปเดตราคาอลู!$F$8,IF(ISNUMBER(SEARCH("SlimLux",C177)),อัปเดตราคาอลู!$F$6,IF(ISNUMBER(SEARCH("Velora",C177)),อัปเดตราคาอลู!$F$7,IF(ISNUMBER(SEARCH("Fuji",C177)),อัปเดตราคาอลู!$F$5,อัปเดตราคาอลู!$F$4))))),3) -> 5.091 | M177: =ROUND(K177/(IF(OR(ISNUMBER(SEARCH("เมืองทอง",C177)),ISNUMBER(SEARCH("SlimLux",C177)),ISNUMBER(SEARCH("Velora",C177))),6,6.4)),3) -> 0 | N177: =ROUND(I177-D177,0) -> 0
A178: E-04GP | B178: - | C178: อลูมิเนียม E-series | D178: 1690 | E178: 2629 | H178: =IF(ISNUMBER(SEARCH("เมืองทอง",C178)),mult_mtong,IF(ISNUMBER(SEARCH("SlimLux",C178)),mult_slim,IF(ISNUMBER(SEARCH("Velora",C178)),mult_velora,IF(ISNUMBER(SEARCH("Fuji",C178)),mult_euro,mult_sms)))) -> 1 | I178: =ROUND(D178*H178,0) -> 1690 | J178: =ROUND(E178*H178,0) -> 2629 | L178: =ROUND(D178/(IF(ISNUMBER(SEARCH("เมืองทอง",C178)),อัปเดตราคาอลู!$F$8,IF(ISNUMBER(SEARCH("SlimLux",C178)),อัปเดตราคาอลู!$F$6,IF(ISNUMBER(SEARCH("Velora",C178)),อัปเดตราคาอลู!$F$7,IF(ISNUMBER(SEARCH("Fuji",C178)),อัปเดตราคาอลู!$F$5,อัปเดตราคาอลู!$F$4))))),3) -> 9.037 | M178: =ROUND(K178/(IF(OR(ISNUMBER(SEARCH("เมืองทอง",C178)),ISNUMBER(SEARCH("SlimLux",C178)),ISNUMBER(SEARCH("Velora",C178))),6,6.4)),3) -> 0 | N178: =ROUND(I178-D178,0) -> 0
A179: E-07 | B179: - | C179: อลูมิเนียม E-series | D179: 1051 | E179: 1635 | H179: =IF(ISNUMBER(SEARCH("เมืองทอง",C179)),mult_mtong,IF(ISNUMBER(SEARCH("SlimLux",C179)),mult_slim,IF(ISNUMBER(SEARCH("Velora",C179)),mult_velora,IF(ISNUMBER(SEARCH("Fuji",C179)),mult_euro,mult_sms)))) -> 1 | I179: =ROUND(D179*H179,0) -> 1051 | J179: =ROUND(E179*H179,0) -> 1635 | L179: =ROUND(D179/(IF(ISNUMBER(SEARCH("เมืองทอง",C179)),อัปเดตราคาอลู!$F$8,IF(ISNUMBER(SEARCH("SlimLux",C179)),อัปเดตราคาอลู!$F$6,IF(ISNUMBER(SEARCH("Velora",C179)),อัปเดตราคาอลู!$F$7,IF(ISNUMBER(SEARCH("Fuji",C179)),อัปเดตราคาอลู!$F$5,อัปเดตราคาอลู!$F$4))))),3) -> 5.62 | M179: =ROUND(K179/(IF(OR(ISNUMBER(SEARCH("เมืองทอง",C179)),ISNUMBER(SEARCH("SlimLux",C179)),ISNUMBER(SEARCH("Velora",C179))),6,6.4)),3) -> 0 | N179: =ROUND(I179-D179,0) -> 0
A180: E-07A | B180: - | C180: อลูมิเนียม E-series | D180: 1166 | E180: 1814 | H180: =IF(ISNUMBER(SEARCH("เมืองทอง",C180)),mult_mtong,IF(ISNUMBER(SEARCH("SlimLux",C180)),mult_slim,IF(ISNUMBER(SEARCH("Velora",C180)),mult_velora,IF(ISNUMBER(SEARCH("Fuji",C180)),mult_euro,mult_sms)))) -> 1 | I180: =ROUND(D180*H180,0) -> 1166 | J180: =ROUND(E180*H180,0) -> 1814 | L180: =ROUND(D180/(IF(ISNUMBER(SEARCH("เมืองทอง",C180)),อัปเดตราคาอลู!$F$8,IF(ISNUMBER(SEARCH("SlimLux",C180)),อัปเดตราคาอลู!$F$6,IF(ISNUMBER(SEARCH("Velora",C180)),อัปเดตราคาอลู!$F$7,IF(ISNUMBER(SEARCH("Fuji",C180)),อัปเดตราคาอลู!$F$5,อัปเดตราคาอลู!$F$4))))),3) -> 6.235 | M180: =ROUND(K180/(IF(OR(ISNUMBER(SEARCH("เมืองทอง",C180)),ISNUMBER(SEARCH("SlimLux",C180)),ISNUMBER(SEARCH("Velora",C180))),6,6.4)),3) -> 0 | N180: =ROUND(I180-D180,0) -> 0
A181: E-04E | B181: - | C181: อลูมิเนียม E-series | D181: 617 | E181: 960 | H181: =IF(ISNUMBER(SEARCH("เมืองทอง",C181)),mult_mtong,IF(ISNUMBER(SEARCH("SlimLux",C181)),mult_slim,IF(ISNUMBER(SEARCH("Velora",C181)),mult_velora,IF(ISNUMBER(SEARCH("Fuji",C181)),mult_euro,mult_sms)))) -> 1 | I181: =ROUND(D181*H181,0) -> 617 | J181: =ROUND(E181*H181,0) -> 960 | L181: =ROUND(D181/(IF(ISNUMBER(SEARCH("เมืองทอง",C181)),อัปเดตราคาอลู!$F$8,IF(ISNUMBER(SEARCH("SlimLux",C181)),อัปเดตราคาอลู!$F$6,IF(ISNUMBER(SEARCH("Velora",C181)),อัปเดตราคาอลู!$F$7,IF(ISNUMBER(SEARCH("Fuji",C181)),อัปเดตราคาอลู!$F$5,อัปเดตราคาอลู!$F$4))))),3) -> 3.299 | M181: =ROUND(K181/(IF(OR(ISNUMBER(SEARCH("เมืองทอง",C181)),ISNUMBER(SEARCH("SlimLux",C181)),ISNUMBER(SEARCH("Velora",C181))),6,6.4)),3) -> 0 | N181: =ROUND(I181-D181,0) -> 0
... A191: X-J | B191: - | C191: อลูมิเนียม E-series | D191: 295 | E191: 459 | H191: =IF(ISNUMBER(SEARCH("เมืองทอง",C191)),mult_mtong,IF(ISNUMBER(SEARCH("SlimLux",C191)),mult_slim,IF(ISNUMBER(SEARCH("Velora",C191)),mult_velora,IF(ISNUMBER(SEARCH("Fuji",C191)),mult_euro,mult_sms)))) -> 1 | I191: =ROUND(D191*H191,0) -> 295 | J191: =ROUND(E191*H191,0) -> 459 | L191: =ROUND(D191/(IF(ISNUMBER(SEARCH("เมืองทอง",C191)),อัปเดตราคาอลู!$F$8,IF(ISNUMBER(SEARCH("SlimLux",C191)),อัปเดตราคาอลู!$F$6,IF(ISNUMBER(SEARCH("Velora",C191)),อัปเดตราคาอลู!$F$7,IF(ISNUMBER(SEARCH("Fuji",C191)),อัปเดตราคาอลู!$F$5,อัปเดตราคาอลู!$F$4))))),3) -> 1.578 | M191: =ROUND(K191/(IF(OR(ISNUMBER(SEARCH("เมืองทอง",C191)),ISNUMBER(SEARCH("SlimLux",C191)),ISNUMBER(SEARCH("Velora",C191))),6,6.4)),3) -> 0 | N191: =ROUND(I191-D191,0) -> 0

Sheet บันทึกราคาขึ้น
A1: 📈 บันทึกราคาขึ้น — ทุน @ บานมาตรฐาน 150×150 ซม (2.25 ตร.ม.) | I1: 🏠 สารบัญ
A2: ทุก ครั้งที่อลู/กก. ขึ้น → มดเพิ่มคอลัมน์วันที่ใหม่ + %ขึ้น · ดูได้ว่าบานไหนขึ้นเท่าไหร่ + ตรวจว่าเพิ่มถูก (ทุน=วัสดุ อลู+กระจก+อุปกรณ์ ไม่รวมค่าแรง · อลูเท่านั้นที่ขึ้นตาม/กก.)
A4: ① ประวัติเรตอลู (บาท/กก.)
A5: วันที่ | B5: SMS | C5: ยูโร/Fuji | D5: SlimLux | E5: Velora | F5: เมืองทอง
A6: 25/6/69 | B6: =อัปเดตราคาอลู!B4 -> 187 | C6: =อัปเดตราคาอลู!B5 -> 187 | D6: =อัปเดตราคาอลู!B6 -> 170 | E6: =อัปเดตราคาอลู!B7 -> 240 | F6: =อัปเดตราคาอลู!B8 -> 188
A9: ② ทุน @150×150 ต่อบาน (บาท)
A10: บาน | B10: config | C10: ทุนอลูฐาน | D10: กระจก+อุปกรณ์ | E10: ทุนรวม ปัจจุบัน (สูตร live) | F10: 25/6/69 (บันทึก) | G10: %ขึ้น
A11: บานเลื่อน SMS | B11: 2 บาน | C11: 7365 | D11: 1881 | E11: =ROUND(C11*mult_sms+D11,0) -> 9246 | F11: 9246 | G11: ฐาน
A12: บานเลื่อน ยูโร | B12: 2 บาน | C12: 11220 | D12: 2145 | E12: =ROUND(C12*mult_euro+D12,0) -> 13365 | F12: 13365 | G12: ฐาน
A13: บานเลื่อน SlimLux | B13: 2 บาน | C13: 5968 | D13: 6953 | E13: =ROUND(C13*mult_slim+D13,0) -> 12921 | F13: 12921 | G13: ฐาน
A14: บานเลื่อน Velora | B14: 2 บาน | C14: 2207 | D14: 3263 | E14: =ROUND(C14*mult_velora+D14,0) -> 5470 | F14: 5470 | G14: ฐาน
A15: บานเลื่อน E-series | B15: 2 บาน | C15: 11158 | D15: 1527 | E15: =ROUND(C15*mult_sms+D15,0) -> 12685 | F15: 12685 | G15: ฐาน
A16: บานเปิด (ยูโร) | B16: 2 บาน | C16: 8560 | D16: 3255 | E16: =ROUND(C16*mult_euro+D16,0) -> 11815 | F16: 11815 | G16: ฐาน
A17: PC Door | B17: 1 บาน | C17: 5430 | D17: 3044 | E17: =ROUND(C17*mult_euro+D17,0) -> 8474 | F17: 8474 | G17: ฐาน
A18: บานกระทุ้ง | B18: 1 บาน | C18: 4340 | D18: 1924 | E18: =ROUND(C18*mult_euro+D18,0) -> 6264 | F18: 6264 | G18: ฐาน
A19: บานยก | B19: 1 บาน | C19: 5005 | D19: 3419 | E19: =ROUND(C19*mult_euro+D19,0) -> 8424 | F19: 8424 | G19: ฐาน
A20: บานเฟี้ยม | B20: 4 บาน | C20: 10470 | D20: 6807 | E20: =ROUND(C20*mult_euro+D20,0) -> 17277 | F20: 17277 | G20: ฐาน
A21: เฟี้ยมยูโร | B21: 4 บาน | C21: 13294 | D21: 2917 | E21: =ROUND(C21*mult_euro+D21,0) -> 16211 | F21: 16211 | G21: ฐาน
A22: บานติดตาย | B22: - | C22: 3240 | D22: 764 | E22: =ROUND(C22*mult_mtong+D22,0) -> 4004 | F22: 4004 | G22: ฐาน
A23: ตายดัดโค้ง | B23: - | C23: 0 | D23: 5100 | E23: =ROUND(C23*mult_mtong+D23,0) -> 5100 | F23: 5100 | G23: ฐาน
A24: เปิดดัดโค้ง | B24: 2 บาน | C24: 0 | D24: 28077 | E24: =ROUND(C24*mult_mtong+D24,0) -> 28077 | F24: 28077 | G24: ฐาน
A25: บานเลื่อนรางบน | B25: 2 บาน | C25: 4770 | D25: 7803 | E25: =ROUND(2990*mult_mtong+1780*mult_sms+D25,0) -> 12573 | F25: 12573 | G25: ฐาน
A27: 🔧 วิธีเพิ่มรอบใหม่เมื่ออลูขึ้น:
A28: 1) แก้ราคา/กก. ที่ชีท "อัปเดตราคาอลู" → ช่อง "ทุนรวม ปัจจุบัน(สูตร)" ขยับเอง
A29: 2) มดเพิ่ม 2 คอลัมน์ใหม่ (วันที่ + %ขึ้น) คัดค่าจากช่องสูตร + เพิ่มแถวเรตใน ① → ได้ประวัติว่าบานไหนขึ้นเท่าไหร่
A30: หมายเหตุ: ตายดัดโค้ง/เปิดดัดโค้ง อลูตั้งราคาตายตัว ไม่ขึ้นตาม/กก. · รางบน/เฟี้ยม สูตร live ประมาณ (เลขเป๊ะดูคอลัมน์บันทึกวันที่)
A32: ⚠️ ทุนอลูฐาน(ส้ม)/กระจก+อุปกรณ์(เทา) = ค่าคงที่ @150×150 · ทุนรวม(เขียว) = อลูฐาน×ตัวคูณ + อื่นๆ → ขึ้นเองเมื่อ/กก.ขึ้น

Sheet ราคางานเสริม
A1: ⚠️ แก้ราคาที่นี่ → 📋 ราคาวัสดุงานเสริม — แก้ราคาที่นี่ที่เดียว (ช่องเหลือง) · ทุกชีทดึงไปใช้อัตโนมัติ | G1: 🏠 สารบัญ
A3: ▶ ฝ้ายิปซัม
A4: งาน | B4: วัสดุ | C4: หน่วย | D4: ราคา (บาท)
A5: ฝ้ายิปซัม | B5: แผ่นยิปซัม 9มม | C5: แผ่น | D5: 284
A6: ฝ้ายิปซัม | B6: โครงซีไลน์ (ฟิวริ่ง) | C6: เส้น | D6: 50
A7: ฝ้ายิปซัม | B7: โครงเคร่าหลัก (อาบ) | C7: เส้น | D7: 50
A8: ฝ้ายิปซัม | B8: ขาแขวน | C8: เส้น | D8: 50
A9: ฝ้ายิปซัม | B9: สกรูยึดแผ่น | C9: ตัว | D9: 0.5
A10: ฝ้ายิปซัม | B10: สกรูยึดโครง | C10: ตัว | D10: 0.5
A11: ฝ้ายิปซัม | B11: ปูนฉาบรอยต่อ | C11: ถุง | D11: 240
A12: ฝ้ายิปซัม | B12: เทป/ตาข่าย | C12: ม้วน | D12: 70
A13: ฝ้ายิปซัม | B13: ฉากโอบ อลู 4หุน | C13: เส้น | D13: 70
A14: ฝ้ายิปซัม | B14: ฉนวน rockwool 3" | C14: แผ่น | D14: 130
A15: ▶ งานไฟ
A16: งาน | B16: วัสดุ | C16: หน่วย | D16: ราคา (บาท)
A17: งานไฟ | B17: ไฟดาวน์ไลท์ | C17: ดวง | D17: 117
A18: งานไฟ | B18: เต้ารับ+หน้ากาก | C18: จุด | D18: 105
A19: งานไฟ | B19: สวิตช์+หน้ากาก | C19: จุด | D19: 45
A20: งานไฟ | B20: กล่องไฟ | C20: กล่อง | D20: 35
A21: งานไฟ | B21: สายไฟ THW/VAF | C21: เมตร | D21: 25
A22: งานไฟ | B22: ท่อ PVC+ข้อต่อ | C22: เมตร | D22: 6.6666667
A23: งานไฟ | B23: เทป+เบ็ดเตล็ด | C23: งาน | D23: 400
A24: ▶ สมาร์ทบอร์ด
A25: งาน | B25: วัสดุ | C25: หน่วย | D25: ราคา (บาท)
A26: สมาร์ทบอร์ด | B26: แผ่นสมาร์ทบอร์ด 12มม | C26: แผ่น | D26: 500
A27: สมาร์ทบอร์ด | B27: โครงเหล็กกรอบ 1½×3" | C27: เส้น | D27: 440
A28: สมาร์ทบอร์ด | B28: ซีไลน์ 3" ดิ่ง | C28: เส้น | D28: 62
A29: สมาร์ทบอร์ด | B29: ซีไลน์ 3" นอน | C29: เส้น | D29: 62
A30: สมาร์ทบอร์ด | B30: ฉนวน 3" | C30: แผ่น | D30: 130
A31: สมาร์ทบอร์ด | B31: สกรูยึดแผ่น | C31: ตัว | D31: 0.5
A32: สมาร์ทบอร์ด | B32: สกรูยึดโครง | C32: ตัว | D32: 0.5
A33: สมาร์ทบอร์ด | B33: ปูนฉาบรอยต่อ | C33: ถุง | D33: 240
A34: สมาร์ทบอร์ด | B34: เทป/ตาข่าย | C34: ม้วน | D34: 70
A35: ▶ ไอโซวอล
A36: งาน | B36: วัสดุ | C36: หน่วย | D36: ราคา (บาท)
A37: ไอโซวอล | B37: แผ่นไอโซวอล ≤2.4ม | C37: แผ่น | D37: 2016
A38: ไอโซวอล | B38: แผ่นไอโซวอล >2.4ม | C38: แผ่น | D38: 2520
A39: ไอโซวอล | B39: กล่อง 1.6×4" โครงรอบ | C39: เส้น | D39: 1220
A40: ไอโซวอล | B40: ฉาก 4หุน | C40: เส้น | D40: 70
A41: ไอโซวอล | B41: สกรู/รีเวท | C41: งาน | D41: 50
A42: ไอโซวอล | B42: ซิลิโคน/ซีล | C42: หลอด | D42: 90
A43: ▶ ฝ้าไม้เทียม
A44: งาน | B44: วัสดุ | C44: หน่วย | D44: ราคา (บาท)
A45: ฝ้าไม้เทียม | B45: ขาจับฝ้า (ไม้ทิพย์) | C45: เส้น | D45: 190
A46: ฝ้าไม้เทียม | B46: โครงซีไลน์ | C46: เส้น | D46: 50

Sheet ราคาออโต้
A1: ⚠️ แก้ราคาที่นี่ → ราคาออโต้/มอเตอร์ (ทุน) — มดอัปเดตที่นี่ที่เดียว · ชีทบานติ๊กเลือกแล้วดึงมาใช้ | G1: 🏠 สารบัญ
A2: หมวด/บาน | B2: รุ่น/รายการ | C2: ราคา | D2: ค่าส่ง | E2: หน่วย/เงื่อนไข
A3: บานยก / เฟี้ยมยก | B3: ยก 80 กก. | C3: 4500 | D3: 1700
B4: ยก 300 กก. | C4: 12500 | D4: 1700
A5: หลังคาเลื่อน | B5: 80 กก. | C5: 4500 | D5: 1700
B6: 300 กก. | C6: 12500 | D6: 1700
B7: 1500 กก. | C7: 13325 | D7: 1700 | E7: มีฟันเฟือง+เซนเซอร์
B8: ฟันเฟือง (เฉพาะ1500) | C8: 340 | E8: บาท/ม. × ระยะยื่น
B9: เซนเซอร์กันฝน (ออป,1500) | C9: 1100 | E9: ออปชั่น
A10: บานเกล็ด 38.1 | B10: มอเตอร์บานเกล็ด | C10: 1800 | E10: ไม่มีค่าส่ง
A11: ระแนงหมุน | B11: มอเตอร์ระแนงหมุน | C11: 1800 | E11: รวมส่งแล้ว
A12: บานกระทุ้ง | B12: โช็ค เปิด 50 | C12: 3575 | D12: 1700 | E12: 2 ตัว→+อุปกรณ์พิเศษ
B13: โช็ค เปิด 80 | C13: 3725 | D13: 1700 | E13: 2 ตัว→+อุปกรณ์พิเศษ
B14: โซ่เดี่ยว 50 | C14: 1900 | D14: 1700
B15: โซ่คู่ 50 | C15: 2600 | D15: 1700
B16: อุปกรณ์พิเศษ (โช็ค 2 ตัว) | C16: 600 | E16: บวกเมื่อใช้ 2 ตัว
A17: เลื่อน SMS/ยูโร | B17: Evecca (จีน) | C17: 13480 | D17: 1700 | E17: 1 บาน
B18: สายพาน Evecca | C18: 75 | E18: บาท/ม. = กว้างช่อง×2
B19: ออป Smart lock | C19: 6500 | E19: ออปชั่น Evecca
B20: ช่างแซก | C20: 8000 | E20: ไม่มีค่าส่ง
B21: เซฟตี้ตาแมว (บังคับช่างแซก) | C21: 1000 | E21: บวกทุกชุดช่างแซก
B22: ราง ช่างแซก | C22: 950 | E22: บาท/ม. = กว้างช่อง
B23: ออป Touch Switch (ช่างแซก) | C23: 1000 | E23: ออปชั่น
B24: ออป Infrared (ช่างแซก) | C24: 9000 | E24: ออปชั่น
A25: SlimLux | B25: ชุด SlimLux (บานแรก) | C25: 6900 | D25: 1700 | E25: บานแรก
B26: บานเพิ่ม | C26: 2250 | E26: บาท/บานเพิ่ม
B27: ราง SlimLux | C27: 1100 | E27: บาท/ม. = กว้างช่อง×จำนวนบาน
B28: ออป สแกนหน้า (บังคับเลือก1) | C28: 2750 | E28: เลือก 1 ใน 2
B29: ออป Touch Switch (บังคับเลือก1) | C29: 100 | E29: เลือก 1 ใน 2

Sheet ราคาวัสดุ
A1: ⚠️ แก้ราคาที่นี่ → 📋 ราคาวัสดุกลาง — แก้ที่นี่ที่เดียวเมื่อราคาขึ้น | F1: 🏠 สารบัญ | G1: อลูเมืองทองขึ้นราคา? แก้ที่ชีท "อัปเดตราคาอลู" ช่องเมืองทอง (บาท/กก.) → จันทัน/แป/ฉาก/แซด/คาน ขยับเอง
A2: โปรไฟล์อลูมิเนียม (เส้นยาว 6 ม.) | G2: ◀ ราคาอลู (บาท/กก.) · เหล็กแก้ราคา/เส้น ในตารางเลย (สีเหลือง) | H2: 180
B3: วัสดุ | C3: หน่วย | D3: ราคา (บาท) | E3: หมายเหตุ | F3: ราคาฐาน | I3: น้ำหนัก/เส้น(กก.)
B4: กล่อง 1.6"×4" | C4: เส้น | D4: =ROUND(F4*mult_mtong,0) -> 1220 | E4: แกนหลัก / จันทัน | F4: 1220 | I4: =ROUND(F4/180,3) -> 6.778
B5: กล่อง 1.6"×1.6" | C5: เส้น | D5: =ROUND(F5*mult_mtong,0) -> 770 | E5: แป — แปเดี่ยว | F5: 770 | I5: =ROUND(F5/180,3) -> 4.278
B6: กล่อง 1"×1½" | C6: เส้น | D6: =ROUND(F6*mult_mtong,0) -> 393 | E6: แป — แปคู่ | F6: 393 | I6: =ROUND(F6/180,3) -> 2.183
B7: ฉาก 6 หุน | C7: เส้น | D7: =ROUND(F7*mult_mtong,0) -> 140 | E7: ยึดติดผนัง | F7: 140 | I7: =ROUND(F7/180,3) -> 0.778
B8: แซด 4" | C8: เส้น | D8: =ROUND(F8*mult_mtong,0) -> 140 | E8: ร่องน้ำ / ขอบ | F8: 140 | I8: =ROUND(F8/180,3) -> 0.778
B9: กล่องเหล็ก 1"×1" | C9: เส้น | D9: 110 | E9: เสริมโครง | F9: 110
B10: เพลทเหล็ก | C10: แผ่น | D10: 15 | E10: ยึดด้านหลัง | F10: 15
B11: กล่อง 4"×4" | C11: เส้น | D11: =ROUND(2208*mult_mtong,0) -> 2208 | E11: คาน T หลังคาจั่ว | F11: 2208
A12: วัสดุปิดผิว
B13: วัสดุ | C13: หน่วย | D13: ราคา (บาท) | E13: หมายเหตุ
B14: ไวนิล | C14: แผ่น (7 ม.) | D14: 1540 | E14: จันทันห่าง ≤100 ซม.
B15: ฝาครอบไวนิล | C15: เส้น (7 ม.) | D15: 245 | E15: 1 เส้น/แผ่นไวนิล
B16: ดีไลท์ | C16: แผ่น (6 ม.) | D16: 4700 | E16: ฝาครอบแถมฟรี
B17: โพลีตัน | C17: เมตร | D17: 1200 | E17: จันทันห่าง ≤122 ซม.
B18: ตัวครอบโพลีตัน | C18: จุด/จันทัน | D18: 420 | E18: 1 จุดต่อ 1 จันทัน
B19: ชินโคร์ไลท์ Heat Cut | C19: ตร.ม. | D19: 2800 | E19: รวมฝาครอบ
B20: ชินโคร์ไลท์ Superior | C20: ตร.ม. | D20: 2100 | E20: รวมฝาครอบ
B21: เมทัลชีท PU 2" Snap | C21: ตร.ม. | D21: 2200 | E21: จันทันห่าง ≤100 ซม.
B22: กระจกลามิเนต 4+4 | C22: ตร.ม. | D22: 1065 | E22: ฟิล์มเขียว/ใส 0.38
B23: กระจกลามิเนต 5+5 | C23: ตร.ม. | D23: 1270 | E23: ฟิล์มเขียว/ใส 0.38

Sheet ค่าแรง
A1: ⚠️ แก้ราคาที่นี่ → ค่าแรง ผลิต + ติดตั้ง (สูตร: ค่าเริ่มต้น + เรต×ตร.ม.) — จากไฟล์ค่าแรง นิด | G1: 🏠 สารบัญ
A3: เลือกแบบ → | B3: บานเลื่อน SMS
A4: พื้นที่ (ตร.ม.) → | B4: 5
A5: ค่าแรงผลิต = | B5: =MAX(0,VLOOKUP(B3,$A$12:$E$27,2,0)+VLOOKUP(B3,$A$12:$E$27,3,0)*B4) -> 429
A6: ค่าแรงติดตั้ง = | B6: =MAX(0,VLOOKUP(B3,$A$12:$E$27,4,0)+VLOOKUP(B3,$A$12:$E$27,5,0)*B4) -> 429
A7: รวมค่าแรง (ผลิต+ติดตั้ง) = | B7: =B5+B6 -> 858
A10: ตารางค่าแรง (แก้ที่นี่ถ้าค่าแรงเปลี่ยน) — ค่าแรง/ชม.=87.5
A11: แบบบาน | B11: ผลิต: ค่าเริ่มต้น | C11: ผลิต: /ตร.ม. | D11: ติดตั้ง: ค่าเริ่มต้น | E11: ติดตั้ง: /ตร.ม. | G11: ชม.ฐานผลิต | H11: ชม.ฐานติดตั้ง | I11: ค่าแรง/ชม. | J11: ชม.เพิ่มผลิต/ตร.ม. | K11: ชม.เพิ่มติดตั้ง/ตร.ม.
A12: บานเลื่อน SMS | B12: =G12*I12 -> 352 | C12: =J12*I12 -> 15.4 | D12: =H12*I12 -> 352 | E12: =K12*I12 -> 15.4 | G12: 4 | H12: 4 | I12: 88 | J12: 0.175 | K12: 0.175
A13: บานเลื่อน ยูโร | B13: =G13*I13 -> 528 | C13: =J13*I13 -> 15.4 | D13: =H13*I13 -> 440 | E13: =K13*I13 -> 15.4 | G13: 6 | H13: 5 | I13: 88 | J13: 0.175 | K13: 0.175
A14: SlimLux | B14: =G14*I14 -> 704 | C14: =J14*I14 -> 15.4 | D14: =H14*I14 -> 704 | E14: =K14*I14 -> 15.4 | G14: 8 | H14: 8 | I14: 88 | J14: 0.175 | K14: 0.175
A15: Velora | B15: =G15*I15 -> 968 | C15: =J15*I15 -> 15.4 | D15: =H15*I15 -> 440 | E15: =K15*I15 -> 15.4 | G15: 11 | H15: 5 | I15: 88 | J15: 0.175 | K15: 0.175
A16: บานเปิด (ยูโร) | B16: =G16*I16 -> 528 | C16: =J16*I16 -> 15.4 | D16: =H16*I16 -> 440 | E16: =K16*I16 -> 15.4 | G16: 6 | H16: 5 | I16: 88 | J16: 0.175 | K16: 0.175
A17: บานกระทุ้ง (ยูโร) | B17: =G17*I17 -> 528 | C17: =J17*I17 -> 15.4 | D17: =H17*I17 -> 264 | E17: =K17*I17 -> 15.4 | G17: 6 | H17: 3 | I17: 88 | J17: 0.175 | K17: 0.175
A18: บานเฟี้ยม (sms) | B18: =G18*I18 -> 440 | C18: =J18*I18 -> 0 | D18: =H18*I18 -> 176 | E18: =K18*I18 -> 0 | G18: 5 | H18: 2 | I18: 88 | J18: 0 | K18: 0
A19: บานยก (เซมิ) | B19: =G19*I19 -> 352 | C19: =J19*I19 -> 15.4 | D19: =H19*I19 -> 352 | E19: =K19*I19 -> 15.4 | G19: 4 | H19: 4 | I19: 88 | J19: 0.175 | K19: 0.175
A20: หลังคา | B20: =ROUND(G20*I20,0) -> 528 | C20: =J20*I20 -> 15.4 | D20: =ROUND(H20*I20,0) -> 528 | E20: =K20*I20 -> 15.4 | G20: 6 | H20: 6 | I20: 88 | J20: 0.175 | K20: 0.175
A21: บานติดตาย | B21: =G21*I21 -> 176 | C21: =J21*I21 -> 15.4 | D21: =H21*I21 -> 88 | E21: =K21*I21 -> 15.4 | G21: 2 | H21: 1 | I21: 88 | J21: 0.175 | K21: 0.175
A22: ตายดัดโค้ง | B22: =G22*I22 -> 616 | C22: =J22*I22 -> 15.4 | D22: =H22*I22 -> 264 | E22: =K22*I22 -> 15.4 | G22: 7 | H22: 3 | I22: 88 | J22: 0.175 | K22: 0.175
A23: PC Door | B23: =G23*I23 -> 704 | C23: =J23*I23 -> 15.4 | D23: =H23*I23 -> 528 | E23: =K23*I23 -> 15.4 | G23: 8 | H23: 6 | I23: 88 | J23: 0.175 | K23: 0.175
A24: บานเฟี้ยมยูโร | B24: =G24*I24 -> 352 | C24: =J24*I24 -> 0 | D24: =H24*I24 -> 176 | E24: =K24*I24 -> 0 | G24: 4 | H24: 2 | I24: 88 | J24: 0 | K24: 0
A25: มุ้งเฟรมเล็ก | B25: =G25*I25 -> 88 | C25: =J25*I25 -> 15.4 | D25: =H25*I25 -> 22 | E25: =K25*I25 -> 15.4 | G25: 1 | H25: 0.25 | I25: 88 | J25: 0.175 | K25: 0.175
A26: หลังคาจั่ว | B26: =ROUND(G26*I26,0) -> 704 | C26: =J26*I26 -> 15.4 | D26: =ROUND(H26*I26,0) -> 528 | E26: =K26*I26 -> 15.4 | G26: 8 | H26: 6 | I26: 88 | J26: 0.175 | K26: 0.175
A27: หลังคาเลื่อน | B27: =ROUND(G27*I27,0) -> 704 | C27: =J27*I27 -> 15.4 | D27: =ROUND(H27*I27,0) -> 616 | E27: =K27*I27 -> 15.4 | G27: 8 | H27: 7 | I27: 88 | J27: 0.175 | K27: 0.175
A28: บานเลื่อนรางบน | B28: =G28*I28 -> 528 | C28: =J28*I28 -> 15.4 | D28: =H28*I28 -> 704 | E28: =K28*I28 -> 15.4 | G28: 6 | H28: 8 | I28: 88 | J28: 0.175 | K28: 0.175
A30: ▶ งานเสริม (ฝ้า/ผนัง/ไฟ) — บาท
A31: งาน | B31: ค่าแรงผลิต/หลัก | C31: ค่าแรงติดตั้ง | D31: หน่วย
A32: ฝ้ายิปซัมฉาบเรียบ | B32: — ไม่มี | C32: 280 | D32: /ตร.ม. (รวม)
A33: ฝ้าไม้เทียม | B33: — ไม่มี | C33: 352 | D33: /ตร.ม. (รวม)
A34: ผนังสมาร์ทบอร์ด | B34: 700 | C34: 400 | D34: /ตร.ม.
A35: ผนังไอโซวอล | B35: 700 | C35: 440 | D35: /ตร.ม.
A36: งานไฟ — เดินสายไฟ | B36: 90 | D36: /เมตร
A37: งานไฟ — ติดดาวน์ไลท์ | B37: 90 | D37: /ดวง

Sheet ราคามุ้ง
A1: ⚠️ แก้ราคาช่องเหลืองที่นี่ — ทุกบานลิงก์อัตโนมัติ | B1: ราคา ฿/ตร.ม. | C1: ประเภท | D1: บานที่เข้าได้ | E1: หมายเหตุ | F1: ค่าแรงติดตั้ง/ตร.ม. | G1: ไม่มีมุ้ง | H1: 🏠 สารบัญ | I1: ผ้ามุ้ง (กรอกราคา/ม้วน เหลือง → /ตร.ม.คิดเอง) | J1: ฿/ตร.ม. | K1: ราคา/ม้วน (36.6 ตร.ม.) | L1: แรงผลิต พื้นฐาน | M1: แรงผลิต เพิ่ม/ตร.ม. | N1: แรงติดตั้ง พื้นฐาน | O1: แรงติดตั้ง เพิ่ม/ตร.ม.
A2: มุ้งจีบ | B2: 1179 | C2: ซื้อสำเร็จ | D2: ALL | E2: ทุกบาน | F2: 160 | G2: มุ้งจีบ | I2: ไฟเบอร์ | J2: =ROUND(K2/36.6,0) -> 23 | K2: 842 | L2: 0 | M2: 0 | N2: 120 | O2: 40
A3: มุ้งม้วน ขาว/ดำ/น้ำตาล | B3: 1300 | C3: ซื้อสำเร็จ | D3: ALL | F3: 160 | G3: มุ้งม้วน ขาว/ดำ/น้ำตาล | I3: ไนล่อน | J3: =ROUND(K3/36.6,0) -> 38 | K3: 1391 | L3: 0 | M3: 0 | N3: 120 | O3: 40
A4: มุ้งม้วน ซาฮาร่า | B4: 1500 | C4: ซื้อสำเร็จ | D4: ALL | F4: 160 | G4: มุ้งม้วน ซาฮาร่า | I4: สแตนเลส | J4: =ROUND(K4/36.6,0) -> 352 | K4: 12883 | L4: 0 | M4: 0 | N4: 120 | O4: 40
A5: มุ้งม้วน ลายไม้สักทอง | B5: 1600 | C5: ซื้อสำเร็จ | D5: ALL | F5: 160 | G5: มุ้งม้วน ลายไม้สักทอง | I5: กันแมว | J5: =ROUND(K5/36.6,0) -> 82 | K5: 3001 | L5: 0 | M5: 0 | N5: 120 | O5: 40
A6: มุ้งม้วน ไลท์โอ๊ค | B6: 1700 | C6: ซื้อสำเร็จ | D6: ALL | F6: 160 | G6: มุ้งม้วน ไลท์โอ๊ค | L6: 0 | M6: 0 | N6: 120 | O6: 40
A7: มุ้งจีบนิรภัย ≤3ม. ขาว/ดำ | B7: 2750 | C7: ซื้อสำเร็จ | D7: ALL | F7: 180 | G7: มุ้งจีบนิรภัย ≤3ม. ขาว/ดำ | L7: 0 | M7: 0 | N7: 150 | O7: 45
A8: มุ้งจีบนิรภัย ≤3ม. ซาฮาร่า | B8: 3150 | C8: ซื้อสำเร็จ | D8: ALL | E8: +400 | F8: 180 | G8: มุ้งจีบนิรภัย ≤3ม. ซาฮาร่า | L8: 0 | M8: 0 | N8: 150 | O8: 45
A9: มุ้งจีบนิรภัย ≤3ม. สักทอง | B9: 3250 | C9: ซื้อสำเร็จ | D9: ALL | E9: +500 | F9: 180 | G9: มุ้งจีบนิรภัย ≤3ม. สักทอง | L9: 0 | M9: 0 | N9: 150 | O9: 45
A10: มุ้งจีบนิรภัย >3ม. ขาว/ดำ | B10: 4050 | C10: ซื้อสำเร็จ | D10: ALL | F10: 180 | G10: มุ้งจีบนิรภัย >3ม. ขาว/ดำ | L10: 0 | M10: 0 | N10: 150 | O10: 45
A11: มุ้งจีบนิรภัย >3ม. ซาฮาร่า | B11: 4450 | C11: ซื้อสำเร็จ | D11: ALL | E11: +400 | F11: 180 | G11: มุ้งจีบนิรภัย >3ม. ซาฮาร่า | L11: 0 | M11: 0 | N11: 150 | O11: 45
A12: มุ้งจีบนิรภัย >3ม. สักทอง | B12: 4550 | C12: ซื้อสำเร็จ | D12: ALL | E12: +500 | F12: 180 | G12: มุ้งจีบนิรภัย >3ม. สักทอง | L12: 0 | M12: 0 | N12: 150 | O12: 45
A13: มุ้งเฟรมเล็ก | B13: 0 | C13: ผลิตเอง | D13: SMS|เปิด|กระทุ้ง | E13: กรอบ+ยาง+ผ้า+ค่าแรง | F13: 0 | G13: มุ้งเฟรมเล็ก | L13: 120 | M13: 30 | N13: 70 | O13: 18
A14: มุ้งเฟรมใหญ่ | B14: 0 | C14: ผลิตเอง | D14: SMS|ยูโร|เปิด|กระทุ้ง | E14: โปรไฟล์บาน+ยาง+ผ้า+ค่าแรง | F14: 0 | G14: มุ้งเฟรมใหญ่ | L14: 140 | M14: 0 | N14: 44 | O14: 0
A15: มุ้งนิรภัย | B15: 0 | C15: ผลิตเอง | D15: SMS|ยูโร|เปิด|กระทุ้ง | E15: โปรไฟล์บาน+ยาง+ผ้านิรภัย650+ค่าแรง | F15: 0 | G15: มุ้งนิรภัย | L15: 88 | M15: 0 | N15: 44 | O15: 0
A17: 🟢 มุ้งผลิตเอง — แก้ค่ากรอบ(เหลือง)/ยาง/ผ้า · ราคาโชว์อัตโนมัติ
A18: รุ่นมุ้ง | B18: ค่ากรอบ /เส้น | C18: ผ้าที่ใช้ได้ (บาท/ตร.ม.) | D18: ยางอัด /ม. | E18: ค่าแรงผลิต | F18: ค่าแรงติดตั้ง
A19: เฟรมเล็ก | B19: 625 | C19: ="ไฟเบอร์ "&J2&" · ไนล่อน "&J3&" · สแตนเลส "&J4&" · กันแมว "&J5 -> ไฟเบอร์ 23 · ไนล่อน 38 · สแตนเลส 352 · กันแมว 82 | D19: 5 | E19: =L13&IF(M13>0," +"&M13&"/ตร.ม."," (เหมา)") -> 120 +30/ตร.ม. | F19: =N13&IF(O13>0," +"&O13&"/ตร.ม."," (เหมา)") -> 70 +18/ตร.ม.
A20: เฟรมใหญ่ | B20: ขึ้นตามเสากุญแจบาน (อัตโนมัติ) | C20: ="ไฟเบอร์ "&J2&" · ไนล่อน "&J3&" · สแตนเลส "&J4&" · กันแมว "&J5 -> ไฟเบอร์ 23 · ไนล่อน 38 · สแตนเลส 352 · กันแมว 82 | D20: =$D$19 -> 5 | E20: =L14&IF(M14>0," +"&M14&"/ตร.ม."," (เหมา)") -> 140 (เหมา) | F20: =N14&IF(O14>0," +"&O14&"/ตร.ม."," (เหมา)") -> 44 (เหมา)
A21: นิรภัย | B21: 1030 | C21: สแตนเลสนิรภัย 650 | D21: =$D$19 -> 5 | E21: =L15&IF(M15>0," +"&M15&"/ตร.ม."," (เหมา)") -> 88 (เหมา) | F21: =N15&IF(O15>0," +"&O15&"/ตร.ม."," (เหมา)") -> 44 (เหมา)
A23: 📌 แก้ราคามุ้งตรงไหน — แก้เฉพาะช่องสีเหลืองเท่านั้น
A24: ① มุ้งซื้อสำเร็จขึ้นราคา → คอลัมน์ B (ราคา/ตร.ม.) แถว 2-12
A25: ② ค่าแรงติดตั้งมุ้งสำเร็จ → คอลัมน์ F แถว 2-12
A26: ③ ราคาผ้า (ไฟเบอร์/ไนล่อน/สแตนเลส/กันแมว) → คอลัมน์ J (บล็อกส้ม)
A27: ④ ค่ากรอบมุ้งผลิตเอง → B19 (เล็ก) · B21 (นิรภัย) [เฟรมใหญ่ใช้เสากุญแจบาน ขึ้นเองตามราคาอลู]
A28: ⑤ ยางอัด → D19
A29: ค่าแรงผลิตมุ้ง = คอลัมน์ L-O (ซ่อนไว้ ไม่ค่อยเปลี่ยน · จะแก้ คลิกขวาหัวคอลัมน์→ยกเลิกซ่อน)

Sheet log กระจก
A1: log ราคากระจก — R3.9 เดิม vs ใหม่ (ร้าน×10.764) | ช่องว่าง=ยังไม่มีข้อมูลฝั่งนั้น | สี: ส้ม=อัปเดต เขียว=เพิ่ม เทา=ขาดราคา ฟ้า=PDFเกิน แดง=เดา | G1: 🏠 สารบัญ
A2: ลำดับ | B2: ชื่อรุ่น | C2: สถานะ | D2: ราคาเดิม R3.9 | E2: ราคาใหม่ ×10.764 | F2: Δ | G2: หมายเหตุ
A3: 1 | B3: เขียว 8มม. | C3: อัปเดต | D3: 646 | E3: 592 | F3: -54 | G3: เขียว8
A4: 2 | B4: เขียว 10มม. | C4: อัปเดต | D4: 754 | E4: 700 | F4: -54 | G4: เขียว10
A5: 3 | B5: ยูโรเกรย์ 10มม. | C5: อัปเดต | D5: 1023 | E5: 807 | F5: -216 | G5: 75
A6: 4 | B6: ยูโรบรอนซ์ 6มม. | C6: อัปเดต | D6: 571 | E6: 570 | F6: -1 | G6: 53
A7: 5 | B7: เทมเปอร์ 8มม.(เขียว) | C7: อัปเดต | D7: 820 | E7: 716 | F7: -104 | G7: 66.5
A8: 6 | B8: เทมเปอร์ 10มม. | C8: อัปเดต | D8: 1023 | E8: 848 | F8: -175 | G8: 78.75
A9: 7 | B9: เทมเปอร์ 12มม. | C9: อัปเดต | D9: 1159 | E9: 942 | F9: -217 | G9: 87.5
A10: 8 | B10: ชา/ฝ้า 5-6มม. | C10: อัปเดต | D10: 400 | E10: 301 | F10: -99 | G10: 28
A11: 9 | B11: เงา 5มม. | C11: อัปเดต | D11: 600 | E11: 398 | F11: -202 | G11: 37
A12: 10 | B12: ลอนแก้ว 5มม. | C12: อัปเดต | D12: 700 | E12: 646 | F12: -54 | G12: 60
A13: 11 | B13: เงาทอง | C13: อัปเดต | D13: 700 | E13: 872 | F13: +172 | G13: 81 ขึ้น!
A14: 12 | B14: ลามิเนต 4+4 0.38 | C14: อัปเดต | D14: 1065 | E14: 883 | F14: -182 | G14: 82
... A22: 20 | B22: เทมเปอร์ 6มม. | C22: ✓ มีราคา | D22: 439 | E22: 403 | F22: +0 | G22: ใบราคาร้าน (ฉิน/BGF)
A23: 21 | B23: ใส 6มม. | C23: เพิ่ม(ใส) | E23: 242 | G23: แยกใส
A24: 22 | B24: ใส 8มม. | C24: เพิ่ม(ใส) | E24: 409
A25: 23 | B25: ใส 10มม. | C25: เพิ่ม(ใส) | E25: 517
A26: 24 | B26: เทมเปอร์ใส 6มม. | C26: เพิ่ม(ใส) | E26: 403
A27: 25 | B27: เทมเปอร์ใส 8มม. | C27: เพิ่ม(ใส) | E27: 622
A28: 26 | B28: เทมเปอร์ใส 10มม. | C28: เพิ่ม(ใส) | E28: 695
A29: 27 | B29: เทมเปอร์ใส 12มม. | C29: เพิ่ม(ใส) | E29: 787
A30: 28 | B30: ลามิเนตกันเสียง 0.76 | C30: เดา⚠ | D30: 3314 | E30: 969 | F30: -2345 | G30: เดา⚠
A31: 29 | B31: ลามิเนตกันขโมย STG 1.52 | C31: เดา⚠ | D31: 4412 | E31: 1432 | F31: -2980 | G31: เดา⚠
A32: 30 | B32: เคลือบขาว 6มม. | C32: อัปเดต | D32: 915 | E32: 1023 | G32: ร้านแจ้ง 95/ฟุต
A33: 31 | B33: ยูโรบรอนซ์ 10มม. | C33: ✂ ตัดออก (ไม่ใช้) | D33: 3917 | G33: PDF ไม่มี-รอเติม
A34: 32 | B34: reflective เทา 6มม. | C34: อัปเดต | D34: 1216 | E34: 1184 | G34: CH262853 17/6/69
A35: 33 | B35: reflective เขียว 6มม. | C35: อัปเดต | D35: 1388 | E35: 1292 | G35: CH262853 17/6/69
A36: 34 | B36: reflective ฟ้า/เทา 6มม. | C36: อัปเดต | D36: 1517 | E36: 1399 | G36: CH262853 17/6/69
A37: 35 | B37: เทมเปอร์ 15มม. | C37: อัปเดต | D37: 3121 | E37: 3122 | F37: -42 | G37: CH262853 17/6/69
A38: 36 | B38: เทมเปอร์ใสพิเศษ 6มม. | C38: อัปเดต | D38: 1432 | E38: 1432 | F38: 178 | G38: CH262853 17/6/69
A39: 37 | B39: เทมเปอร์ใสพิเศษ 8มม. | C39: อัปเดต | D39: 2200 | E39: 2336 | F39: 227 | G39: CH262853 17/6/69
A40: 38 | B40: เทมเปอร์ใสพิเศษ 10มม. | C40: อัปเดต | D40: 3497 | E40: 3466 | F40: -774 | G40: CH262853 17/6/69
A41: 39 | B41: เทมเปอร์ฝ้า 6มม. | C41: อัปเดต | D41: 1076 | E41: 805 | F41: -271 | G41: ร้านส่ง 74.8/ฟุต
A42: 40 | B42: เทมเปอร์ฝ้า 8มม. | C42: อัปเดต | D42: 1937 | E42: 1113 | F42: -824 | G42: ร้านส่ง 103.4/ฟุต
A43: 41 | B43: เทมเปอร์ยูโรเกรย์ 4มม. | C43: อัปเดต | D43: 824 | E43: 646 | F43: -178 | G43: CH262853 17/6/69
A44: 42 | B44: เทมเปอร์ยูโรเกรย์ 5มม. | C44: อัปเดต | D44: 1006 | E44: 678 | F44: -328 | G44: CH262853 17/6/69
A45: 43 | B45: เทมเปอร์ยูโรเกรย์ 6มม. | C45: อัปเดต | D45: 1033 | E45: 732 | F45: -301 | G45: CH262853 17/6/69
A46: 44 | B46: เทมเปอร์ยูโรเกรย์ 10มม. | C46: อัปเดต | D46: 2637 | E46: 1423 | F46: -1214 | G46: CH262853 17/6/69
A47: 45 | B47: เทมเปอร์ยูโรบรอนซ์ 5มม. | C47: อัปเดต | D47: 1184 | E47: 732 | F47: -452 | G47: CH262853 17/6/69
A48: 46 | B48: เทมเปอร์ยูโรบรอนซ์ 6มม. | C48: อัปเดต | D48: 1291 | E48: 786 | F48: -505 | G48: CH262853 17/6/69
A49: 47 | B49: เทมเปอร์ยูโรบรอนซ์ 10มม. | C49: อัปเดต | D49: 4670 | E49: 1480 | F49: -3190 | G49: ร้านส่ง 137.5/ฟุต
A50: 48 | B50: เทมเปอร์ reflective เทา 6มม. | C50: ✓ มีราคา | D50: 1937 | E50: 2422 | G50: ใบราคาร้าน (TE/CS)
A51: 49 | B51: เทมเปอร์ reflective เขียว 6มม. | C51: ✓ มีราคา | D51: 2196 | E51: 2745 | G51: ใบราคาร้าน (TE/CS)
A52: 50 | B52: เทมเปอร์ reflective ฟ้า 6มม. | C52: ✓ มีราคา | D52: 2368 | E52: 2960 | G52: ใบราคาร้าน (TE/CS)
A53: 51 | B53: เทมเปอร์สีชาดำ 6มม. | C53: อัปเดต | D53: 1100 | E53: 700 | F53: -400 | G53: CH262853 17/6/69
A54: 52 | B54: เทมเปอร์สีชาดำ 10มม. | C54: ✓ มีราคา | D54: 1700 | E54: 6674 | G54: ใบราคาร้าน (TE/CS)
A55: 53 | B55: เทมเปอร์สีฟ้า 6มม. | C55: อัปเดต | D55: 900 | E55: 807 | F55: -93 | G55: CH262853 17/6/69
A56: 54 | B56: ลามิเนต 4+4 สูง>2.5 0.76 | C56: ✓ มีราคา | D56: 1300 | E56: 1300 | G56: PDF ไม่มี-รอเติม
A57: 55 | B57: ลามิเนต 5+5 สูง>2.5 0.76 | C57: ✓ มีราคา | D57: 1350 | E57: 1350 | G57: PDF ไม่มี-รอเติม
A58: 56 | B58: ลามิเนต 6+6 สูง>2.5 0.76 | C58: ✓ มีราคา | D58: 1600 | E58: 1600 | G58: PDF ไม่มี-รอเติม
A59: 57 | B59: อินซูเลท 6+6+6มม. | C59: อัปเดต | D59: 2195 | E59: 2260 | G59: CH262853 17/6/69
A60: 58 | B60: ลามิเนตยูโรเกรย์+ใส 6+6 | C60: ✂ ตัดออก (ไม่ใช้) | D60: 1700 | G60: PDF ไม่มี-รอเติม
A61: 59 | B61: ลามิเนตยูโรเกรย์+ยูโรเกรย์ 6+6 | C61: ✓ มีราคา | D61: 2000 | E61: 2540 | G61: PDF ไม่มี-รอเติม
A62: 60 | B62: ลามิเนตชาดำ+ใส 6+6 | C62: ✓ มีราคา | D62: 1700 | E62: 1938 | G62: PDF ไม่มี-รอเติม
A63: 61 | B63: ลามิเนตชาดำ+ชาดำ 6+6 | C63: ✓ มีราคา | D63: 2000 | E63: 2217 | G63: PDF ไม่มี-รอเติม
A64: 62 | B64: ลามิเนตคริสตัลเกรย์+ใส 6+6 | C64: ✓ มีราคา | D64: 1700 | E64: 2540 | G64: PDF ไม่มี-รอเติม
A65: 63 | B65: ลามิเนตคริสตัลเกรย์+คริสตัลเกรย์ 6+6 | C65: ✂ ตัดออก (ไม่ใช้) | D65: 2000 | G65: PDF ไม่มี-รอเติม
A66: 64 | B66: ลามิเนตสีฟ้า+ใส 6+6 | C66: ✓ มีราคา | D66: 1600 | E66: 2702 | G66: PDF ไม่มี-รอเติม
A67: 65 | B67: ลามิเนตสีฟ้า+สีฟ้า 6+6 | C67: ✓ มีราคา | D67: 1900 | E67: 3531 | G67: PDF ไม่มี-รอเติม
A68: 66 | B68: ลามิเนตยูโรบรอนซ์+ใส 6+6 | C68: ✓ มีราคา | D68: 1600 | E68: 2562 | G68: PDF ไม่มี-รอเติม
A69: 67 | B69: ลามิเนตยูโรบรอนซ์+ยูโรบรอนซ์ 6+6 | C69: ✂ ตัดออก (ไม่ใช้) | D69: 1900 | G69: PDF ไม่มี-รอเติม
A70: 68 | B70: ลามิเนต 4+4 ยูโรเกรย์ | C70: ✓ มีราคา | D70: 1700 | E70: 2282 | G70: PDF ไม่มี-รอเติม
A71: 69 | B71: ลามิเนตลอนแก้ว/เงาทอง 4+4 | C71: ✂ ตัดออก (ไม่ใช้) | D71: 2000 | G71: PDF ไม่มี-รอเติม
A72: 70 | B72: เทมเปอร์ลามิเนต 6+6 1.52 | C72: ✓ มีราคา | D72: 3000 | E72: 2454 | G72: PDF ไม่มี-รอเติม
A73: 71 | B73: กระจกดัดโค้ง 10มม. | C73: อัปเดต | D73: 6750 | E73: 5328 | G73: CH262853 17/6/69 (ไม่รวมค่าโมล)
A74: 72 | B74: ดัดโค้งลามิเนตใส 5+5 | C74: ✓ มีราคา | D74: 8750 | E74: 7158 | G74: PDF ไม่มี-รอเติม
A75: 73 | B75: ใส 5มม. | C75: PDF เกิน | E75: 205 | G75: PDF เกิน-เพิ่มได้
A76: 74 | B76: เขียว 5มม. | C76: PDF เกิน | E76: 226 | G76: PDF เกิน-เพิ่มได้
A77: 75 | B77: ยูโรเกรย์ 5มม. | C77: PDF เกิน | E77: 538 | G77: PDF เกิน-เพิ่มได้
A78: 76 | B78: ยูโรบรอนซ์ 5มม. | C78: PDF เกิน | E78: 538 | G78: PDF เกิน-เพิ่มได้
A79: 77 | B79: ชาดา 3มม. | C79: PDF เกิน | E79: 248 | G79: PDF เกิน-เพิ่มได้
A80: 78 | B80: ชาดา 5มม. | C80: PDF เกิน | E80: 258 | G80: PDF เกิน-เพิ่มได้
A81: 79 | B81: เงา 6มม. | C81: PDF เกิน | E81: 452 | G81: PDF เกิน-เพิ่มได้
A82: 80 | B82: ลามิเนต ใส5+5 0.76 | C82: PDF เกิน | E82: 1206 | G82: PDF เกิน-เพิ่มได้
A83: 81 | B83: ลามิเนต ใส5+5 1.52 | C83: PDF เกิน | E83: 1432 | G83: PDF เกิน-เพิ่มได้
A84: 82 | B84: ลามิเนต ใส6+6 1.52 | C84: PDF เกิน | E84: 1668 | G84: PDF เกิน-เพิ่มได้
A85: 83 | B85: ลามิเนต เขียว4+4 0.76 | C85: PDF เกิน | E85: 1211 | G85: PDF เกิน-เพิ่มได้
A86: 84 | B86: ลามิเนต ใส6HS SGP | C86: PDF เกิน | E86: 3079 | G86: PDF เกิน-เพิ่มได้
... A90: 88 | B90: ลามิเนตฟิล์มขาวนม-ดำทึบ 4+4 | C90: PDF เกิน | E90: 2174 | G90: PDF เกิน-เพิ่มได้

Sheet LUT_ฝ้าไม้เทียม
A1: key | B1: ร้าน | C1: รุ่น | D1: width_m | E1: len_m | F1: price | G1: 🏠 สารบัญ | H1: edge_p | I1: edge_len | J1: carrier | K1: bundled | N1: ร้าน
A2: ไม้ทิพย์|สีพื้น | B2: ไม้ทิพย์ | C2: สีพื้น | D2: 0.085 | E2: 6 | F2: 420 | G2: เส้น | H2: 70 | I2: 6 | J2: 1 | K2: 0 | N2: ไม้ทิพย์
A3: ไม้ทิพย์|ลายไม้ | B3: ไม้ทิพย์ | C3: ลายไม้ | D3: 0.085 | E3: 6 | F3: 580 | G3: เส้น | H3: 70 | I3: 6 | J3: 1 | K3: 0 | N3: fameline
A4: fameline|สีมาตรฐาน | B4: fameline | C4: สีมาตรฐาน | D4: 0.085 | E4: 6 | F4: 1300 | G4: ตร.ม. | H4: 0 | I4: 1 | J4: 0 | K4: 1 | N4: HIGO
A5: fameline|สีอื่น | B5: fameline | C5: สีอื่น | D5: 0.085 | E5: 6 | F5: 1400 | G5: ตร.ม. | H5: 0 | I5: 1 | J5: 0 | K5: 1 | N5: remood
A6: HIGO|C19 (ใน) | B6: HIGO | C6: C19 (ใน) | D6: 0.204 | E6: 3 | F6: 140 | G6: เส้น | H6: 130 | I6: 3 | J6: 0 | K6: 0
A7: HIGO|G15 (ใน) | B7: HIGO | C7: G15 (ใน) | D7: 0.153 | E7: 3 | F7: 140 | G7: เส้น | H7: 130 | I7: 3 | J7: 0 | K7: 0
A8: HIGO|R16 (ใน) | B8: HIGO | C8: R16 (ใน) | D8: 0.16 | E8: 3 | F8: 140 | G8: เส้น | H8: 130 | I8: 3 | J8: 0 | K8: 0
A9: HIGO|Y18 (ใน) | B9: HIGO | C9: Y18 (ใน) | D9: 0.158 | E9: 3 | F9: 140 | G9: เส้น | H9: 130 | I9: 3 | J9: 0 | K9: 0
A10: HIGO|P155 (นอก) | B10: HIGO | C10: P155 (นอก) | D10: 0.1524 | E10: 2.9 | F10: 310 | G10: เส้น | H10: 275 | I10: 2.9 | J10: 0 | K10: 0
A11: HIGO|WH200 (นอก) | B11: HIGO | C11: WH200 (นอก) | D11: 0.185 | E11: 2.9 | F11: 310 | G11: เส้น | H11: 275 | I11: 2.9 | J11: 0 | K11: 0
A12: remood|Entree เรียบ | B12: remood | C12: Entree เรียบ | D12: 0.14 | E12: 2.8 | F12: 500 | G12: แผ่น | H12: 300 | I12: 2.8 | J12: 0 | K12: 0
A13: remood|Entree มีลาย | B13: remood | C13: Entree มีลาย | D13: 0.165 | E13: 2.8 | F13: 600 | G13: แผ่น | H13: 300 | I13: 2.8 | J13: 0 | K13: 0
A14: remood|Entree ชักร่อง | B14: remood | C14: Entree ชักร่อง | D14: 0.219 | E14: 2.8 | F14: 950 | G14: แผ่น | H14: 300 | I14: 2.8 | J14: 0 | K14: 0
A15: remood|Duratech+ เรียบ13 | B15: remood | C15: Duratech+ เรียบ13 | D15: 0.13 | E15: 2.8 | F15: 730 | G15: แผ่น | H15: 300 | I15: 2.8 | J15: 0 | K15: 0
A16: remood|Duratech+ เรียบ16 | B16: remood | C16: Duratech+ เรียบ16 | D16: 0.162 | E16: 2.8 | F16: 900 | G16: แผ่น | H16: 300 | I16: 2.8 | J16: 0 | K16: 0
A17: remood|Duratech+ เรียบ14 | B17: remood | C17: Duratech+ เรียบ14 | D17: 0.14 | E17: 2.8 | F17: 850 | G17: แผ่น | H17: 300 | I17: 2.8 | J17: 0 | K17: 0
... A25: remood|Duralight+ ชักร่อง | B25: remood | C25: Duralight+ ชักร่อง | D25: 0.116 | E25: 2.8 | F25: 2100 | G25: แผ่น | H25: 300 | I25: 2.8 | J25: 0 | K25: 0

Sheet น้ำหนักโปรไฟล์
A1: น้ำหนักโปรไฟล์อลูมิเนียม — เอาไปเสียบระบบ ราคาเส้น = น้ำหนัก × ราคา/กก. | G1: 🏠 สารบัญ
B2: แบรนด์ | C2: รหัส | D2: หนา/ขนาด | E2: ชื่อ/รายการ | F2: ยาว(ม.) | G2: กก./ม. | H2: กก./เส้น | I2: หมายเหตุ
B3: เมืองทอง — กล่องสี่เหลี่ยมด้านเท่า (ยาว 6 ม.)
B4: เมืองทอง | C4: 705 | D4: 1.00 มม. | E4: แป๊บ 6 หุน | F4: 6 | G4: 0.196 | H4: 1.18
B5: เมืองทอง | C5: 706 | D5: 1.20 มม. | E5: แป๊บ 6 หุน | F5: 6 | G5: 0.232 | H5: 1.39
B6: เมืองทอง | C6: 709 | D6: 1.00 มม. | E6: แป๊บ 1 นิ้ว | F6: 6 | G6: 0.262 | H6: 1.57
B7: เมืองทอง | C7: 710 | D7: 1.10 มม. | E7: แป๊บ 1 นิ้ว | F7: 6 | G7: 0.288 | H7: 1.73
B8: เมืองทอง | C8: 711 | D8: 1.20 มม. | E8: แป๊บ 1 นิ้ว | F8: 6 | G8: 0.314 | H8: 1.88
B9: เมืองทอง | C9: 715 | D9: 1.10 มม. | E9: แป๊บ 1¼ นิ้ว | F9: 6 | G9: 0.363 | H9: 2.18
B10: เมืองทอง | C10: 718 | D10: 1.10 มม. | E10: แป๊บ 1½ นิ้ว | F10: 6 | G10: 0.438 | H10: 2.63
B11: เมืองทอง | C11: 745 | D11: 1.50 มม. | E11: แป๊บ 1½ นิ้ว | F11: 6 | G11: 0.595 | H11: 3.57
B12: เมืองทอง | C12: 724A | D12: 0.80 มม. | E12: แป๊บ 1¾ นิ้ว | F12: 6 | G12: 0.379 | H12: 2.27
B13: เมืองทอง | C13: 724B | D13: 0.90 มม. | E13: แป๊บ 1¾ นิ้ว | F13: 6 | G13: 0.425 | H13: 2.55
B14: เมืองทอง | C14: 724F | D14: 1.10 มม. | E14: แป๊บ 1¾ นิ้ว | F14: 6 | G14: 0.517 | H14: 3.1
B15: เมืองทอง | C15: 726A | D15: 1.35 มม. | E15: แป๊บ 1¾ นิ้ว | F15: 6 | G15: 0.631 | H15: 3.79
... B18: เมืองทอง | C18: 749 | D18: 1.50 มม. | E18: แป๊บ 2 นิ้ว | F18: 6 | G18: 0.801 | H18: 4.81
B19: เมืองทอง — กล่องสี่เหลี่ยมด้านไม่เท่า (ยาว 6 ม.)
B20: เมืองทอง | C20: 802 | D20: 1.00 มม. | E20: ½×1 นิ้ว | F20: 6 | G20: 0.194 | H20: 1.16
B21: เมืองทอง | C21: 808 | D21: 1.00 มม. | E21: 1½×1 นิ้ว | F21: 6 | G21: 0.332 | H21: 1.99
B22: เมืองทอง | C22: 812 | D22: 1.10 มม. | E22: 1¾×1 นิ้ว | F22: 6 | G22: 0.401 | H22: 2.41
B23: เมืองทอง | C23: 0827 | D23: 1.00 มม. | E23: 1×2 นิ้ว | F23: 6 | G23: 0.402 | H23: 2.41
B24: เมืองทอง | C24: 816 | D24: 1.20 มม. | E24: 1×2 นิ้ว | F24: 6 | G24: 0.478 | H24: 2.87
B25: เมืองทอง | C25: 820 | D25: 1.20 มม. | E25: 1×3 นิ้ว | F25: 6 | G25: 0.644 | H25: 3.86
B26: เมืองทอง | C26: 843 | D26: 1.40 มม. | E26: 1×3 นิ้ว | F26: 6 | G26: 0.75 | H26: 4.5
B27: เมืองทอง | C27: 0828 | D27: 1.10 มม. | E27: 1¾×3 นิ้ว | F27: 6 | G27: 0.706 | H27: 4.24
B28: เมืองทอง | C28: 823 | D28: 1.20 มม. | E28: 1¾×3 นิ้ว | F28: 6 | G28: 0.769 | H28: 4.61
B29: เมืองทอง | C29: 848 | D29: 1.40 มม. | E29: 1¾×3 นิ้ว | F29: 6 | G29: 0.894 | H29: 5.36
B30: เมืองทอง | C30: 0806 | D30: 1.20 มม. | E30: 1×4 นิ้ว | F30: 6 | G30: 0.81 | H30: 4.86
B31: เมืองทอง | C31: 831 | D31: 1.50 มม. | E31: 1×4 นิ้ว | F31: 6 | G31: 1.008 | H31: 6.05
... B38: เมืองทอง | C38: 0815 | D38: 2.00 มม. | E38: 2×4 นิ้ว | F38: 6 | G38: 1.873 | H38: 11.24
B39: เมืองทอง — ตัว Z
B40: เมืองทอง | C40: TRT-1419 | D40: 126.3×77.7 ×1.3 | E40: ตัว Z 4 นิ้ว | F40: 6 | G40: 0.677 | H40: 4.062
B41: สลิม KOYO (SlimLux) — ยาว 6 ม.
B42: SlimLux | C42: WM-K01 | D42: - | E42: ไส้เสาบาน | F42: 6 | G42: 0.492 | H42: 2.95 | I42: 9073 กลางบาน (เสากุญแจ)
B43: SlimLux | C43: WM-K02 | D43: - | E43: ฝาเสาเรียบ | F43: 6 | G43: 0.262 | H43: 1.57
B44: SlimLux | C44: WM-K03 | D44: - | E44: ฝาเสาเกี่ยว | F44: 6 | G44: 0.282 | H44: 1.692
B45: SlimLux | C45: WM-K04 | D45: - | E45: ขวางบนล่าง | F45: 6 | G45: 0.782 | H45: 4.69 | I45: 9072 หัวบาน (ขวางบน/ล่าง)
B46: SlimLux | C46: - | D46: - | E46: รางบน 3 ราง | F46: 6 | G46: 1.789 | H46: 10.734
B47: SlimLux | C47: WM-K15 | D47: - | E47: รางแขวน 1 ราง | F47: 6 | G47: 0.91 | H47: 5.46
B48: SlimLux | C48: WM-K19 | D48: - | E48: ข้อต่อรางแขวน | F48: 6 | G48: 0.114 | H48: 0.684
B49: SlimLux | C49: WM-K18 | D49: - | E49: ฝาปิดข้างรางแขวน | F49: 6 | G49: 0.144 | H49: 0.864
B50: SlimLux | C50: WM-K20 | D50: - | E50: ฝาปิดล่างรางแขวน | F50: 6 | G50: 0.079 | H50: 0.474
B51: SlimLux | C51: WM-K21A | D51: - | E51: ฝาปิดล่างรางแขวนตัวใหญ่ | F51: 6 | G51: 0.14 | H51: 0.84
B52: SlimLux | C52: - | D52: - | E52: วงกบ | F52: 6 | G52: 0.596 | H52: 3.576
B53: SlimLux | C53: - | D53: - | E53: ลูกฟูก | F53: 6 | G53: 0.424 | H53: 2.544
B54: SlimLux | C54: - | D54: - | E54: ซัพวงกบใน | F54: 6 | G54: 0.076 | H54: 0.456
B55: SlimLux | C55: - | D55: - | E55: ซัพวงกบนอก | F55: 6 | G55: 0.28 | H55: 1.68
B56: SlimLux | C56: - | D56: - | E56: บาน | F56: 6 | G56: 0.481 | H56: 2.886
B57: Velora — ยาว 6 ม.
B58: Velora | C58: - | D58: - | E58: บาน | F58: 6 | G58: 0.481 | H58: 2.886
B59: Velora | C59: - | D59: - | E59: วงกบ | F59: 6 | G59: 0.596 | H59: 3.576
B60: Fuji (Euro bi-fold) — เบอร์ดาย · ตรวจหน่วย/ความยาวเส้นอีกที
B61: Fuji | C61: F7968 | D61: - | E61: เฟรมบนบานเฟี้ยม A | F61: 6.4 | G61: 0.432 | H61: 2.767 | I61: ตรวจหน่วย
B62: Fuji | C62: F7969 | D62: - | E62: เฟรมล่างบานเฟี้ยม A | F62: 6.4 | G62: 0.24 | H62: 1.533 | I62: ตรวจหน่วย
B63: Fuji | C63: F7970 | D63: - | E63: เฟรมข้างบานเฟี้ยม | F63: 6.4 | G63: 0.146 | H63: 0.934 | I63: ตรวจหน่วย
B64: Fuji | C64: F7971 | D64: - | E64: คิ้วตบเฟรมข้าง | F64: 6.4 | G64: 0.062 | H64: 0.4 | I64: ตรวจหน่วย
B65: Fuji | C65: F7973 | D65: - | E65: ตบปิดเฟรม (ตั้ง) | F65: 6.4 | G65: 0.03 | H65: 0.19 | I65: ตรวจหน่วย
B66: Fuji | C66: F7972 | D66: - | E66: กรอบบานเฟี้ยม (ตั้ง) A | F66: 6.4 | G66: 0.229 | H66: 1.466 | I66: ตรวจหน่วย
B67: Fuji | C67: F7935 | D67: - | E67: คิ้วกระจก 5-12มิล | F67: 6.4 | G67: 0.045 | H67: 0.285 | I67: ตรวจหน่วย
B68: Fuji | C68: F7974 | D68: - | E68: ชนกลางบานคู่ | F68: 6.4 | G68: 0.125 | H68: 0.799 | I68: ตรวจหน่วย
B69: Fuji | C69: F7963 | D69: - | E69: รับล็อคเสาเข้ามุมบานคู่ | F69: 6.4 | G69: 0.068 | H69: 0.438 | I69: ตรวจหน่วย
B70: Fuji | C70: F7964 | D70: - | E70: เสาเข้ามุม | F70: 6.4 | G70: 0.161 | H70: 1.03 | I70: ตรวจหน่วย
B71: Fuji | C71: F7975 | D71: - | E71: บังใบ | F71: 6.4 | G71: 0.071 | H71: 0.452 | I71: ตรวจหน่วย
B72: Fuji | C72: F7961 | D72: - | E72: รับล็อคเฟรมข้างบานคู่ | F72: 6.4 | G72: 0.077 | H72: 0.496 | I72: ตรวจหน่วย
... B76: Fuji | C76: F7859 | D76: - | E76: วงกบ 3 ด้าน (บานเปิด/กระทุ้ง) | F76: 6.4 | G76: 0.877 | H76: 5.61 | I76: ยืนยัน /เส้น แล้ว
B78: SMS — บานยก/Double Hung (ยาว 6.4 ม.)
B79: SMS | C79: B28009-12 | D79: - | E79: HEAD เฟรมบน | F79: 6.4 | G79: 0.897 | H79: 5.741
B80: SMS | C80: B28010-12 | D80: - | E80: COVER HEAD ตบปิดเฟรมบน | F80: 6.4 | G80: 0.35 | H80: 2.24
B81: SMS | C81: B28011-12 | D81: - | E81: SASH กรอบบาน | F81: 6.4 | G81: 0.528 | H81: 3.379
B82: SMS | C82: B28012-12 | D82: - | E82: ADAPTOR INTERLOCK ค้ำอินเตอร์ล็อก | F82: 6.4 | G82: 0.051 | H82: 0.326
B83: SMS | C83: B28013-12 | D83: - | E83: INTERLOCK เสาเกี่ยว | F83: 6.4 | G83: 0.171 | H83: 1.094
B84: SMS | C84: B28014-12 | D84: - | E84: SILL เฟรมล่าง | F84: 6.4 | G84: 0.736 | H84: 4.71
B85: SMS | C85: B28015-12 | D85: - | E85: JAMB ADAPTOR เสาเสริมเฟรมข้าง | F85: 6.4 | G85: 1.027 | H85: 6.573
B86: SMS | C86: B10004-12 | D86: - | E86: NARROW FRAME เฟรมข้าง | F86: 6.4 | G86: 0.993 | H86: 6.355
B87: SMS — บานเฟี้ยม (B24) · ยาว 6.4 ม. (มาตรฐาน SMS)
B88: SMS(เฟี้ยม) | C88: B24001-18 | D88: 1.80 มม. | E88: Head เฟรมบนกลาง | F88: 6.4 | G88: 1.603 | H88: 10.259
B89: SMS(เฟี้ยม) | C89: B24002-14 | D89: 1.40 มม. | E89: Door Stop Head คิ้วเฟรมบน | F89: 6.4 | G89: 0.278 | H89: 1.779
B90: SMS(เฟี้ยม) | C90: B24003-15 | D90: 1.50 มม. | E90: Sill เฟรมล่าง | F90: 6.4 | G90: 1.377 | H90: 8.813
B91: SMS(เฟี้ยม) | C91: B24004-14 | D91: 1.40 มม. | E91: Door Stop Sill ตบธรณี | F91: 6.4 | G91: 0.516 | H91: 3.302
B92: SMS(เฟี้ยม) | C92: B24005-15 | D92: 1.50 มม. | E92: Jamb เฟรมข้าง | F92: 6.4 | G92: 0.893 | H92: 5.715
B93: SMS(เฟี้ยม) | C93: B24006-12 | D93: 1.20 มม. | E93: Door Stop Jamb คิ้วเฟรมข้างประตู | F93: 6.4 | G93: 0.235 | H93: 1.504
B94: SMS(เฟี้ยม) | C94: B24007-15 | D94: 1.50 มม. | E94: Sash เสาบาน | F94: 6.4 | G94: 1.106 | H94: 7.078
B95: SMS(เฟี้ยม) | C95: B24008-12 | D95: 1.20 มม. | E95: Glazing Bead คิ้วตบกระจก | F95: 6.4 | G95: 0.231 | H95: 1.478
B96: SMS(เฟี้ยม) | C96: B24009-12 | D96: 1.20 มม. | E96: Sash Stop บังใบเสาประตู | F96: 6.4 | G96: 0.226 | H96: 1.446
B97: SMS(เฟี้ยม) | C97: B24013-15 | D97: 1.50 มม. | E97: Butterfly Glazing Bead คิ้วกบ | F97: 6.4 | G97: 0.17 | H97: 1.088
B98: SMS(เฟี้ยม) | C98: B24016-12 | D98: 1.20 มม. | E98: Glazing Bead คิ้วกบ | F98: 6.4 | G98: 0.215 | H98: 1.376
B99: SMS(เฟี้ยม) | C99: B24017-15 | D99: 1.50 มม. | E99: Bifold Roller รางหู(ใหม่) | F99: 6.4 | G99: 0.281 | H99: 1.798
B100: SMS(เฟี้ยม) | C100: B24018-15 | D100: 1.50 มม. | E100: Bifold Roller รางบานเฟี้ยมภายใน | F100: 6.4 | G100: 0.788 | H100: 5.043
B101: เมืองทอง — กล่องเพิ่ม (เสา-คาน/ติดตาย/จันทัน) · ยาว 6 ม.
B102: เมืองทอง | C102: - | D102: กล่อง 4"×4" | E102: ประตูรั้ว/เสา-คาน | F102: 6 | G102: 2.159 | H102: 12.954
B103: เมืองทอง | C103: - | D103: กล่อง 1.6"×3" | E103: ติดตาย | F103: 6 | G103: 0.956 | H103: 5.736
B104: เมืองทอง | C104: - | D104: กล่อง 1.6"×4" | E104: จันทันหลังคา | F104: 6 | G104: 1.163 | H104: 6.978
B105: เมืองทอง | C105: ฉาก 6 หุน | D105: 6 หุน | E105: ฉาก 6 หุน | F105: 6 | G105: 0.743 | H105: 4.458
B106: E-series (SMS) · ยาว 6.4 ม.
B107: E-series | C107: E-01 | D107: - | E107: - | F107: 6.4 | G107: 1.115 | H107: 7.14
B108: E-series | C108: E-01A | D108: - | E108: - | F108: 6.4 | G108: 0.134 | H108: 0.86
B109: E-series | C109: E-03 | D109: - | E109: - | F109: 6.4 | G109: 1.073 | H109: 6.87
B110: E-series | C110: E-03C | D110: - | E110: - | F110: 6.4 | G110: 0.223 | H110: 1.43
B111: E-series | C111: E-05 | D111: - | E111: - | F111: 6.4 | G111: 0.912 | H111: 5.84
B112: E-series | C112: E-02B | D112: - | E112: - | F112: 6.4 | G112: 1.067 | H112: 6.53
...

Sheet ราคาวัสดุกลาง
A1: ⚠️ แก้ราคาที่นี่ → ราคาวัสดุกลาง — แก้ราคา/กก. ที่นี่ที่เดียว | G1: 🏠 สารบัญ | H1: ชื่อกระจก (R3.9 ข้อ 31.1) | I1: ทุน/ตร.ม.
H2: เขียว 6มม. | I2: 264
A3: ราคาอลู SMS (บาท/กก.) → | B3: 180 | C3: ราคาขึ้น พิมพ์เลขบาท/กก.ใหม่ ช่องเดียว ทุกอย่างขยับเอง | H3: เขียว 8มม. | I3: 592
A4: ความยาวเส้น (ม.) → | B4: 6.4 | C4: เส้นเต็ม 6.4 ม. | H4: เขียว 10มม. | I4: 700
A5: ราคาอลู ยูโร (บาท/กก.) → | B5: 185 | C5: * สำหรับบานยูโร (รอบหน้า) | H5: เคลือบขาว 6มม. | I5: 1023
H6: ยูโรเกรย์ 6มม. | I6: 517
A7: ตัวคูณสี | H7: ยูโรเกรย์ 8มม. | I7: 915
A8: อบขาว/ดำ | B8: 1 | H8: ยูโรเกรย์ 10มม. | I8: 807
A9: เทาซาฮาร่า | B9: 1.09 | H9: ยูโรบรอนซ์ 6มม. | I9: 570
A10: ลายไม้สักทอง | B10: 1.6 | H10: reflective เทา 6มม. | I10: 1184
H11: reflective เขียว 6มม. | I11: 1292
A12: รหัส Stock | B12: ชื่อโปรไฟล์ (คีย์) | C12: น้ำหนักเส้น (กก. ล็อก) | D12: น้ำหนัก/ม. | E12: ราคาเส้นขาว | F12: หมายเหตุ | H12: reflective ฟ้า/เทา 6มม. | I12: 1399
A13: B22001 | B13: เฟรมบน | C13: 6.86111 | D13: =C13/$B$4 -> 1.0720484 | E13: =C13*$B$3 -> 1234.9998 | H13: เทมเปอร์ 6มม. | I13: 403
A14: B22002 | B14: เฟรมข้าง | C14: 5.80556 | D14: =C14/$B$4 -> 0.90711875 | E14: =C14*$B$3 -> 1045.0008 | F14: Stock=1,030 ใช้ 1,045 ตามไฟล์ | H14: เทมเปอร์ 10มม. | I14: 848
A15: B20041 | B15: เฟรมล่างกันน้ำ | C15: 11.5 | D15: =C15/$B$4 -> 1.796875 | E15: =C15*$B$3 -> 2070 | F15: ใช้ภายนอก (เลือกในชีทคิดทุน) | H15: เทมเปอร์ 12มม. | I15: 942
A16: B20047 | B16: เฟรมล่างภายใน | C16: 4.58333 | D16: =C16/$B$4 -> 0.71614531 | E16: =C16*$B$3 -> 824.9994 | F16: ใช้ภายใน (เลือกในชีทคิดทุน) | H16: เทมเปอร์ 15มม. | I16: 3122
A17: B20051 | B17: เสากุญแจ ML | C17: 4.91667 | D17: =C17/$B$4 -> 0.76822969 | E17: =C17*$B$3 -> 885.0006 | F17: ชิดเฟรม 2 ต้นเสมอ | H17: เทมเปอร์ใสพิเศษ 6มม. | I17: 1432
A18: B20009 | B18: เสาเกี่ยวธรรมดา | C18: 4.13889 | D18: =C18/$B$4 -> 0.64670156 | E18: =C18*$B$3 -> 745.0002 | F18: ใช้ 745 (พี่นัทเคาะ) Stock=690 | H18: เทมเปอร์ใสพิเศษ 10มม. | I18: 3466
A19: B20010 | B19: เสาเกี่ยวรับแรง | C19: 6.86111 | D19: =C19/$B$4 -> 1.0720484 | E19: =C19*$B$3 -> 1234.9998 | F19: เฉพาะสูง>2.4ม. | H19: เทมเปอร์ฝ้า 6มม. | I19: 805
A20: B20054 | B20: ขวางบน/ล่าง | C20: 5.88889 | D20: =C20/$B$4 -> 0.92013906 | E20: =C20*$B$3 -> 1060.0002 | H20: เทมเปอร์ฝ้า 8มม. | I20: 1113
A21: B20019 | B21: ตบปิดเฟรม | C21: 0.97222 | D21: =C21/$B$4 -> 0.15190937 | E21: =C21*$B$3 -> 174.9996 | F21: ⚠ ยืนยันขึ้นกับจำนวนบานไหม | H21: เทมเปอร์ยูโรเกรย์ 4มม. | I21: 823
A22: B20050 | B22: ตบปิดเฟรมล่างเตี้ย | C22: 0.80556 | D22: =C22/$B$4 -> 0.12586875 | E22: =C22*$B$3 -> 145.0008 | H22: เทมเปอร์ยูโรเกรย์ 5มม. | I22: 1006
A23: F7994 | B23: ตบรางล้อ | C23: 0.83333 | D23: =C23/$B$4 -> 0.13020781 | E23: =C23*$B$3 -> 149.9994 | F23: F7994 เส้นรางเลื่อน (ราคา150 ตามไฟล์) | H23: เทมเปอร์ยูโรเกรย์ 6มม. | I23: 1033
H24: เทมเปอร์ยูโรเกรย์ 10มม. | I24: 1938
A25: กระจก (ทุน/ตร.ม.) | H25: เทมเปอร์ยูโรบรอนซ์ 5มม. | I25: 1098
A26: เขียว/ใส 6 มม. | B26: 264 | C26: R3.9 v11 ข้อ 31.1 (ฐานเขียว/ใส 6มม. 264) | H26: เทมเปอร์ยูโรบรอนซ์ 6มม. | I26: 1189
A27: เขียว/ใส 8 มม. | B27: 646 | H27: เทมเปอร์ยูโรบรอนซ์ 10มม. | I27: 1480
A28: เทมเปอร์ 6 มม. | B28: 439 | H28: เทมเปอร์ reflective เทา 6มม. | I28: 2422
A29: เทมเปอร์ 10 มม. | B29: 1023 | H29: เทมเปอร์ reflective เขียว 6มม. | I29: 2745
A30: ลามิเนต 4+4 (6.38) | B30: 1065 | H30: เทมเปอร์ reflective ฟ้า 6มม. | I30: 2960
A31: ยูโรเกรย์ 6 มม. | B31: 517 | H31: ลามิเนต 4+4 ฟิล์ม 0.38 | I31: 767
A32: อุปกรณ์ (ราคา/ชุด) | H32: ลามิเนต 5+5 ฟิล์ม 0.38 | I32: 1012
A33: ชุดอุปกรณ์บานเลื่อน | B33: 1700 | H33: ลามิเนตใส 4+4 ฟิล์มสี 0.38 | I33: 1329
H34: ลามิเนตใส 4+4 กันเสียง 0.76 | I34: 2583
H35: ลามิเนต 4+4 Solar Max 0.76 | I35: 1766 | J35: 240 บาท/ตร.ฟ ×10.764
A36: ยูโร — น้ำหนักเส้น + ราคาเส้นขาว (=นน.×ราคา/กก.ยูโร 185) | H36: ลามิเนตใส 4+4 STG 1.52 | I36: 3789
A37: รหัส | B37: ชื่อโปรไฟล์ (คีย์) | C37: น้ำหนักเส้น | D37: น้ำหนัก/ม. | E37: ราคาเส้นขาว | F37: หมายเหตุ | H37: อินซูเลท 6+6+6มม. | I37: 2260 | J37: 352 บาท/ตร.ฟ ×10.764
A38: F7869 | B38: กรอบเฟรมบน/ล่างนอก | C38: 14.13514 | D38: =C38/$B$4 -> 2.2086156 | E38: =C38*$B$5 -> 2615.0009 | H38: กระจกชา/ฝ้า/ลายผ้า 5-6มม. | I38: 301
A39: F7978 | B39: เฟรมข้าง | C39: 5.05405 | D39: =C39/$B$4 -> 0.78969531 | E39: =C39*$B$5 -> 934.99925 | H39: กระจกเงา 5มม. | I39: 398
A40: F7902 | B40: เฟรมล่างใน | C40: 6.21622 | D40: =C40/$B$4 -> 0.97128437 | E40: =C40*$B$5 -> 1150.0007 | H40: กระจกลอนแก้ว 5มม. | I40: 646
A41: F7980 | B41: กรอบบาน | C41: 7.81081 | D41: =C41/$B$4 -> 1.2204391 | E41: =C41*$B$5 -> 1444.9998 | F41: วิ่งรอบบาน เสา+ขวาง รหัสเดียว | H41: เทมเปอร์ 8มม. | I41: 716
A42: F7919 | B42: คิ้วกระจก | C42: 1.08108 | D42: =C42/$B$4 -> 0.16891875 | E42: =C42*$B$5 -> 199.9998 | F42: เท่ากรอบบาน | H42: เทมเปอร์สีชาดำ 6มม. | I42: 1033
A43: F7986 | B43: เดือยเฟรมข้าง | C43: 1.54054 | D43: =C43/$B$4 -> 0.24070938 | E43: =C43*$B$5 -> 284.9999 | H43: เทมเปอร์สีชาดำ 10มม. | I43: 6674
A44: F7983 | B44: ตบเกี่ยว | C44: 2.51351 | D44: =C44/$B$4 -> 0.39273594 | E44: =C44*$B$5 -> 464.99935 | H44: เทมเปอร์สีฟ้า 6มม. | I44: 1507
A45: F7988 | B45: ตบปิดน๊อต | C45: 0.48649 | D45: =C45/$B$4 -> 0.076014062 | E45: =C45*$B$5 -> 90.00065 | H45: เทมเปอร์ใสพิเศษ 8มม. | I45: 2336
A46: F7993 | B46: ตบปิดรางล้อ | C46: 0.48649 | D46: =C46/$B$4 -> 0.076014062 | E46: =C46*$B$5 -> 90.00065 | H46: ลามิเนต 6+6 ฟิล์ม 0.38 | I46: 1259
A47: F7994 | B47: ตบรางล้อ(ยูโร) | C47: 0.64865 | D47: =C47/$B$4 -> 0.10135156 | E47: =C47*$B$5 -> 120.00025 | H47: ลามิเนต 4+4 สูง>2.5ม. 0.76 | I47: 1300
A48: F7992 | B48: ตบปิดร่องข้างเฟรมบน | C48: 2.72973 | D48: =C48/$B$4 -> 0.42652031 | E48: =C48*$B$5 -> 505.00005 | H48: ลามิเนต 5+5 สูง>2.5ม. 0.76 | I48: 1350
A49: F7951 | B49: โหนกเกี่ยว | C49: 10.91892 | D49: =C49/$B$4 -> 1.7060812 | E49: =C49*$B$5 -> 2020.0002 | F49: เสริมแรง เมื่อสูง>3ม. | H49: ลามิเนต 6+6 สูง>2.5ม. 0.76 | I49: 1600
A50: F7855 | B50: ชนกลาง | C50: 6.64865 | D50: =C50/$B$4 -> 1.0388516 | E50: =C50*$B$5 -> 1230.0003 | F50: จุดบานชนกลาง (เปิดคู่กลาง) | H50: ลามิเนตยูโรเกรย์+ยูโรเกรย์ 6+6 | I50: 2540
A51: F7880 | B51: ตบปิดเฟรมร่องใน | C51: 1.86486 | D51: =C51/$B$4 -> 0.29138437 | E51: =C51*$B$5 -> 344.9991 | H51: ลามิเนตชาดำ+ใส 6+6 | I51: 1938
A52: F7879 | B52: ตบปิดเฟรมร่องกลาง | C52: 1.91892 | D52: =C52/$B$4 -> 0.29983125 | E52: =C52*$B$5 -> 355.0002 | H52: ลามิเนตชาดำ+ชาดำ 6+6 | I52: 2217
H53: ลามิเนตคริสตัลเกรย์+ใส 6+6 | I53: 2540
A54: B24009 ต่อกลาง — แก้ราคาที่นี่ที่เดียว | H54: ลามิเนตสีฟ้า+ใส 6+6 | I54: 2702
A55: ขาว/ดำ | B55: 325 | H55: ลามิเนตสีฟ้า+สีฟ้า 6+6 | I55: 3531
A56: เทาซาฮาร่า | B56: 355 | H56: ลามิเนตยูโรบรอนซ์+ใส 6+6 | I56: 2562
A57: ลายไม้สักทอง | B57: 495 | H57: กระจกดัดโค้ง 10มม. | I57: 5328
H58: กระจกดัดโค้งลามิเนตใส 5+5 | I58: 7158
H59: ลามิเนต 4+4 ยูโรเกรย์ | I59: 2282
H60: กระจกเงาทอง | I60: 872
H61: เทมเปอร์ลามิเนต 6+6 PVB 1.52 | I61: 2454
H62: ใส 6มม. | I62: 242
H63: ใส 8มม. | I63: 409
H64: ใส 10มม. | I64: 517
H65: เทมเปอร์ใส 6มม. | I65: 403
H66: เทมเปอร์ใส 8มม. | I66: 622
H67: เทมเปอร์ใส 10มม. | I67: 695
H68: เทมเปอร์ใส 12มม. | I68: 787
H69: ใส 5มม. | I69: 205
... H80: ลามิเนต ใส6HS SGP0.89 | I80: 3079
H81: ลามิเนต ใส5+5 SGP0.89 | I81: 1830 | J81: 272 บาท/ตร.ฟ ×10.764
H82: ลามิเนตฟิล์มฝ้า 4+4 | I82: 710 | J82: 352 บาท/ตร.ฟ ×10.764
H83: ลามิเนตฟิล์มสีทั่วไป 4+4 | I83: 904
H84: ลามิเนตฟิล์มขาวนม-ดำทึบ 4+4 | I84: 2174
H85: ลามิเนตลอนแก้วเล็ก เงาทอง 5+5 | I85: 4898
H86: ลามิเนตลอนแก้วกลาง เงาทอง 5+5 | I86: 4898
H87: ลามิเนตลอนแก้วใหญ่ เงาทอง 5+5 | I87: 4898
H88: ลามิเนตลอนแก้วเล็ก เงาทอง 5+6 | I88: 5005
H89: ลามิเนตลอนแก้วกลาง เงาทอง 5+6 | I89: 5005
H90: ลามิเนตลอนแก้วใหญ่ เงาทอง 5+6 | I90: 5005
H91: เทมเปอร์ยูโรบรอนซ์ 8มม. | I91: 1738
H92: เทมเปอร์ใสพ่นสีขาว 6มม. | I92: 592
H93: เทมเปอร์ใสพ่นสีขาว 8มม. | I93: 915
H94: กระจกเส้นลวดใส 6มม. | I94: 3800
... H106: ลามิเนตลอนแก้วใส+เงาชาทอง 5+5 | I106: 5974

Sheet คิดทุน SMS
A1: คิดทุนบานเลื่อน SMS — เลือกรูปแบบ + อุปกรณ์แยกชิ้น | G1: 🏠 สารบัญ
A2: กว้างรวม (ซม.) → | B2: 600 | E2: เลื่อน(ล้อ)= | F2: =IF(B5="อิสระ",B4,IF(B5="ลากจูง",B4-1,B4-2)) -> 3
A3: สูง (ซม.) → | B3: 300 | E3: มือจับบาน= | F3: =IF(B5="ลากจูง",1,2) -> 2
A4: จำนวนบาน → | B4: 3 | E4: ล็อคบาน= | F4: =IF(B5="อิสระ",2,1) -> 2
A5: รูปแบบ → (อิสระ/ลากจูง/เปิดคู่กลาง) | B5: อิสระ | E5: เสากุญแจ= | F5: =IF(B5="เปิดคู่กลาง",4,2) -> 2
A6: พื้นที่ (ตร.ม.) = | B6: =(B2/100)*(B3/100) -> 18 | E6: รอยต่อ= | F6: =IF(B5="เปิดคู่กลาง",B4-2,B4-1) -> 2
A7: บวกกำไร % → | B7: 100 | E7: รางล่าง → | F7: ภายนอก
A8: ราคาซิลิโคน/หลอด → | B8: 90
A9: กระจก → | B9: เขียว 6มม. | C9: =INDEX(ราคาวัสดุกลาง!$I$2:$I$106,MATCH(B9,ราคาวัสดุกลาง!$H$2:$H$106,0)) -> 264 | D9: ← ราคากระจก/ตร.ม. (อัตโนมัติ) | E9: สี → | F9: สีอบขาว/ดำ | G9: =IF(F9="สีอบขาว/ดำ",180,IF(F9="เทาซาฮาร่า",ROUND(180*1.09,0),IF(F9="ลายไม้ stock",ROUND(180*1.6,0),IF(F9="สีอบพิเศษ",140,160)))) -> 180
A10: วัสดุ | B10: จำนวน | C10: ราคา/หน่วย | D10: ทุน(บาท)
A11: เฟรมบน | B11: =IF(FLOOR(6.4/((B2/100)),1)>=1,ROUNDUP((1)/FLOOR(6.4/((B2/100)),1),0),ROUNDUP(((B2/100))/6.4,0)*(1)) -> 1 | C11: =IF(F9="สีอบขาว/ดำ",1235,IF(F9="เทาซาฮาร่า",VLOOKUP("B22001",ราคาสี!$A:$F,5,0),IF(F9="ลายไม้ stock",(VLOOKUP("B22001",ราคาสี!$A:$F,6,0)*mult_wood/mult_sms),1235+IF(F9="สีอบพิเศษ",rate_special,rate_woodbake)*6.86111))) -> 1235 | D11: =B11*C11*mult_sms -> 1235
A12: เฟรมข้าง | B12: =IF(FLOOR(6.4/((B3/100)),1)>=1,ROUNDUP((2)/FLOOR(6.4/((B3/100)),1),0),ROUNDUP(((B3/100))/6.4,0)*(2)) -> 1 | C12: =IF(F9="สีอบขาว/ดำ",1045,IF(F9="เทาซาฮาร่า",VLOOKUP("B22002",ราคาสี!$A:$F,5,0),IF(F9="ลายไม้ stock",(VLOOKUP("B22002",ราคาสี!$A:$F,6,0)*mult_wood/mult_sms),1045+IF(F9="สีอบพิเศษ",rate_special,rate_woodbake)*5.80556))) -> 1045 | D12: =B12*C12*mult_sms -> 1045
A13: เฟรมล่างกันน้ำ | B13: =IF(FLOOR(6.4/((B2/100)),1)>=1,ROUNDUP((1)/FLOOR(6.4/((B2/100)),1),0),ROUNDUP(((B2/100))/6.4,0)*(1)) -> 1 | C13: =IF(F9="สีอบขาว/ดำ",IF($F$7="ภายใน",825,2070),IF(F9="เทาซาฮาร่า",IF($F$7="ภายใน",VLOOKUP("B20047",ราคาสี!$A:$F,5,0),VLOOKUP("B20041",ราคาสี!$A:$F,5,0)),IF(F9="ลายไม้ stock",IF($F$7="ภายใน",(VLOOKUP("B20047",ราคาสี!$A:$F,6,0)*mult_wood/mult_sms),(VLOOKUP("B20041",ราคาสี!$A:$F,6,0)*mult_wood/mult_sms)),IF($F$7="ภายใน",825,2070)+IF(F9="สีอบพิเศษ",rate_special,rate_woodbake)*IF($F$7="ภายใน",4.58333,11.5)))) -> 2070 | D13: =B13*C13*mult_sms -> 2070
A14: เสากุญแจ ML | B14: =IF(FLOOR(6.4/((B3/100)),1)>=1,ROUNDUP(($F$5)/FLOOR(6.4/((B3/100)),1),0),ROUNDUP(((B3/100))/6.4,0)*($F$5)) -> 1 | C14: =IF(F9="สีอบขาว/ดำ",885,IF(F9="เทาซาฮาร่า",VLOOKUP("B20051",ราคาสี!$A:$F,5,0),IF(F9="ลายไม้ stock",(VLOOKUP("B20051",ราคาสี!$A:$F,6,0)*mult_wood/mult_sms),885+IF(F9="สีอบพิเศษ",rate_special,rate_woodbake)*4.91667))) -> 885 | D14: =B14*C14*mult_sms -> 885
A15: เสาเกี่ยวธรรมดา | B15: =IF(FLOOR(6.4/((B3/100)),1)>=1,ROUNDUP((IF((B3/100)>2.4,$F$6,2*$F$6))/FLOOR(6.4/((B3/100)),1),0),ROUNDUP(((B3/100))/6.4,0)*(IF((B3/100)>2.4,$F$6,2*$F$6))) -> 1 | C15: =IF(F9="สีอบขาว/ดำ",745,IF(F9="เทาซาฮาร่า",VLOOKUP("B20009",ราคาสี!$A:$F,5,0),IF(F9="ลายไม้ stock",(VLOOKUP("B20009",ราคาสี!$A:$F,6,0)*mult_wood/mult_sms),745+IF(F9="สีอบพิเศษ",rate_special,rate_woodbake)*4.13889))) -> 745 | D15: =B15*C15*mult_sms -> 745
A16: เสาเกี่ยวรับแรง | B16: =IF(FLOOR(6.4/((B3/100)),1)>=1,ROUNDUP((IF((B3/100)>2.4,$F$6,0))/FLOOR(6.4/((B3/100)),1),0),ROUNDUP(((B3/100))/6.4,0)*(IF((B3/100)>2.4,$F$6,0))) -> 1 | C16: =IF(F9="สีอบขาว/ดำ",1235,IF(F9="เทาซาฮาร่า",VLOOKUP("B20010",ราคาสี!$A:$F,5,0),IF(F9="ลายไม้ stock",(VLOOKUP("B20010",ราคาสี!$A:$F,6,0)*mult_wood/mult_sms),1235+IF(F9="สีอบพิเศษ",rate_special,rate_woodbake)*6.86111))) -> 1235 | D16: =B16*C16*mult_sms -> 1235
A17: ขวางบน/ล่าง | B17: =IF(FLOOR(6.4/((B2/100)/B4),1)>=1,ROUNDUP((2*B4)/FLOOR(6.4/((B2/100)/B4),1),0),ROUNDUP(((B2/100)/B4)/6.4,0)*(2*B4)) -> 2 | C17: =IF(F9="สีอบขาว/ดำ",1060,IF(F9="เทาซาฮาร่า",VLOOKUP("B20054",ราคาสี!$A:$F,5,0),IF(F9="ลายไม้ stock",(VLOOKUP("B20054",ราคาสี!$A:$F,6,0)*mult_wood/mult_sms),1060+IF(F9="สีอบพิเศษ",rate_special,rate_woodbake)*5.88889))) -> 1060 | D17: =B17*C17*mult_sms -> 2120
A18: ตบปิดเฟรม | B18: =IF(FLOOR(6.4/((B3/100)),1)>=1,ROUNDUP((4)/FLOOR(6.4/((B3/100)),1),0),ROUNDUP(((B3/100))/6.4,0)*(4)) -> 2 | C18: =IF(F9="สีอบขาว/ดำ",175,IF(F9="เทาซาฮาร่า",VLOOKUP("B20019",ราคาสี!$A:$F,5,0),IF(F9="ลายไม้ stock",(VLOOKUP("B20019",ราคาสี!$A:$F,6,0)*mult_wood/mult_sms),175+IF(F9="สีอบพิเศษ",rate_special,rate_woodbake)*0.97222))) -> 175 | D18: =B18*C18*mult_sms -> 350
A19: ตบราง(นอก)/ตบปิดรางเตี้ย20050(ใน) | B19: =IF(F7="ภายใน",2*ROUNDUP(B2/600,0),IF(FLOOR(6.4/((B2/100)),1)>=1,ROUNDUP(($F$2)/FLOOR(6.4/((B2/100)),1),0),ROUNDUP(((B2/100))/6.4,0)*($F$2))) -> 3 | C19: =IF(F7="ภายใน",IF(F9="สีอบขาว/ดำ",145,IF(F9="เทาซาฮาร่า",VLOOKUP("B20050",ราคาสี!$A:$F,5,0),IF(F9="ลายไม้ stock",(VLOOKUP("B20050",ราคาสี!$A:$F,6,0)*mult_wood/mult_sms),145+IF(F9="สีอบพิเศษ",rate_special,rate_woodbake)*0.81))),150) -> 150 | D19: =B19*C19*mult_sms -> 450
A20: กระจก (ตร.ม.) | B20: =((B2/100)+(B4-1)*0.1)*(B3/100) -> 18.6 | C20: =INDEX(ราคาวัสดุกลาง!$I$2:$I$106,MATCH(B9,ราคาวัสดุกลาง!$H$2:$H$106,0)) -> 264 | D20: =B20*C20 -> 4910.4
A21: ล้อ 27 (2/บาน) | B21: =2*$F$2 -> 6 | C21: 80 | D21: =B21*C21 -> 480
A22: มือจับ Align (2/บาน) | B22: =2*$F$3 -> 4 | C22: 99 | D22: =B22*C22 -> 396
A23: ชุดล็อค | B23: =$F$4 -> 2 | C23: 189 | D23: =B23*C23 -> 378
A24: สักหลาด (ม.) | B24: =6*(B3/100)+9*(B2/100)+2*($F$5+$F$6)*(B3/100) -> 96 | C24: 1.5 | D24: =B24*C24 -> 144
A25: น็อต | B25: =8+4*B4 -> 20 | C25: 1 | D25: =B25*C25 -> 20
A26: ซิลิโคน (หลอด) ใน+นอก | B26: =ROUNDUP(2*((B2/100)+(B3/100))*2/12.5,0) -> 3 | C26: =B8 -> 90 | D26: =B26*C26 -> 270
A27: ค่าเปิดตู้อบ | B27: =IF(OR(F9="สีอบพิเศษ",F9="สีลายไม้อบพิเศษ"),1,0) -> 0 | C27: 2000 | D27: =B27*C27 -> 0 | E27: สีอบพิเศษ / ลายไม้อบพิเศษ เท่านั้น
A28: ทุนรวม | D28: =SUM(D11:D27)+D57+D36+D37+D38+D39 -> 16733.4 | F28: 🔍 แยกก้อนต้นทุน
A29: ทุน/ตร.ม. | D29: =IFERROR(D28/B6,0) -> 929.63333 | F29: ทุนอลู (×ราคา/กก.) | G29: =SUM(D11:D19) -> 10135
A30: ราคาขาย/ตร.ม. (ทุน+กำไร%) | D30: =ROUNDUP(D28*(1+B7/100)/100,0)*100 -> 33500 | F30: ทุนกระจก | G30: =D20 -> 4910.4
A31: %กำไรจริง | D31: =IFERROR((D30-D28)/D28,0) -> 1.0019841 | F31: ทุนอุปกรณ์+ซิลิโคน | G31: =SUM(D21:D27) -> 1688
A32: ราคาขายรวม/ชุด | D32: =D30 -> 33500 | F32: รวมวัสดุ | G32: =SUM(G29:G31) -> 16733.4
A33: — มุ้ง (ออปชั่น) — บวกเข้าทุน — | F33: อลูเท่านั้นที่ ×ราคา/กก. · กระจก/อุปกรณ์คงที่
A34: เลือกมุ้ง → | B34: ไม่มีมุ้ง | C34: =IF(B34="ไม่มีมุ้ง","—",IF(H35=1,"✓ ใช้ได้","⚠ ใช้กับบานนี้ไม่ได้(ทุน=0)")) -> — | D34: =IF(B34="ไม่มีมุ้ง","",H40&" บาน") | H34: =IFERROR(VLOOKUP(B34,ราคามุ้ง!$A$2:$O$15,3,0),"")
A35: ชนิดผ้า / สี → | B35: ไฟเบอร์ | C35: เทา | H35: =IF(B34="ไม่มีมุ้ง",0,IF(OR(IFERROR(VLOOKUP(B34,ราคามุ้ง!$A$2:$O$15,4,0),"ALL")="ALL",ISNUMBER(SEARCH("SMS",IFERROR(VLOOKUP(B34,ราคามุ้ง!$A$2:$O$15,4,0),"")))),1,0)) -> 0
A36: › เสา (เส้น 6ม.) | B36: =IF(AND(H35=1,H36=1),ROUND(H40*2*H39/6,2),0) -> 0 | C36: =IF(B34="มุ้งเฟรมเล็ก",ราคามุ้ง!$B$19,IF(B34="มุ้งเฟรมใหญ่",ROUND(C14*mult_sms,0),IF(B34="มุ้งนิรภัย",ราคามุ้ง!$B$21,0))) -> 0 | D36: =ROUND(B36*C36,0) -> 0 | H36: =IF(OR(B34="มุ้งเฟรมเล็ก",B34="มุ้งเฟรมใหญ่",B34="มุ้งนิรภัย"),1,0) -> 0
A37: › ขวาง (เส้น 6ม.) | B37: =IF(AND(H35=1,H36=1),ROUND(H40*2*H38/6,2),0) -> 0 | C37: =IF(B34="มุ้งเฟรมเล็ก",ราคามุ้ง!$B$19,IF(B34="มุ้งเฟรมใหญ่",ROUND(C14*mult_sms,0),IF(B34="มุ้งนิรภัย",ราคามุ้ง!$B$21,0))) -> 0 | D37: =ROUND(B37*C37,0) -> 0 | H37: =IFERROR(VLOOKUP(B35,ราคามุ้ง!$I$2:$J$5,2,0),0) -> 23
A38: › ยางอัด (ม.) | B38: =IF(AND(H35=1,H36=1),ROUND(H40*2*(H38+H39),2),0) -> 0 | C38: =ราคามุ้ง!$D$19 -> 5 | D38: =ROUND(B38*C38,0) -> 0 | H38: =B2/(B4*100) -> 2
A39: › ผ้า / มุ้งสำเร็จ | B39: =IF(H35=0,0,ROUND(H40*H38*H39,2)) -> 0 | C39: =IF(B34="มุ้งนิรภัย",650,IF(OR(B34="มุ้งเฟรมเล็ก",B34="มุ้งเฟรมใหญ่"),H37,IF(H34="ซื้อสำเร็จ",IFERROR(VLOOKUP(B34,ราคามุ้ง!$A$2:$O$15,2,0),0),0))) -> 0 | D39: =ROUND(B39*C39,0) -> 0 | H39: =B3/100 -> 3
A40: › ค่าแรงผลิตมุ้ง | D40: =IF(H35=0,0,ROUND(H40*(VLOOKUP(B34,ราคามุ้ง!$A$2:$O$15,12,0)+VLOOKUP(B34,ราคามุ้ง!$A$2:$O$15,13,0)*H38*H39),0)) -> 0 | H40: =IF(AND(B5="อิสระ",B4=2),1,F2) -> 3
A41: › ค่าแรงติดตั้งมุ้ง | D41: =IF(H35=0,0,ROUND(H40*(VLOOKUP(B34,ราคามุ้ง!$A$2:$O$15,14,0)+VLOOKUP(B34,ราคามุ้ง!$A$2:$O$15,15,0)*H38*H39),0)) -> 0 | E41: รวมมุ้ง → | F41: =SUM(D36:D41) -> 0
A42: — ผูกค่าแรง (ราคาขายรวมค่าแรง) —
A43: ค่าแรงผลิต (จากชีทค่าแรง) | D43: =MAX(0,VLOOKUP("บานเลื่อน SMS",ค่าแรง!$A$12:$E$27,2,0)+VLOOKUP("บานเลื่อน SMS",ค่าแรง!$A$12:$E$27,3,0)*B6) -> 629.2
A44: ค่าแรงติดตั้ง (จากชีทค่าแรง) | D44: =MAX(0,VLOOKUP("บานเลื่อน SMS",ค่าแรง!$A$12:$E$27,4,0)+VLOOKUP("บานเลื่อน SMS",ค่าแรง!$A$12:$E$27,5,0)*B6) -> 629.2
A45: กำไรติดตั้ง % → | B45: 100
A46: ราคาขาย ผลิตอย่างเดียว | D46: =ROUNDUP((D28+D43+D40)*(1+B7/100)/100,0)*100 -> 34800
A47: ราคาขาย ผลิต+ติดตั้ง | D47: =D46+ROUNDUP((D44+D41)*(1+B45/100)/100,0)*100 -> 36100
A48: %กำไรจริง (ผลิต+ติดตั้ง) | D48: =(D47-(D28+D43+D44+D40+D41))/(D28+D43+D44+D40+D41) -> 1.0064696
A50: — ชุด auto (ออปชั่น) — บวกเข้าทุน × กำไ%
A51: ใส่ auto? → | B51: ไม่มี | F51: Evecca base | G51: =INDEX(ราคาออโต้!$C:$C,MATCH("Evecca (จีน)",ราคาออโต้!$B:$B,0)) -> 13480
A52: ชุด auto → | B52: Evecca (จีน) | F52: สายพาน/ม | G52: =INDEX(ราคาออโต้!$C:$C,MATCH("สายพาน Evecca",ราคาออโต้!$B:$B,0)) -> 75
A53: ออป Smart lock (Evecca) → | B53: ไม่มี | F53: ส่ง Evecca | G53: =INDEX(ราคาออโต้!$D:$D,MATCH("Evecca (จีน)",ราคาออโต้!$B:$B,0)) -> 1700
A54: ออป Touch (ช่างแซก) → | B54: ไม่มี | F54: Smart lock | G54: =INDEX(ราคาออโต้!$C:$C,MATCH("ออป Smart lock",ราคาออโต้!$B:$B,0)) -> 6500
A55: ออป Infrared (ช่างแซก) → | B55: ไม่มี | F55: ช่างแซก base | G55: =INDEX(ราคาออโต้!$C:$C,MATCH("ช่างแซก",ราคาออโต้!$B:$B,0)) -> 8000
F56: เซฟตี้ตาแมว | G56: =INDEX(ราคาออโต้!$C:$C,MATCH("เซฟตี้ตาแมว (บังคับช่างแซก)",ราคาออโต้!$B:$B,0)) -> 1000
A57: ทุนชุด auto | D57: =IF(B51="ไม่มี",0,IF(B52="Evecca (จีน)",G51+ROUND(G52*B2*2/100,0)+G53+IF(B53="มี",G54,0),(G55+G56+ROUND(G57*B2/100,0)+IF(B54="มี",G58,0)+IF(B55="มี",G59,0))*IF(B5="เปิดคู่กลาง",1,MIN(B4,3)))) -> 0 | F57: ราง/ม | G57: =INDEX(ราคาออโต้!$C:$C,MATCH("ราง ช่างแซก",ราคาออโต้!$B:$B,0)) -> 950
F58: Touch | G58: =INDEX(ราคาออโต้!$C:$C,MATCH("ออป Touch Switch (ช่างแซก)",ราคาออโต้!$B:$B,0)) -> 1000
F59: Infrared | G59: =INDEX(ราคาออโต้!$C:$C,MATCH("ออป Infrared (ช่างแซก)",ราคาออโต้!$B:$B,0)) -> 9000

Sheet คิดทุน ยูโร
A1: คิดทุนบานเลื่อนยูโร — เลือกรูปแบบ + อุปกรณ์แยกชิ้น | G1: 🏠 สารบัญ
A2: กว้างรวม (ซม.) → | B2: 600 | E2: เลื่อน(ล้อ)= | F2: =IF(B5="อิสระ",B4,IF(B5="ลากจูง",B4-1,B4-2)) -> 3
A3: สูง (ซม.) → | B3: 300 | E3: มือจับบาน= | F3: =IF(B5="ลากจูง",1,2) -> 2
A4: จำนวนบาน → | B4: 3 | E4: ล็อคบาน= | F4: =IF(B5="อิสระ",2,1) -> 2
A5: รูปแบบ → (อิสระ/ลากจูง/เปิดคู่กลาง) | B5: อิสระ | E5: เสากุญแจ= | F5: =IF(B5="เปิดคู่กลาง",4,2) -> 2
A6: พื้นที่ (ตร.ม.) = | B6: =(B2/100)*(B3/100) -> 18 | E6: รอยต่อ= | F6: =IF(B5="เปิดคู่กลาง",B4-2,B4-1) -> 2
A7: บวกกำไร % → | B7: 100 | E7: รางล่าง → | F7: ภายนอก
A8: ราคาซิลิโคน/หลอด → | B8: 90
A9: กระจก → | B9: เขียว 6มม. | C9: =INDEX(ราคาวัสดุกลาง!$I$2:$I$106,MATCH(B9,ราคาวัสดุกลาง!$H$2:$H$106,0)) -> 264 | D9: ← ราคากระจก/ตร.ม. (อัตโนมัติ) | E9: สี → | F9: สีอบขาว/ดำ | G9: =IF(F9="สีอบขาว/ดำ",180,IF(F9="เทาซาฮาร่า",ROUND(180*1.09,0),IF(F9="ลายไม้ stock",ROUND(180*1.6,0),IF(F9="สีอบพิเศษ",140,160)))) -> 180
A10: วัสดุ | B10: จำนวน | C10: ราคา/หน่วย | D10: ทุน(บาท)
A11: กรอบบาน (รอบ) | B11: =ROUNDUP((2*(B3/100)*B4+2*(B2/100))/6.4,0) -> 5 | C11: =IF(F9="สีอบขาว/ดำ",1445,IF(F9="เทาซาฮาร่า",VLOOKUP("F7980",ราคาสี!$A:$F,5,0),IF(F9="ลายไม้ stock",(VLOOKUP("F7980",ราคาสี!$A:$F,6,0)*mult_wood/mult_euro),1445+IF(F9="สีอบพิเศษ",rate_special,rate_woodbake)*7.81081))) -> 1445 | D11: =B11*C11*mult_euro -> 7225
A12: คิ้วกระจก | B12: =ROUNDUP((2*(B3/100)*B4+2*(B2/100))/6.4,0) -> 5 | C12: =IF(F9="สีอบขาว/ดำ",200,IF(F9="เทาซาฮาร่า",VLOOKUP("F7919",ราคาสี!$A:$F,5,0),IF(F9="ลายไม้ stock",(VLOOKUP("F7919",ราคาสี!$A:$F,6,0)*mult_wood/mult_euro),200+IF(F9="สีอบพิเศษ",rate_special,rate_woodbake)*1.08108))) -> 200 | D12: =B12*C12*mult_euro -> 1000
A13: เฟรมบน | B13: =ROUNDUP((B2/100)/6.4,0) -> 1 | C13: =IF(F9="สีอบขาว/ดำ",2615,IF(F9="เทาซาฮาร่า",VLOOKUP("F7869",ราคาสี!$A:$F,5,0),IF(F9="ลายไม้ stock",(VLOOKUP("F7869",ราคาสี!$A:$F,6,0)*mult_wood/mult_euro),2615+IF(F9="สีอบพิเศษ",rate_special,rate_woodbake)*14.13514))) -> 2615 | D13: =B13*C13*mult_euro -> 2615
A14: เฟรมล่างนอก | B14: =ROUNDUP((B2/100)/6.4,0) -> 1 | C14: =IF(F9="สีอบขาว/ดำ",2615,IF(F9="เทาซาฮาร่า",VLOOKUP("F7869",ราคาสี!$A:$F,5,0),IF(F9="ลายไม้ stock",(VLOOKUP("F7869",ราคาสี!$A:$F,6,0)*mult_wood/mult_euro),2615+IF(F9="สีอบพิเศษ",rate_special,rate_woodbake)*14.13514))) -> 2615 | D14: =B14*C14*mult_euro -> 2615
A15: เฟรมข้าง | B15: =ROUNDUP(2*(B3/100)/6.4,0) -> 1 | C15: =IF(F9="สีอบขาว/ดำ",935,IF(F9="เทาซาฮาร่า",VLOOKUP("F7978",ราคาสี!$A:$F,5,0),IF(F9="ลายไม้ stock",(VLOOKUP("F7978",ราคาสี!$A:$F,6,0)*mult_wood/mult_euro),935+IF(F9="สีอบพิเศษ",rate_special,rate_woodbake)*5.05405))) -> 935 | D15: =B15*C15*mult_euro -> 935
A16: เดือย | B16: =1 -> 1 | C16: =IF(F9="สีอบขาว/ดำ",285,IF(F9="เทาซาฮาร่า",VLOOKUP("F7986",ราคาสี!$A:$F,5,0),IF(F9="ลายไม้ stock",(VLOOKUP("F7986",ราคาสี!$A:$F,6,0)*mult_wood/mult_euro),285+IF(F9="สีอบพิเศษ",rate_special,rate_woodbake)*1.54054))) -> 285 | D16: =B16*C16*mult_euro -> 285
A17: ตบเกี่ยว | B17: =IF(B5="เปิดคู่กลาง",2,B4-1) -> 2 | C17: =IF(F9="สีอบขาว/ดำ",465,IF(F9="เทาซาฮาร่า",VLOOKUP("F7983",ราคาสี!$A:$F,5,0),IF(F9="ลายไม้ stock",(VLOOKUP("F7983",ราคาสี!$A:$F,6,0)*mult_wood/mult_euro),465+IF(F9="สีอบพิเศษ",rate_special,rate_woodbake)*2.51351))) -> 465 | D17: =B17*C17*mult_euro -> 930
A18: โหนกเกี่ยว(≥3ม.) | B18: =IF((B3/100)>=3,$F$6,0) -> 2 | C18: =IF(F9="สีอบขาว/ดำ",2020,IF(F9="เทาซาฮาร่า",VLOOKUP("F7951",ราคาสี!$A:$F,5,0),IF(F9="ลายไม้ stock",(VLOOKUP("F7951",ราคาสี!$A:$F,6,0)*mult_wood/mult_euro),2020+IF(F9="สีอบพิเศษ",rate_special,rate_woodbake)*10.91892))) -> 2020 | D18: =B18*C18*mult_euro -> 4040
A19: ตบปิดน๊อต F7988 | B19: =2*MAX(B4-1,0) -> 4 | C19: =IF(F9="สีอบขาว/ดำ",120,IF(F9="เทาซาฮาร่า",VLOOKUP("F7988",ราคาสี!$A:$F,5,0),IF(F9="ลายไม้ stock",(VLOOKUP("F7988",ราคาสี!$A:$F,6,0)*mult_wood/mult_euro),120+IF(F9="สีอบพิเศษ",rate_special,rate_woodbake)*0.66667))) -> 120 | D19: =B19*C19*mult_euro -> 480
A20: ตบปิดราง F7993 | B20: =ROUNDUP($F$2*(B2/100)/6.4,0) -> 3 | C20: =IF(F9="สีอบขาว/ดำ",120,IF(F9="เทาซาฮาร่า",VLOOKUP("F7993",ราคาสี!$A:$F,5,0),IF(F9="ลายไม้ stock",(VLOOKUP("F7993",ราคาสี!$A:$F,6,0)*mult_wood/mult_euro),120+IF(F9="สีอบพิเศษ",rate_special,rate_woodbake)*0.66667))) -> 120 | D20: =B20*C20*mult_euro -> 360
A21: ตบราง F7994 | B21: =ROUNDUP($F$2*(B2/100)/6.4,0) -> 3 | C21: =IF(F9="สีอบขาว/ดำ",150,IF(F9="เทาซาฮาร่า",VLOOKUP("F7994",ราคาสี!$A:$F,5,0),IF(F9="ลายไม้ stock",(VLOOKUP("F7994",ราคาสี!$A:$F,6,0)*mult_wood/mult_euro),150+IF(F9="สีอบพิเศษ",rate_special,rate_woodbake)*0.83333))) -> 150 | D21: =B21*C21*mult_euro -> 450
A22: ตบปิดร่องบน | B22: =1 -> 1 | C22: =IF(F9="สีอบขาว/ดำ",505,IF(F9="เทาซาฮาร่า",VLOOKUP("F7992",ราคาสี!$A:$F,5,0),IF(F9="ลายไม้ stock",(VLOOKUP("F7992",ราคาสี!$A:$F,6,0)*mult_wood/mult_euro),505+IF(F9="สีอบพิเศษ",rate_special,rate_woodbake)*2.72973))) -> 505 | D22: =B22*C22*mult_euro -> 505
A23: ชนกลาง(เปิดคู่กลาง) | B23: =IF(B5="เปิดคู่กลาง",1,0) -> 0 | C23: =IF(F9="สีอบขาว/ดำ",1230,IF(F9="เทาซาฮาร่า",VLOOKUP("F7855",ราคาสี!$A:$F,5,0),IF(F9="ลายไม้ stock",(VLOOKUP("F7855",ราคาสี!$A:$F,6,0)*mult_wood/mult_euro),1230+IF(F9="สีอบพิเศษ",rate_special,rate_woodbake)*6.64865))) -> 1230 | D23: =B23*C23*mult_euro -> 0
A24: ตบปิดเฟรมร่องใน | B24: =IF(B5="เปิดคู่กลาง",2,0) -> 0 | C24: =IF(F9="สีอบขาว/ดำ",345,IF(F9="เทาซาฮาร่า",VLOOKUP("F7880",ราคาสี!$A:$F,5,0),IF(F9="ลายไม้ stock",(VLOOKUP("F7880",ราคาสี!$A:$F,6,0)*mult_wood/mult_euro),345+IF(F9="สีอบพิเศษ",rate_special,rate_woodbake)*1.86486))) -> 345 | D24: =B24*C24*mult_euro -> 0
A25: ตบปิดเฟรมร่องกลาง | B25: =IF(B5="เปิดคู่กลาง",2,0) -> 0 | C25: =IF(F9="สีอบขาว/ดำ",355,IF(F9="เทาซาฮาร่า",VLOOKUP("F7879",ราคาสี!$A:$F,5,0),IF(F9="ลายไม้ stock",(VLOOKUP("F7879",ราคาสี!$A:$F,6,0)*mult_wood/mult_euro),355+IF(F9="สีอบพิเศษ",rate_special,rate_woodbake)*1.91892))) -> 355 | D25: =B25*C25*mult_euro -> 0
A26: กระจก (ตร.ม.) | B26: =((B2/100)+(B4-1)*0.1)*(B3/100) -> 18.6 | C26: =INDEX(ราคาวัสดุกลาง!$I$2:$I$106,MATCH(B9,ราคาวัสดุกลาง!$H$2:$H$106,0)) -> 264 | D26: =B26*C26 -> 4910.4
A27: ล้อ 27 (2/บาน) | B27: =2*$F$2 -> 6 | C27: 80 | D27: =B27*C27 -> 480
A28: มือจับ Align (2/บาน) | B28: =2*$F$3 -> 4 | C28: 99 | D28: =B28*C28 -> 396
A29: ชุดล็อค | B29: =$F$4 -> 2 | C29: 189 | D29: =B29*C29 -> 378
A30: มุมเลื่อน (8/บาน) | B30: =8*B4 -> 24 | C30: 2 | D30: =B30*C30 -> 48
A31: สปริงก็อต (4/บาน) | B31: =4*B4 -> 12 | C31: 29 | D31: =B31*C31 -> 348
A32: สักหลาด (ม.) | B32: =6*(B3/100)+9*(B2/100)+2*($F$5+$F$6)*(B3/100) -> 96 | C32: 1.5 | D32: =B32*C32 -> 144
A33: น็อต | B33: =8+4*B4 -> 20 | C33: 1 | D33: =B33*C33 -> 20
A34: ซิลิโคน (หลอด) ใน+นอก | B34: =ROUNDUP(2*((B2/100)+(B3/100))*2/12.5,0) -> 3 | C34: =B8 -> 90 | D34: =B34*C34 -> 270
A35: ค่าเปิดตู้อบ | B35: =IF(OR(F9="สีอบพิเศษ",F9="สีลายไม้อบพิเศษ"),1,0) -> 0 | C35: 2000 | D35: =B35*C35 -> 0 | E35: สีอบพิเศษ / ลายไม้อบพิเศษ เท่านั้น
A36: ทุนรวม | D36: =SUM(D11:D35)+D57+D64+D65+D66+D67 -> 28434.4
A37: ทุน/ตร.ม. | D37: =IFERROR(D36/B6,0) -> 1579.6889
A38: ราคาขาย/ตร.ม. (ทุน+กำไร%) | D38: =ROUNDUP(D36*(1+B7/100)/100,0)*100 -> 56900
A39: %กำไรจริง | D39: =IFERROR((D38-D36)/D36,0) -> 1.0010973
A40: ราคาขายรวม/ชุด | D40: =D38 -> 56900
A42: — ผูกค่าแรง (ราคาขายรวมค่าแรง) —
A43: ค่าแรงผลิต (จากชีทค่าแรง) | D43: =MAX(0,VLOOKUP("บานเลื่อน ยูโร",ค่าแรง!$A$12:$E$27,2,0)+VLOOKUP("บานเลื่อน ยูโร",ค่าแรง!$A$12:$E$27,3,0)*B6) -> 805.2
A44: ค่าแรงติดตั้ง (จากชีทค่าแรง) | D44: =MAX(0,VLOOKUP("บานเลื่อน ยูโร",ค่าแรง!$A$12:$E$27,4,0)+VLOOKUP("บานเลื่อน ยูโร",ค่าแรง!$A$12:$E$27,5,0)*B6) -> 717.2
A45: กำไรติดตั้ง % → | B45: 100
A46: ราคาขาย ผลิตอย่างเดียว | D46: =ROUNDUP((D36+D43+D68)*(1+B7/100)/100,0)*100 -> 58500
A47: ราคาขาย ผลิต+ติดตั้ง | D47: =D46+ROUNDUP((D44+D69)*(1+B45/100)/100,0)*100 -> 60000
A48: %กำไรจริง (ผลิต+ติดตั้ง) | D48: =(D47-(D36+D43+D44+D68+D69))/(D36+D43+D44+D68+D69) -> 1.0028842
A50: — ชุด auto (ออปชั่น) — บวกเข้าทุน × กำไร%
A51: ใส่ auto? → | B51: ไม่มี | F51: Evecca base | G51: =INDEX(ราคาออโต้!$C:$C,MATCH("Evecca (จีน)",ราคาออโต้!$B:$B,0)) -> 13480
A52: ชุด auto → | B52: Evecca (จีน) | F52: สายพาน/ม | G52: =INDEX(ราคาออโต้!$C:$C,MATCH("สายพาน Evecca",ราคาออโต้!$B:$B,0)) -> 75
A53: ออป Smart lock (Evecca) → | B53: ไม่มี | F53: ส่ง Evecca | G53: =INDEX(ราคาออโต้!$D:$D,MATCH("Evecca (จีน)",ราคาออโต้!$B:$B,0)) -> 1700
A54: ออป Touch (ช่างแซก) → | B54: ไม่มี | F54: Smart lock | G54: =INDEX(ราคาออโต้!$C:$C,MATCH("ออป Smart lock",ราคาออโต้!$B:$B,0)) -> 6500
A55: ออป Infrared (ช่างแซก) → | B55: ไม่มี | F55: ช่างแซก base | G55: =INDEX(ราคาออโต้!$C:$C,MATCH("ช่างแซก",ราคาออโต้!$B:$B,0)) -> 8000
F56: เซฟตี้ตาแมว | G56: =INDEX(ราคาออโต้!$C:$C,MATCH("เซฟตี้ตาแมว (บังคับช่างแซก)",ราคาออโต้!$B:$B,0)) -> 1000
A57: ทุนชุด auto | D57: =IF(B51="ไม่มี",0,IF(B52="Evecca (จีน)",G51+ROUND(G52*B2*2/100,0)+G53+IF(B53="มี",G54,0),(G55+G56+ROUND(G57*B2/100,0)+IF(B54="มี",G58,0)+IF(B55="มี",G59,0))*IF(B5="เปิดคู่กลาง",1,MIN(B4,3)))) -> 0 | F57: ราง/ม | G57: =INDEX(ราคาออโต้!$C:$C,MATCH("ราง ช่างแซก",ราคาออโต้!$B:$B,0)) -> 950
F58: Touch | G58: =INDEX(ราคาออโต้!$C:$C,MATCH("ออป Touch Switch (ช่างแซก)",ราคาออโต้!$B:$B,0)) -> 1000
F59: Infrared | G59: =INDEX(ราคาออโต้!$C:$C,MATCH("ออป Infrared (ช่างแซก)",ราคาออโต้!$B:$B,0)) -> 9000
A61: — มุ้ง (ออปชั่น) — บวกเข้าทุน —
A62: เลือกมุ้ง → | B62: ไม่มีมุ้ง | C62: =IF(B62="ไม่มีมุ้ง","—",IF(H63=1,"✓ ใช้ได้","⚠ ใช้กับบานนี้ไม่ได้(ทุน=0)")) -> — | D62: =IF(B62="ไม่มีมุ้ง","",H68&" บาน") | H62: =IFERROR(VLOOKUP(B62,ราคามุ้ง!$A$2:$O$15,3,0),"")
A63: ชนิดผ้า / สี → | B63: ไฟเบอร์ | C63: เทา | H63: =IF(B62="ไม่มีมุ้ง",0,IF(OR(IFERROR(VLOOKUP(B62,ราคามุ้ง!$A$2:$O$15,4,0),"ALL")="ALL",ISNUMBER(SEARCH("ยูโร",IFERROR(VLOOKUP(B62,ราคามุ้ง!$A$2:$O$15,4,0),"")))),1,0)) -> 0
A64: › เสา (เส้น 6ม.) | B64: =IF(AND(H63=1,H64=1),ROUND(H68*2*H67/6,2),0) -> 0 | C64: =IF(B62="มุ้งเฟรมเล็ก",ราคามุ้ง!$B$19,IF(B62="มุ้งเฟรมใหญ่",ROUND(C11*mult_euro,0),IF(B62="มุ้งนิรภัย",ราคามุ้ง!$B$21,0))) -> 0 | D64: =ROUND(B64*C64,0) -> 0 | H64: =IF(OR(B62="มุ้งเฟรมเล็ก",B62="มุ้งเฟรมใหญ่",B62="มุ้งนิรภัย"),1,0) -> 0
A65: › ขวาง (เส้น 6ม.) | B65: =IF(AND(H63=1,H64=1),ROUND(H68*2*H66/6,2),0) -> 0 | C65: =IF(B62="มุ้งเฟรมเล็ก",ราคามุ้ง!$B$19,IF(B62="มุ้งเฟรมใหญ่",ROUND(C11*mult_euro,0),IF(B62="มุ้งนิรภัย",ราคามุ้ง!$B$21,0))) -> 0 | D65: =ROUND(B65*C65,0) -> 0 | H65: =IFERROR(VLOOKUP(B63,ราคามุ้ง!$I$2:$J$5,2,0),0) -> 23
A66: › ยางอัด (ม.) | B66: =IF(AND(H63=1,H64=1),ROUND(H68*2*(H66+H67),2),0) -> 0 | C66: =ราคามุ้ง!$D$19 -> 5 | D66: =ROUND(B66*C66,0) -> 0 | H66: =B2/(B4*100) -> 2
A67: › ผ้า / มุ้งสำเร็จ | B67: =IF(H63=0,0,ROUND(H68*H66*H67,2)) -> 0 | C67: =IF(B62="มุ้งนิรภัย",650,IF(OR(B62="มุ้งเฟรมเล็ก",B62="มุ้งเฟรมใหญ่"),H65,IF(H62="ซื้อสำเร็จ",IFERROR(VLOOKUP(B62,ราคามุ้ง!$A$2:$O$15,2,0),0),0))) -> 0 | D67: =ROUND(B67*C67,0) -> 0 | H67: =B3/100 -> 3
A68: › ค่าแรงผลิตมุ้ง | D68: =IF(H63=0,0,ROUND(H68*(VLOOKUP(B62,ราคามุ้ง!$A$2:$O$15,12,0)+VLOOKUP(B62,ราคามุ้ง!$A$2:$O$15,13,0)*H66*H67),0)) -> 0 | H68: =IF(AND(B5="อิสระ",B4=2),1,F2) -> 3
A69: › ค่าแรงติดตั้งมุ้ง | D69: =IF(H63=0,0,ROUND(H68*(VLOOKUP(B62,ราคามุ้ง!$A$2:$O$15,14,0)+VLOOKUP(B62,ราคามุ้ง!$A$2:$O$15,15,0)*H66*H67),0)) -> 0
A70: รวมราคามุ้ง (บวกเข้าทุนแล้ว) | D70: =SUM(D64:D69) -> 0
A78: 🔍 แยกก้อนต้นทุน
A79: ทุนอลู (×ราคา/กก.) | B79: =D11+D13+D14+D15+D16+D17+D18+D19+D20+D21+D22+D23+D24+D25+D34 -> 20710
A80: ทุนกระจก | B80: =D12+D26 -> 5910.4
A81: ทุนอุปกรณ์+ซิลิโคน | B81: =D27+D28+D29+D30+D31+D32+D33+D35 -> 1814
A82: รวมวัสดุ | B82: =B79+B80+B81 -> 28434.4

Sheet คิดทุน SlimLux
A1: คิดทุนบานเลื่อน SlimLux — เลือกรูปแบบ + จำนวนบาน | G1: 🏠 สารบัญ | AA1: เทมเปอร์ 6มม.
A2: รูปแบบ → | B2: อิสระ | E2: =B2&"-"&B3 -> อิสระ-2 | AA2: เทมเปอร์ใสพิเศษ 6มม.
A3: จำนวนบาน → | B3: 2 | AA3: เทมเปอร์ฝ้า 6มม.
A4: กว้างรวม (ซม.) → | B4: 200 | AA4: เทมเปอร์ฝ้า 8มม.
A5: สูง (ซม.) → | B5: 200 | AA5: เทมเปอร์ยูโรเกรย์ 4มม.
A6: พื้นที่ (ตร.ม.) = | B6: =(B4/100)*(B5/100) -> 4 | AA6: เทมเปอร์ยูโรเกรย์ 5มม.
A7: มือจับ → | B7: มือจับล็อค | AA7: เทมเปอร์ยูโรเกรย์ 6มม.
A8: บวกกำไร % → | B8: 100 | AA8: เทมเปอร์ยูโรบรอนซ์ 5มม.
A9: ราคาซิลิโคน/หลอด → | B9: 90 | AA9: เทมเปอร์ยูโรบรอนซ์ 6มม.
A10: กระจก → | B10: เทมเปอร์ 6มม. | C10: =INDEX(ราคาวัสดุกลาง!$I$2:$I$106,MATCH(B10,ราคาวัสดุกลาง!$H$2:$H$106,0)) -> 403 | D10: ← ราคากระจก/ตร.ม. (อัตโนมัติ) | E10: สี → | F10: สีอบขาว/ดำ | G10: =IF(F10="สีอบขาว/ดำ",180,IF(F10="เทาซาฮาร่า",ROUND(180*1.09,0),IF(F10="ลายไม้ stock",ROUND(180*1.6,0),IF(F10="สีอบพิเศษ",140,160)))) -> 180 | AA10: เทมเปอร์ reflective เทา 6มม.
A11: วัสดุ | B11: จำนวน | C11: ราคา/หน่วย | D11: ทุน(บาท) | AA11: เทมเปอร์ reflective เขียว 6มม.
A12: ขวางบน/ล่าง (WM-K04) | B12: =IFERROR(INDEX($H$40:$H$48,MATCH($E$2,$G$40:$G$48,0)),0) -> 1 | C12: =IF(F10="สีอบขาว/ดำ",733,IF(F10="เทาซาฮาร่า",733+rate_grey*4.7,733+IF(F10="สีอบพิเศษ",rate_special,rate_woodbake)*4.7)) -> 733 | D12: =B12*C12*mult_slim -> 733 | AA12: เทมเปอร์ reflective ฟ้า 6มม.
A13: เสาบาน (WM-K01) | B13: =IFERROR(INDEX($I$40:$I$48,MATCH($E$2,$G$40:$G$48,0)),0) -> 2 | C13: =IF(F10="สีอบขาว/ดำ",500,IF(F10="เทาซาฮาร่า",500+rate_grey*2.95,500+IF(F10="สีอบพิเศษ",rate_special,rate_woodbake)*2.95)) -> 500 | D13: =B13*C13*mult_slim -> 1000 | AA13: เทมเปอร์ 8มม.
A14: ตบเรียบ (WM-K02) | B14: =IFERROR(INDEX($J$40:$J$48,MATCH($E$2,$G$40:$G$48,0)),0) -> 1 | C14: =IF(F10="สีอบขาว/ดำ",343,IF(F10="เทาซาฮาร่า",343+rate_grey*1.57,343+IF(F10="สีอบพิเศษ",rate_special,rate_woodbake)*1.57)) -> 343 | D14: =B14*C14*mult_slim -> 343 | AA14: เทมเปอร์สีชาดำ 6มม.
A15: ตบเกี่ยว (WM-K03) | B15: =IFERROR(INDEX($K$40:$K$48,MATCH($E$2,$G$40:$G$48,0)),0) -> 1 | C15: =IF(F10="สีอบขาว/ดำ",343,IF(F10="เทาซาฮาร่า",343+rate_grey*1.69,343+IF(F10="สีอบพิเศษ",rate_special,rate_woodbake)*1.69)) -> 343 | D15: =B15*C15*mult_slim -> 343 | AA15: เทมเปอร์สีฟ้า 6มม.
A16: รางแขวน (WM-K15) | B16: =IFERROR(INDEX($L$40:$L$48,MATCH($E$2,$G$40:$G$48,0)),0) -> 1 | C16: 988 | D16: =B16*C16 -> 988 | AA16: เทมเปอร์ใสพิเศษ 8มม.
A17: ฝาล่างเล็ก (WM-K20) | B17: =IFERROR(INDEX($M$40:$M$48,MATCH($E$2,$G$40:$G$48,0)),0) -> 1 | C17: =IF(F10="สีอบขาว/ดำ",197,IF(F10="เทาซาฮาร่า",197+rate_grey*0.5,197+IF(F10="สีอบพิเศษ",rate_special,rate_woodbake)*0.5)) -> 197 | D17: =B17*C17*mult_slim -> 197 | AA17: เทมเปอร์ใส 6มม.
A18: ฝาล่างใหญ่ (WM-K21A) | B18: =IFERROR(INDEX($N$40:$N$48,MATCH($E$2,$G$40:$G$48,0)),0) -> 1 | C18: =IF(F10="สีอบขาว/ดำ",233,IF(F10="เทาซาฮาร่า",233+rate_grey*0.8,233+IF(F10="สีอบพิเศษ",rate_special,rate_woodbake)*0.8)) -> 233 | D18: =B18*C18*mult_slim -> 233 | AA18: เทมเปอร์ใส 8มม.
A19: ฉากปิดราง | B19: =IFERROR(INDEX($O$40:$O$48,MATCH($E$2,$G$40:$G$48,0)),0) -> 1 | C19: =IF(F10="สีอบขาว/ดำ",320,IF(F10="เทาซาฮาร่า",320+rate_grey*1,320+IF(F10="สีอบพิเศษ",rate_special,rate_woodbake)*1)) -> 320 | D19: =B19*C19*mult_slim -> 320 | AA19: เทมเปอร์ยูโรบรอนซ์ 8มม.
A20: กล่องเฟรม/คาน | B20: =IFERROR(INDEX($P$40:$P$48,MATCH($E$2,$G$40:$G$48,0)),0) -> 2 | C20: =IF(F10="สีอบขาว/ดำ",1400,IF(F10="เทาซาฮาร่า",1400+rate_grey*5.98,1400+IF(F10="สีอบพิเศษ",rate_special,rate_woodbake)*5.98)) -> 1400 | D20: =B20*C20*mult_slim -> 2800 | AA20: เทมเปอร์ใสพ่นสีขาว 6มม.
A21: 9072 หัวบาน | B21: =IFERROR(INDEX($Q$40:$Q$48,MATCH($E$2,$G$40:$G$48,0)),0) -> 2 | C21: 750 | D21: =B21*C21 -> 1500 | AA21: เทมเปอร์ใสพ่นสีขาว 8มม.
A22: 9073 กลางบาน | B22: =IFERROR(INDEX($R$40:$R$48,MATCH($E$2,$G$40:$G$48,0)),0) -> 1 | C22: 850 | D22: =B22*C22 -> 850
A23: ตัวต่อ+สักหลาด (ชุด) | B23: =IFERROR(INDEX($T$40:$T$48,MATCH($E$2,$G$40:$G$48,0)),0) -> 1 | C23: 100 | D23: =B23*C23 -> 100
A24: ข้อต่อบาน | B24: =IFERROR(INDEX($U$40:$U$48,MATCH($E$2,$G$40:$G$48,0)),0) -> 8 | C24: 42 | D24: =B24*C24 -> 336
A25: ล้อล่าง (ตัว) | B25: =IFERROR(INDEX($V$40:$V$48,MATCH($E$2,$G$40:$G$48,0)),0) -> 4 | C25: 100 | D25: =B25*C25 -> 400
A26: soft close (ชุด) | B26: =IFERROR(INDEX($W$40:$W$48,MATCH($E$2,$G$40:$G$48,0)),0) -> 2 | C26: 650 | D26: =B26*C26 -> 1300
A27: สลิง (ชุด) | B27: =IFERROR(INDEX($X$40:$X$48,MATCH($E$2,$G$40:$G$48,0)),0) -> 0 | C27: 700 | D27: =B27*C27 -> 0
A28: มือจับ | B28: =IFERROR(INDEX($S$40:$S$48,MATCH($E$2,$G$40:$G$48,0)),0) -> 2 | C28: =IF(B7="มือจับล็อค",200,IF(B7="X-J",860,0)) -> 200 | D28: =B28*C28 -> 400 | E28: มือจับล็อค=200/ชุด · X-J=860/บาน · ลูกค้าเตรียมเอง=0
A29: ซิลิโคน (หลอด) | B29: =ROUNDUP(2*(B4+B5)/100*2/12.5,0) -> 2 | C29: =B9 -> 90 | D29: =B29*C29 -> 180
A30: กระจก (ตร.ม.) | B30: =B6 -> 4 | C30: =INDEX(ราคาวัสดุกลาง!$I$2:$I$106,MATCH(B10,ราคาวัสดุกลาง!$H$2:$H$106,0)) -> 403 | D30: =B30*C30 -> 1612
A31: ค่าเปิดตู้อบ | B31: =IF(OR(F10="สีอบพิเศษ",F10="สีลายไม้อบพิเศษ"),1,0) -> 0 | C31: 2000 | D31: =B31*C31 -> 0 | E31: สีอบพิเศษ / ลายไม้อบพิเศษ เท่านั้น
A32: ทุนรวม | D32: =SUM(D12:D31)+D58+D63+D64+D65+D66 -> 13635
A33: ทุน/ตร.ม. | D33: =IFERROR(D32/B6,0) -> 3408.75
A34: ราคาขาย/ตร.ม. (markup%) | D34: =ROUNDUP(D32*(1+B8/100)/100,0)*100 -> 27300
A35: ราคาขายรวม/ชุด | D35: =D34 -> 27300
A36: %กำไรจริง (บนทุน) | D36: =IFERROR((D34-D32)/D32,0) -> 1.0022002
A37: อิสระ: 2/3/4/5 บาน · ลากจูง: 3/4/5 บาน · เปิดคู่กลาง: 4/6 บาน
A39: — ผูกค่าแรง (ราคาขายรวมค่าแรง) —
A40: ค่าแรงผลิต (จากชีทค่าแรง) | D40: =MAX(0,VLOOKUP("SlimLux",ค่าแรง!$A$12:$E$27,2,0)+VLOOKUP("SlimLux",ค่าแรง!$A$12:$E$27,3,0)*B6) -> 765.6
A41: ค่าแรงติดตั้ง (จากชีทค่าแรง) | D41: =MAX(0,VLOOKUP("SlimLux",ค่าแรง!$A$12:$E$27,4,0)+VLOOKUP("SlimLux",ค่าแรง!$A$12:$E$27,5,0)*B6) -> 765.6 | G41: อิสระ-2 | H41: 1 | I41: 2 | J41: 1 | K41: 1 | L41: 1 | M41: 1 | N41: 1 | O41: 1 | P41: 2 | Q41: 2 | R41: 1 | S41: 2 | T41: 1 | U41: 8 | V41: 4 | W41: 2 | X41: 0
A42: กำไรติดตั้ง % → | B42: 100 | G42: อิสระ-3 | H42: 1 | I42: 3 | J42: 1 | K42: 2 | L42: 2 | M42: 2 | N42: 1 | O42: 1 | P42: 2 | Q42: 2 | R42: 1 | S42: 1 | T42: 1 | U42: 12 | V42: 6 | W42: 2 | X42: 1
A43: ราคาขาย ผลิตอย่างเดียว | D43: =ROUNDUP((D32+D40+D67)*(1+B8/100)/100,0)*100 -> 28900 | G43: อิสระ-4 | H43: 2 | I43: 4 | J43: 1 | K43: 3 | L43: 3 | M43: 2 | N43: 2 | O43: 2 | P43: 2 | Q43: 2 | R43: 1 | S43: 1 | T43: 1 | U43: 16 | V43: 8 | W43: 2 | X43: 1
A44: ราคาขาย ผลิต+ติดตั้ง | D44: =D43+ROUNDUP((D41+D68)*(1+B42/100)/100,0)*100 -> 30500 | G44: อิสระ-5 | H44: 2 | I44: 5 | J44: 1 | K44: 4 | L44: 4 | M44: 2 | N44: 3 | O44: 2 | P44: 3 | Q44: 2 | R44: 2 | S44: 1 | T44: 1 | U44: 20 | V44: 10 | W44: 2 | X44: 1
A45: %กำไรจริง (ผลิต+ติดตั้ง) | D45: =(D44-(D32+D40+D41+D67+D68))/(D32+D40+D41+D67+D68) -> 1.0110509 | G45: ลากจูง-3 | H45: 1 | I45: 3 | J45: 1 | K45: 1 | L45: 2 | M45: 1 | N45: 1 | O45: 1 | P45: 2 | Q45: 1 | R45: 1 | S45: 1 | T45: 1 | U45: 8 | V45: 4 | W45: 1 | X45: 1
G46: ลากจูง-4 | H46: 2 | I46: 4 | J46: 1 | K46: 2 | L46: 3 | M46: 2 | N46: 2 | O46: 2 | P46: 2 | Q46: 1 | R46: 1 | S46: 1 | T46: 1 | U46: 12 | V46: 6 | W46: 1 | X46: 1
G47: ลากจูง-5 | H47: 2 | I47: 5 | J47: 1 | K47: 3 | L47: 4 | M47: 2 | N47: 2 | O47: 2 | P47: 2 | Q47: 1 | R47: 2 | S47: 1 | T47: 1 | U47: 16 | V47: 8 | W47: 1 | X47: 1
G48: เปิดคู่กลาง-4 | H48: 2 | I48: 4 | J48: 2 | K48: 2 | L48: 2 | M48: 1 | N48: 2 | O48: 2 | P48: 2 | Q48: 2 | R48: 1 | S48: 2 | T48: 1 | U48: 8 | V48: 4 | W48: 2 | X48: 0
G49: เปิดคู่กลาง-6 | H49: 2 | I49: 6 | J49: 2 | K49: 4 | L49: 4 | M49: 2 | N49: 3 | O49: 2 | P49: 2 | Q49: 2 | R49: 1 | S49: 2 | T49: 1 | U49: 16 | V49: 8 | W49: 2 | X49: 1
A51: — ชุด auto (ออปชั่น) — บวกเข้าทุน × กำไร%
A52: ใส่ auto? → | B52: ไม่มี
A53: ชุด auto → | B53: ชุด SlimLux
A54: ออป SlimLux (บังคับเลือก1) → | B54: สแกนหน้า
A55: ออป Touch (ช่างแซก) → | B55: ไม่มี
A56: ออป Infrared (ช่างแซก) → | B56: ไม่มี
A58: ทุนชุด auto | D58: =IF(B52="ไม่มี",0,IF(B53="ชุด SlimLux",INDEX(ราคาออโต้!$C:$C,MATCH("ชุด SlimLux (บานแรก)",ราคาออโต้!$B:$B,0))+INDEX(ราคาออโต้!$C:$C,MATCH("บานเพิ่ม",ราคาออโต้!$B:$B,0))*(B3-1)+ROUND(INDEX(ราคาออโต้!$C:$C,MATCH("ราง SlimLux",ราคาออโต้!$B:$B,0))*B4/100*B3,0)+IF(B54="สแกนหน้า",INDEX(ราคาออโต้!$C:$C,MATCH("ออป สแกนหน้า (บังคับเลือก1)",ราคาออโต้!$B:$B,0)),INDEX(ราคาออโต้!$C:$C,MATCH("ออป Touch Switch (บังคับเลือก1)",ราคาออโต้!$B:$B,0)))+INDEX(ราคาออโต้!$D:$D,MATCH("ชุด SlimLux (บานแรก)",ราคาออโต้!$B:$B,0)),INDEX(ราคาออโต้!$C:$C,MATCH("ช่างแซก",ราคาออโต้!$B:$B,0))+INDEX(ราคาออโต้!$C:$C,MATCH("เซฟตี้ตาแมว (บังคับช่างแซก)",ราคาออโต้!$B:$B,0))+ROUND(INDEX(ราคาออโต้!$C:$C,MATCH("ราง ช่างแซก",ราคาออโต้!$B:$B,0))*B4/100,0)+IF(B55="มี",INDEX(ราคาออโต้!$C:$C,MATCH("ออป Touch Switch (ช่างแซก)",ราคาออโต้!$B:$B,0)),0)+IF(B56="มี",INDEX(ราคาออโต้!$C:$C,MATCH("ออป Infrared (ช่างแซก)",ราคาออโต้!$B:$B,0)),0))) -> 0
A60: — มุ้ง (ออปชั่น) — บวกเข้าทุน —
A61: เลือกมุ้ง → | B61: ไม่มีมุ้ง | C61: =IF(B61="ไม่มีมุ้ง","—",IF(AC62=1,"✓ ใช้ได้","⚠ ใช้กับบานนี้ไม่ได้(ทุน=0)")) -> — | D61: =IF(B61="ไม่มีมุ้ง","",AC67&" บาน") | AC61: =IFERROR(VLOOKUP(B61,ราคามุ้ง!$A$2:$O$15,3,0),"")
A62: ชนิดผ้า / สี → | B62: ไฟเบอร์ | C62: เทา | AC62: =IF(B61="ไม่มีมุ้ง",0,IF(OR(IFERROR(VLOOKUP(B61,ราคามุ้ง!$A$2:$O$15,4,0),"ALL")="ALL",ISNUMBER(SEARCH("SlimLux",IFERROR(VLOOKUP(B61,ราคามุ้ง!$A$2:$O$15,4,0),"")))),1,0)) -> 0
A63: › เสา (เส้น 6ม.) | B63: =IF(AND(AC62=1,AC63=1),ROUND(AC67*2*AC66/6,2),0) -> 0 | C63: =IF(B61="มุ้งเฟรมเล็ก",ราคามุ้ง!$B$19,IF(B61="มุ้งเฟรมใหญ่",0,IF(B61="มุ้งนิรภัย",ราคามุ้ง!$B$21,0))) -> 0 | D63: =ROUND(B63*C63,0) -> 0 | AC63: =IF(OR(B61="มุ้งเฟรมเล็ก",B61="มุ้งเฟรมใหญ่",B61="มุ้งนิรภัย"),1,0) -> 0
A64: › ขวาง (เส้น 6ม.) | B64: =IF(AND(AC62=1,AC63=1),ROUND(AC67*2*AC65/6,2),0) -> 0 | C64: =IF(B61="มุ้งเฟรมเล็ก",ราคามุ้ง!$B$19,IF(B61="มุ้งเฟรมใหญ่",0,IF(B61="มุ้งนิรภัย",ราคามุ้ง!$B$21,0))) -> 0 | D64: =ROUND(B64*C64,0) -> 0 | AC64: =IFERROR(VLOOKUP(B62,ราคามุ้ง!$I$2:$J$5,2,0),0) -> 23
A65: › ยางอัด (ม.) | B65: =IF(AND(AC62=1,AC63=1),ROUND(AC67*2*(AC65+AC66),2),0) -> 0 | C65: =ราคามุ้ง!$D$19 -> 5 | D65: =ROUND(B65*C65,0) -> 0 | AC65: =IF(AC67>0,B4/(AC67*100),0) -> 2
A66: › ผ้า / มุ้งสำเร็จ | B66: =IF(AC62=0,0,ROUND(AC67*AC65*AC66,2)) -> 0 | C66: =IF(B61="มุ้งนิรภัย",650,IF(OR(B61="มุ้งเฟรมเล็ก",B61="มุ้งเฟรมใหญ่"),AC64,IF(AC61="ซื้อสำเร็จ",IFERROR(VLOOKUP(B61,ราคามุ้ง!$A$2:$O$15,2,0),0),0))) -> 0 | D66: =ROUND(B66*C66,0) -> 0 | AC66: =B5/100 -> 2
A67: › ค่าแรงผลิตมุ้ง | D67: =IF(AC62=0,0,ROUND(AC67*(VLOOKUP(B61,ราคามุ้ง!$A$2:$O$15,12,0)+VLOOKUP(B61,ราคามุ้ง!$A$2:$O$15,13,0)*AC65*AC66),0)) -> 0 | AC67: =IF(AND(B2="อิสระ",B3=2),1,IF(B2="อิสระ",B3,IF(B2="ลากจูง",B3-1,B3-2))) -> 1
A68: › ค่าแรงติดตั้งมุ้ง | D68: =IF(AC62=0,0,ROUND(AC67*(VLOOKUP(B61,ราคามุ้ง!$A$2:$O$15,14,0)+VLOOKUP(B61,ราคามุ้ง!$A$2:$O$15,15,0)*AC65*AC66),0)) -> 0
A69: รวมราคามุ้ง (บวกเข้าทุนแล้ว) | D69: =SUM(D63:D68) -> 0
A77: 🔍 แยกก้อนต้นทุน
A78: ทุนอลู (×ราคา/กก.) | B78: =D12+D13+D14+D15+D16+D17+D18+D19+D20 -> 6957
A79: ทุนกระจก | B79: =D30 -> 1612
A80: ทุนอุปกรณ์+ซิลิโคน | B80: =D21+D22+D23+D24+D25+D26+D27+D28+D29+D31 -> 5066
A81: รวมวัสดุ | B81: =B78+B79+B80 -> 13635

Sheet คิดทุน บานเลื่อนรางบน
A1: คิดทุน บานเลื่อนรางบน (Hafele · เลื่อนซ้อน) — ข้อ14 | G1: 🏠 สารบัญ
A2: กว้างช่อง (ซม.) → | B2: 360 | E2: กว้าง/บาน= | F2: =B2/B4 -> 180
A3: สูงช่อง (ซม.) → | B3: 240 | E3: พื้นที่ ตร.ม.= | F3: =(B2/100)*(B3/100) -> 8.64
A4: จำนวนบาน → | B4: 2 | E4: ราง/บาน (เส้น6ม.)= | F4: =ROUNDUP(B2*2/600,0) -> 2
A5: สีอลู → | B5: สีอบขาว/ดำ | E5: ราคากระจก/ตร.ม.= | F5: =INDEX(ราคาวัสดุกลาง!$I$2:$I$106,MATCH(B6,ราคาวัสดุกลาง!$H$2:$H$106,0)) -> 264
A6: กระจก → | B6: เขียว 6มม. | E6: สีพิเศษ?= | F6: =IF(OR(B5="สีอบพิเศษ",B5="สีลายไม้อบพิเศษ"),1,0) -> 0
A7: บวกกำไร % → | B7: 100 | E7: เสากุญแจ/เส้น(สี)= | F7: =IF(B5="สีอบขาว/ดำ",885,IF(B5="เทาซาฮาร่า",VLOOKUP("B20051",ราคาสี!$A:$F,5,0),IF(B5="ลายไม้ stock",VLOOKUP("B20051",ราคาสี!$A:$F,6,0),885+IF(B5="สีอบพิเศษ",rate_special,rate_woodbake)*4.91667))) -> 885
A8: ราคาซิลิโคน/หลอด → | B8: 90 | E8: ปัจจัยสีกล่อง= | F8: =IF(B5="สีอบขาว/ดำ",mult_mtong,IF(B5="เทาซาฮาร่า",mult_mtong+rate_grey/192,IF(B5="ลายไม้ stock",mult_mtong+rate_woodstock/192,IF(B5="สีอบพิเศษ",mult_mtong+rate_special/192,mult_mtong+rate_woodbake/192)))) -> 1
A10: รายการวัสดุ | B10: จำนวน | C10: ราคา/หน่วย | D10: ทุน (บาท)
A11: รางบน Hafele (กว้าง×2/บาน · เส้น6ม.) | B11: =F4*B4 -> 4 | C11: 2010 | D11: =B11*C11 -> 8040
A12: ล้อ Hafele (1 กล่อง/บาน) | B12: =B4 -> 2 | C12: 1170 | D12: =B12*C12 -> 2340
A13: เสารับ 1"×4" (1 ต้น · ยาว=สูง) | B13: =ROUNDUP(B3/600,0) -> 1 | C13: =ROUND(905*$F$8/5,0)*5 -> 905 | D13: =B13*C13 -> 905
A14: คานรับราง 1.6"×4" (1 เส้น · ยาว=ราง) | B14: =ROUNDUP(B2*2/600,0) -> 2 | C14: =ROUND(1220*$F$8/5,0)*5 -> 1220 | D14: =B14*C14 -> 2440
A15: กรอบบาน เสากุญแจ 20051 (รอบ4ด้าน×บาน) | B15: =ROUNDUP(2*(B2+B4*B3)/600,0) -> 3 | C15: =ROUND(F7*mult_sms/5,0)*5 -> 885 | D15: =B15*C15 -> 2655
A16: กระจก (ตร.ม.) | B16: =F3 -> 8.64 | C16: =F5 -> 264 | D16: =B16*C16 -> 2280.96
A17: ชนกลางรับบาน (1 ท่อน · ยาว=สูง) | B17: =ROUNDUP(B3/600,0) -> 1 | C17: =ROUND(300*$F$8/5,0)*5 -> 300 | D17: =B17*C17 -> 300
A18: ฉาก 4" ปิดราง (2 ท่อน · ยาว=ราง) | B18: =2*ROUNDUP(B2*2/600,0) -> 4 | C18: =ROUND(280*$F$8/5,0)*5 -> 280 | D18: =B18*C18 -> 1120
A19: มือจับ Align (2/บาน) | B19: =2*B4 -> 4 | C19: 99 | D19: =B19*C19 -> 396
A20: ชุดล็อค (1/บาน) | B20: =B4 -> 2 | C20: 189 | D20: =B20*C20 -> 378
A21: ซิลิโคน (หลอด) ใน+นอก | B21: =ROUNDUP(2*(B2+B3)/100*2/12.5,0) -> 2 | C21: =B8 -> 90 | D21: =B21*C21 -> 180
A22: ค่าเปิดตู้อบ (สีพิเศษ) | B22: =F6 -> 0 | C22: 2000 | D22: =B22*C22 -> 0
A23: ทุนรวม | D23: =SUM(D11:D22) -> 21034.96
A24: ทุน/ตร.ม. | D24: =IFERROR(ROUND(D23/F3,0),0) -> 2435
A25: ราคาขาย/ตร.ม. (ทุน+กำไร%) | D25: =ROUNDUP(D23*(1+B7/100)/100,0)*100 -> 42100
A26: ราคาขายรวม/ชุด | D26: =D25*F3 -> 363744
A27: %กำไรจริง | D27: =IFERROR((D25-D23/F3)/(D23/F3),0) -> 16.292355
A28: หมายเหตุ: เพิ่มบาน=เพิ่มราง+ล้อ (รางบน 1 บาน/ราง) · ราง/ฉาก/คานคิดเส้น 6ม. · เสากุญแจ20051 คิด นน.×ราคา/กก.(mult_sms) ราคาสีในช่อง F7 · ค่าแรงยังไม่รวม (รอเรต)
A30: — ค่าแรง (ผลิต 6ชม×1 · ติดตั้ง 2คน×4ชม · เพิ่ม/ตร.ม. อ้าง SMS) —
A31: ค่าแรงผลิต | D31: =MAX(0,VLOOKUP("บานเลื่อนรางบน",ค่าแรง!$A$12:$E$28,2,0)+VLOOKUP("บานเลื่อนรางบน",ค่าแรง!$A$12:$E$28,3,0)*F3) -> 661.056
A32: ค่าแรงติดตั้ง | D32: =MAX(0,VLOOKUP("บานเลื่อนรางบน",ค่าแรง!$A$12:$E$28,4,0)+VLOOKUP("บานเลื่อนรางบน",ค่าแรง!$A$12:$E$28,5,0)*F3) -> 837.056
A33: ราคาขาย ผลิต+ติดตั้ง (ทุน×2) | D33: =ROUNDUP((D23+D31+D32)*(1+B7/100)/100,0)*100 -> 45100
A41: 🔍 แยกก้อนต้นทุน
A42: ทุนอลู (×ราคา/กก.) | B42: =D11+D12+D13+D14+D15+D18+D21 -> 17680
A43: ทุนกระจก | B43: =D16 -> 2280.96
A44: ทุนอุปกรณ์+ซิลิโคน | B44: =D17+D19+D20+D22 -> 1074
A45: รวมวัสดุ | B45: =B42+B43+B44 -> 21034.96

Sheet คิดทุน บานเปิด
A1: คิดทุนบานเปิด (Fuji, ขาวดำ) — นับเส้นเต็ม | G1: 🏠 สารบัญ
A3: กว้างรวม (ซม.) → | B3: 150
A4: สูง (ซม.) → | B4: 200
A5: จำนวนบาน → | B5: 1
A6: ธรณี (มี/ไม่มี) → | B6: มี
A7: พื้นที่ (ตร.ม.) = | B7: =(B3/100)*(B4/100) -> 3
A8: บวกกำไร % → | B8: 100
A9: ราคาซิลิโคน/หลอด → | B9: 90
A10: กระจก → | B10: เขียว 6มม. | C10: =INDEX(ราคาวัสดุกลาง!$I$2:$I$106,MATCH(B10,ราคาวัสดุกลาง!$H$2:$H$106,0)) -> 264 | D10: ← ราคากระจก/ตร.ม. (อัตโนมัติ) | E10: สี → | F10: สีอบขาว/ดำ | G10: =IF(F10="สีอบขาว/ดำ",180,IF(F10="เทาซาฮาร่า",ROUND(180*1.09,0),IF(F10="ลายไม้ stock",ROUND(180*1.6,0),IF(F10="สีอบพิเศษ",140,160)))) -> 180
A11: วัสดุ | B11: จำนวน | C11: ราคา/หน่วย | D11: ทุน(บาท)
A12: วงกบ 3 ด้าน F7859 | B12: =ROUNDUP((B3+2*B4)/640,0) -> 1 | C12: =IF(F10="สีอบขาว/ดำ",1100,IF(F10="เทาซาฮาร่า",VLOOKUP("F7859",ราคาสี!$A:$F,5,0),IF(F10="ลายไม้ stock",(VLOOKUP("F7859",ราคาสี!$A:$F,6,0)*mult_wood/mult_euro),1100+IF(F10="สีอบพิเศษ",rate_special,rate_woodbake)*6.11111))) -> 1100 | D12: =B12*C12*mult_euro -> 1100
A13: ธรณี F7938B | B13: =IF(B6="มี",ROUNDUP(B3/640,0),0) -> 1 | C13: =IF(F10="สีอบขาว/ดำ",1400,IF(F10="เทาซาฮาร่า",VLOOKUP("F7938B",ราคาสี!$A:$F,5,0),IF(F10="ลายไม้ stock",(VLOOKUP("F7938B",ราคาสี!$A:$F,6,0)*mult_wood/mult_euro),1400+IF(F10="สีอบพิเศษ",rate_special,rate_woodbake)*7.77778))) -> 1400 | D13: =B13*C13*mult_euro -> 1400
A14: ตบธรณี F7960 | B14: =IF(B6="มี",ROUNDUP(B3/640,0),0) -> 1 | C14: =IF(F10="สีอบขาว/ดำ",575,IF(F10="เทาซาฮาร่า",VLOOKUP("F7960",ราคาสี!$A:$F,5,0),IF(F10="ลายไม้ stock",(VLOOKUP("F7960",ราคาสี!$A:$F,6,0)*mult_wood/mult_euro),575+IF(F10="สีอบพิเศษ",rate_special,rate_woodbake)*3.19444))) -> 575 | D14: =B14*C14*mult_euro -> 575
A15: เสริมใต้บาน F7863 | B15: =IF(B6="ไม่มี",ROUNDUP(B3/640,0),0) -> 0 | C15: =IF(F10="สีอบขาว/ดำ",435,IF(F10="เทาซาฮาร่า",435+rate_grey*2.41667,IF(F10="ลายไม้ stock",645,435+IF(F10="สีอบพิเศษ",rate_special,rate_woodbake)*2.41667))) -> 435 | D15: =B15*C15*mult_euro -> 0
A16: กรอบประตู 7864 | B16: =ROUNDUP((2*B5*B4+2*B3)/640,0) -> 2 | C16: =IF(F10="สีอบขาว/ดำ",1995,IF(F10="เทาซาฮาร่า",1995+rate_grey*11.08333,IF(F10="ลายไม้ stock",3170,1995+IF(F10="สีอบพิเศษ",rate_special,rate_woodbake)*11.08333))) -> 1995 | D16: =B16*C16*mult_euro -> 3990
A17: คิ้ว F7935 | B17: =ROUNDUP((2*B5*B4+2*B3)/640,0) -> 2 | C17: =IF(F10="สีอบขาว/ดำ",360,IF(F10="เทาซาฮาร่า",360+rate_grey*2,IF(F10="ลายไม้ stock",570,360+IF(F10="สีอบพิเศษ",rate_special,rate_woodbake)*2))) -> 360 | D17: =B17*C17*mult_euro -> 720
A18: เปิดกลาง F7945c | B18: =IF(B5>1,1,0) -> 0 | C18: =IF(F10="สีอบขาว/ดำ",775,IF(F10="เทาซาฮาร่า",775+rate_grey*4.30556,IF(F10="ลายไม้ stock",1080,775+IF(F10="สีอบพิเศษ",rate_special,rate_woodbake)*4.30556))) -> 775 | D18: =B18*C18*mult_euro -> 0
A19: บานพับ hyda | B19: =IF(OR(B4>300,B3/B5>120),5,4)*B5 -> 5 | C19: 117 | D19: =B19*C19 -> 585
A20: มือจับ+ล็อค ใบหลัก | B20: =1 -> 1 | C20: 1045 | D20: =B20*C20 -> 1045
A21: ชุดกลอน ใบลอง | B21: =MAX(B5-1,0) -> 0 | C21: 450 | D21: =B21*C21 -> 0
A22: น็อตเฟรม | B22: =IF(B6="มี",8,6) -> 8 | C22: 1 | D22: =B22*C22 -> 8
A23: ยาง (ม.) | B23: =ROUND(2*(B3+B4)/100*B5,0) -> 7 | C23: 11 | D23: =B23*C23 -> 77
A24: กระจก (ตร.ม.) | B24: =B7 -> 3 | C24: =INDEX(ราคาวัสดุกลาง!$I$2:$I$106,MATCH(B10,ราคาวัสดุกลาง!$H$2:$H$106,0)) -> 264 | D24: =B24*C24 -> 792
A25: ซิลิโคน (หลอด) ใน+นอก | B25: =ROUNDUP(2*(B3+B4)/100*2/12.5,0) -> 2 | C25: =B9 -> 90 | D25: =B25*C25 -> 180
A26: ค่าเปิดตู้อบ | B26: =IF(OR(F10="สีอบพิเศษ",F10="สีลายไม้อบพิเศษ"),1,0) -> 0 | C26: 2000 | D26: =B26*C26 -> 0 | E26: สีอบพิเศษ / ลายไม้อบพิเศษ เท่านั้น
A27: ทุนรวม | D27: =SUM(D12:D26)+D46+D47+D48+D49 -> 10472
A28: ทุน/ตร.ม. | D28: =IFERROR(D27/B7,0) -> 3490.6667
A29: ราคาขาย/ตร.ม. (ทุน+กำไร%) | D29: =ROUNDUP(D27*(1+B8/100)/100,0)*100 -> 21000
A30: ราคาขายรวม/ชุด | D30: =D29 -> 21000
A31: %กำไรจริง (บนทุน) | D31: =IFERROR((D29-D27)/D27,0) -> 1.0053476
A35: — ผูกค่าแรง (ราคาขายรวมค่าแรง) —
A36: ค่าแรงผลิต (จากชีทค่าแรง) | D36: =MAX(0,VLOOKUP("บานเปิด (ยูโร)",ค่าแรง!$A$12:$E$27,2,0)+VLOOKUP("บานเปิด (ยูโร)",ค่าแรง!$A$12:$E$27,3,0)*B7) -> 574.2
A37: ค่าแรงติดตั้ง (จากชีทค่าแรง) | D37: =MAX(0,VLOOKUP("บานเปิด (ยูโร)",ค่าแรง!$A$12:$E$27,4,0)+VLOOKUP("บานเปิด (ยูโร)",ค่าแรง!$A$12:$E$27,5,0)*B7) -> 486.2
A38: กำไรติดตั้ง % → | B38: 100
A39: ราคาขาย ผลิตอย่างเดียว | D39: =ROUNDUP((D27+D36+D50)*(1+B8/100)/100,0)*100 -> 22100
A40: ราคาขาย ผลิต+ติดตั้ง | D40: =D39+ROUNDUP((D37+D51)*(1+B38/100)/100,0)*100 -> 23100
A41: %กำไรจริง (ผลิต+ติดตั้ง) | D41: =(D40-(D27+D36+D37+D50+D51))/(D27+D36+D37+D50+D51) -> 1.0030523
A43: — มุ้ง (ออปชั่น) — บวกเข้าทุน —
A44: เลือกมุ้ง → | B44: ไม่มีมุ้ง | C44: =IF(B44="ไม่มีมุ้ง","—",IF(H45=1,"✓ ใช้ได้","⚠ ใช้กับบานนี้ไม่ได้(ทุน=0)")) -> — | D44: =IF(B44="ไม่มีมุ้ง","",H50&" บาน") | H44: =IFERROR(VLOOKUP(B44,ราคามุ้ง!$A$2:$O$15,3,0),"")
A45: ชนิดผ้า / สี → | B45: ไฟเบอร์ | C45: เทา | H45: =IF(B44="ไม่มีมุ้ง",0,IF(OR(IFERROR(VLOOKUP(B44,ราคามุ้ง!$A$2:$O$15,4,0),"ALL")="ALL",ISNUMBER(SEARCH("เปิด",IFERROR(VLOOKUP(B44,ราคามุ้ง!$A$2:$O$15,4,0),"")))),1,0)) -> 0
A46: › เสา (เส้น 6ม.) | B46: =IF(AND(H45=1,H46=1),ROUND(H50*2*H49/6,2),0) -> 0 | C46: =IF(B44="มุ้งเฟรมเล็ก",ราคามุ้ง!$B$19,IF(B44="มุ้งเฟรมใหญ่",ROUND(C16*mult_euro,0),IF(B44="มุ้งนิรภัย",ราคามุ้ง!$B$21,0))) -> 0 | D46: =ROUND(B46*C46,0) -> 0 | H46: =IF(OR(B44="มุ้งเฟรมเล็ก",B44="มุ้งเฟรมใหญ่",B44="มุ้งนิรภัย"),1,0) -> 0
A47: › ขวาง (เส้น 6ม.) | B47: =IF(AND(H45=1,H46=1),ROUND(H50*2*H48/6,2),0) -> 0 | C47: =IF(B44="มุ้งเฟรมเล็ก",ราคามุ้ง!$B$19,IF(B44="มุ้งเฟรมใหญ่",ROUND(C16*mult_euro,0),IF(B44="มุ้งนิรภัย",ราคามุ้ง!$B$21,0))) -> 0 | D47: =ROUND(B47*C47,0) -> 0 | H47: =IFERROR(VLOOKUP(B45,ราคามุ้ง!$I$2:$J$5,2,0),0) -> 23
A48: › ยางอัด (ม.) | B48: =IF(AND(H45=1,H46=1),ROUND(H50*2*(H48+H49),2),0) -> 0 | C48: =ราคามุ้ง!$D$19 -> 5 | D48: =ROUND(B48*C48,0) -> 0 | H48: =B3/(B5*100) -> 1.5
A49: › ผ้า / มุ้งสำเร็จ | B49: =IF(H45=0,0,ROUND(H50*H48*H49,2)) -> 0 | C49: =IF(B44="มุ้งนิรภัย",650,IF(OR(B44="มุ้งเฟรมเล็ก",B44="มุ้งเฟรมใหญ่"),H47,IF(H44="ซื้อสำเร็จ",IFERROR(VLOOKUP(B44,ราคามุ้ง!$A$2:$O$15,2,0),0),0))) -> 0 | D49: =ROUND(B49*C49,0) -> 0 | H49: =B4/100 -> 2
A50: › ค่าแรงผลิตมุ้ง | D50: =IF(H45=0,0,ROUND(H50*(VLOOKUP(B44,ราคามุ้ง!$A$2:$O$15,12,0)+VLOOKUP(B44,ราคามุ้ง!$A$2:$O$15,13,0)*H48*H49),0)) -> 0 | H50: =B5 -> 1
A51: › ค่าแรงติดตั้งมุ้ง | D51: =IF(H45=0,0,ROUND(H50*(VLOOKUP(B44,ราคามุ้ง!$A$2:$O$15,14,0)+VLOOKUP(B44,ราคามุ้ง!$A$2:$O$15,15,0)*H48*H49),0)) -> 0
A52: รวมราคามุ้ง (บวกเข้าทุนแล้ว) | D52: =SUM(D46:D51) -> 0
A60: 🔍 แยกก้อนต้นทุน
A61: ทุนอลู (×ราคา/กก.) | B61: =D12+D13+D14+D15+D16+D17+D18+D20+D21+D22+D25 -> 9018
A62: ทุนกระจก | B62: =D24 -> 792
A63: ทุนอุปกรณ์+ซิลิโคน | B63: =D19+D23+D26 -> 662
A64: รวมวัสดุ | B64: =B61+B62+B63 -> 10472

Sheet คิดทุน กระทุ้ง
A1: คิดทุนบานกระทุ้ง (Fuji, ขาวดำ) — นับเส้นเต็ม | G1: 🏠 สารบัญ
A3: กว้างรวม (ซม.) → | B3: 40
A4: สูง (ซม.) → | B4: 40
A5: จำนวนบาน → | B5: 1
A7: พื้นที่ (ตร.ม.) = | B7: =(B3/100)*(B4/100) -> 0.16
A8: บวกกำไร % → | B8: 100
A9: ราคาซิลิโคน/หลอด → | B9: 90
A10: กระจก → | B10: เขียว 6มม. | C10: =INDEX(ราคาวัสดุกลาง!$I$2:$I$106,MATCH(B10,ราคาวัสดุกลาง!$H$2:$H$106,0)) -> 264 | D10: ← ราคากระจก/ตร.ม. (อัตโนมัติ) | E10: สี → | F10: สีอบขาว/ดำ | G10: =IF(F10="สีอบขาว/ดำ",180,IF(F10="เทาซาฮาร่า",ROUND(180*1.09,0),IF(F10="ลายไม้ stock",ROUND(180*1.6,0),IF(F10="สีอบพิเศษ",140,160)))) -> 180
A11: วัสดุ | B11: จำนวน | C11: ราคา/หน่วย | D11: ทุน(บาท)
A12: วงกบ 3 ด้าน F7859 | B12: =ROUNDUP((B3+2*B4)/640,0) -> 1 | C12: =IF(F10="สีอบขาว/ดำ",1100,IF(F10="เทาซาฮาร่า",VLOOKUP("F7859",ราคาสี!$A:$F,5,0),IF(F10="ลายไม้ stock",(VLOOKUP("F7859",ราคาสี!$A:$F,6,0)*mult_wood/mult_euro),1100+IF(F10="สีอบพิเศษ",rate_special,rate_woodbake)*6.11111))) -> 1100 | D12: =B12*C12*mult_euro -> 1100
A13: ธรณี F7939B | B13: =ROUNDUP(B3/640,0) -> 1 | C13: =IF(F10="สีอบขาว/ดำ",1400,IF(F10="เทาซาฮาร่า",VLOOKUP("F7939B",ราคาสี!$A:$F,5,0),IF(F10="ลายไม้ stock",(VLOOKUP("F7939B",ราคาสี!$A:$F,6,0)*mult_wood/mult_euro),1400+IF(F10="สีอบพิเศษ",rate_special,rate_woodbake)*7.77778))) -> 1400 | D13: =B13*C13*mult_euro -> 1400
A14: กรอบ 7943B | B14: =ROUNDUP((2*B5*B4+2*B3)/640,0) -> 1 | C14: =IF(F10="สีอบขาว/ดำ",1480,IF(F10="เทาซาฮาร่า",VLOOKUP("F7943B",ราคาสี!$A:$F,5,0),IF(F10="ลายไม้ stock",(VLOOKUP("F7943B",ราคาสี!$A:$F,6,0)*mult_wood/mult_euro),1480+IF(F10="สีอบพิเศษ",rate_special,rate_woodbake)*8.22222))) -> 1480 | D14: =B14*C14*mult_euro -> 1480
A15: คิ้ว F7935 | B15: =ROUNDUP((2*B5*B4+2*B3)/640,0) -> 1 | C15: =IF(F10="สีอบขาว/ดำ",360,IF(F10="เทาซาฮาร่า",360+rate_grey*2,IF(F10="ลายไม้ stock",570,360+IF(F10="สีอบพิเศษ",rate_special,rate_woodbake)*2))) -> 360 | D15: =B15*C15*mult_euro -> 360
A16: เปิดกลาง F7945c | B16: =IF(B5>1,1,0) -> 0 | C16: =IF(F10="สีอบขาว/ดำ",775,IF(F10="เทาซาฮาร่า",775+rate_grey*4.30556,IF(F10="ลายไม้ stock",1080,775+IF(F10="สีอบพิเศษ",rate_special,rate_woodbake)*4.30556))) -> 775 | D16: =B16*C16*mult_euro -> 0
A17: มือจับ | B17: =1 -> 1 | C17: 140 | D17: =B17*C17 -> 140
A18: วิทโก้ (2/บาน) | B18: =2*B5 -> 2 | C18: 200 | D18: =B18*C18 -> 400
A19: CDQ | B19: =B5 -> 1 | C19: 150 | D19: =B19*C19 -> 150
A20: รับล็อคลูกเบี้ยว | B20: =2 -> 2 | C20: 15 | D20: =B20*C20 -> 30
A21: ลูกเบี้ยว | B21: =2 -> 2 | C21: 17 | D21: =B21*C21 -> 34
A22: แกนล็อค | B22: =2*B5 -> 2 | C22: 63 | D22: =B22*C22 -> 126
A23: แป้นรับล็อค | B23: =2*B5 -> 2 | C23: 45 | D23: =B23*C23 -> 90
A24: สปริก็อต | B24: =4*B5 -> 4 | C24: 12 | D24: =B24*C24 -> 48
A25: คลิปเข้ามุม | B25: =12*B5 -> 12 | C25: 5 | D25: =B25*C25 -> 60
A26: น็อตประกอบบาน | B26: =8 -> 8 | C26: 1 | D26: =B26*C26 -> 8
A27: ยางอัดกระจก (ม.) | B27: =ROUND(2*(B3+B4)/100,1) -> 1.6 | C27: 11 | D27: =B27*C27 -> 17.6
A28: ยาง foam (ม.) | B28: =ROUND(4*(B3+B4)/100,1) -> 3.2 | C28: 5 | D28: =B28*C28 -> 16
A29: วาวล์ระบายน้ำ | B29: =2 -> 2 | C29: 14 | D29: =B29*C29 -> 28
A30: กระจก (ตร.ม.) | B30: =B7 -> 0.16 | C30: =INDEX(ราคาวัสดุกลาง!$I$2:$I$106,MATCH(B10,ราคาวัสดุกลาง!$H$2:$H$106,0)) -> 264 | D30: =B30*C30 -> 42.24
A31: ซิลิโคน (หลอด) ใน+นอก | B31: =ROUNDUP(2*(B3+B4)/100*2/12.5,0) -> 1 | C31: =B9 -> 90 | D31: =B31*C31 -> 90
A32: ค่าเปิดตู้อบ | B32: =IF(OR(F10="สีอบพิเศษ",F10="สีลายไม้อบพิเศษ"),1,0) -> 0 | C32: 2000 | D32: =B32*C32 -> 0 | E32: สีอบพิเศษ / ลายไม้อบพิเศษ เท่านั้น
A33: ทุนรวม | D33: =SUM(D12:D32)+D54+D59+D60+D61+D62 -> 5619.84
A34: ทุน/ตร.ม. | D34: =IFERROR(D33/B7,0) -> 35124
A35: ราคาขาย/ตร.ม. (ทุน+กำไร%) | D35: =ROUNDUP(D33*(1+B8/100)/100,0)*100 -> 11300
A36: ราคาขายรวม/ชุด | D36: =D35 -> 11300
A37: %กำไรจริง (บนทุน) | D37: =IFERROR((D35-D33)/D33,0) -> 1.0107334
A41: — ผูกค่าแรง (ราคาขายรวมค่าแรง) —
A42: ค่าแรงผลิต (จากชีทค่าแรง) | D42: =MAX(0,VLOOKUP("บานกระทุ้ง (ยูโร)",ค่าแรง!$A$12:$E$27,2,0)+VLOOKUP("บานกระทุ้ง (ยูโร)",ค่าแรง!$A$12:$E$27,3,0)*B7) -> 530.464
A43: ค่าแรงติดตั้ง (จากชีทค่าแรง) | D43: =MAX(0,VLOOKUP("บานกระทุ้ง (ยูโร)",ค่าแรง!$A$12:$E$27,4,0)+VLOOKUP("บานกระทุ้ง (ยูโร)",ค่าแรง!$A$12:$E$27,5,0)*B7) -> 266.464
A44: กำไรติดตั้ง % → | B44: 100
A45: ราคาขาย ผลิตอย่างเดียว | D45: =ROUNDUP((D33+D42+D63)*(1+B8/100)/100,0)*100 -> 12400
A46: ราคาขาย ผลิต+ติดตั้ง | D46: =D45+ROUNDUP((D43+D64)*(1+B44/100)/100,0)*100 -> 13000
A47: %กำไรจริง (ผลิต+ติดตั้ง) | D47: =(D46-(D33+D42+D43+D63+D64))/(D33+D42+D43+D63+D64) -> 1.025942
A49: — ชุด auto (ออปชั่น) — บวกเข้าทุน × กำไร%
A50: ใส่ auto? → | B50: ไม่มี
A51: ชุด auto → | B51: โซ่เดี่ยว 50
A52: จำนวนมอเตอร์ (=จำนวนบาน) → | B52: =B5 -> 1
A54: ทุนชุด auto | D54: =IF(B50="ไม่มี",0,B52*INDEX(ราคาออโต้!$C:$C,MATCH(B51,ราคาออโต้!$B:$B,0))+INDEX(ราคาออโต้!$D:$D,MATCH(B51,ราคาออโต้!$B:$B,0))+IF(AND(B52>=2,OR(B51="โช็ค เปิด 50",B51="โช็ค เปิด 80")),INDEX(ราคาออโต้!$C:$C,MATCH("อุปกรณ์พิเศษ (โช็ค 2 ตัว)",ราคาออโต้!$B:$B,0)),0)) -> 0
A56: — มุ้ง (ออปชั่น) — บวกเข้าทุน —
A57: เลือกมุ้ง → | B57: ไม่มีมุ้ง | C57: =IF(B57="ไม่มีมุ้ง","—",IF(H58=1,"✓ ใช้ได้","⚠ ใช้กับบานนี้ไม่ได้(ทุน=0)")) -> — | D57: =IF(B57="ไม่มีมุ้ง","",H63&" บาน") | H57: =IFERROR(VLOOKUP(B57,ราคามุ้ง!$A$2:$O$15,3,0),"")
A58: ชนิดผ้า / สี → | B58: ไฟเบอร์ | C58: เทา | H58: =IF(B57="ไม่มีมุ้ง",0,IF(OR(IFERROR(VLOOKUP(B57,ราคามุ้ง!$A$2:$O$15,4,0),"ALL")="ALL",ISNUMBER(SEARCH("กระทุ้ง",IFERROR(VLOOKUP(B57,ราคามุ้ง!$A$2:$O$15,4,0),"")))),1,0)) -> 0
A59: › เสา (เส้น 6ม.) | B59: =IF(AND(H58=1,H59=1),ROUND(H63*2*H62/6,2),0) -> 0 | C59: =IF(B57="มุ้งเฟรมเล็ก",ราคามุ้ง!$B$19,IF(B57="มุ้งเฟรมใหญ่",ROUND(C14*mult_euro,0),IF(B57="มุ้งนิรภัย",ราคามุ้ง!$B$21,0))) -> 0 | D59: =ROUND(B59*C59,0) -> 0 | H59: =IF(OR(B57="มุ้งเฟรมเล็ก",B57="มุ้งเฟรมใหญ่",B57="มุ้งนิรภัย"),1,0) -> 0
A60: › ขวาง (เส้น 6ม.) | B60: =IF(AND(H58=1,H59=1),ROUND(H63*2*H61/6,2),0) -> 0 | C60: =IF(B57="มุ้งเฟรมเล็ก",ราคามุ้ง!$B$19,IF(B57="มุ้งเฟรมใหญ่",ROUND(C14*mult_euro,0),IF(B57="มุ้งนิรภัย",ราคามุ้ง!$B$21,0))) -> 0 | D60: =ROUND(B60*C60,0) -> 0 | H60: =IFERROR(VLOOKUP(B58,ราคามุ้ง!$I$2:$J$5,2,0),0) -> 23
A61: › ยางอัด (ม.) | B61: =IF(AND(H58=1,H59=1),ROUND(H63*2*(H61+H62),2),0) -> 0 | C61: =ราคามุ้ง!$D$19 -> 5 | D61: =ROUND(B61*C61,0) -> 0 | H61: =B3/(B5*100) -> 0.4
A62: › ผ้า / มุ้งสำเร็จ | B62: =IF(H58=0,0,ROUND(H63*H61*H62,2)) -> 0 | C62: =IF(B57="มุ้งนิรภัย",650,IF(OR(B57="มุ้งเฟรมเล็ก",B57="มุ้งเฟรมใหญ่"),H60,IF(H57="ซื้อสำเร็จ",IFERROR(VLOOKUP(B57,ราคามุ้ง!$A$2:$O$15,2,0),0),0))) -> 0 | D62: =ROUND(B62*C62,0) -> 0 | H62: =B4/100 -> 0.4
A63: › ค่าแรงผลิตมุ้ง | D63: =IF(H58=0,0,ROUND(H63*(VLOOKUP(B57,ราคามุ้ง!$A$2:$O$15,12,0)+VLOOKUP(B57,ราคามุ้ง!$A$2:$O$15,13,0)*H61*H62),0)) -> 0 | H63: =B5 -> 1
A64: › ค่าแรงติดตั้งมุ้ง | D64: =IF(H58=0,0,ROUND(H63*(VLOOKUP(B57,ราคามุ้ง!$A$2:$O$15,14,0)+VLOOKUP(B57,ราคามุ้ง!$A$2:$O$15,15,0)*H61*H62),0)) -> 0
A65: รวมราคามุ้ง (บวกเข้าทุนแล้ว) | D65: =SUM(D59:D64) -> 0
A73: 🔍 แยกก้อนต้นทุน
A74: ทุนอลู (×ราคา/กก.) | B74: =D12+D13+D14+D15+D16+D23+D31 -> 4520
A75: ทุนกระจก | B75: =D27+D30 -> 59.84
A76: ทุนอุปกรณ์+ซิลิโคน | B76: =D17+D18+D19+D20+D21+D22+D24+D25+D26+D28+D29+D32 -> 1040
A77: รวมวัสดุ | B77: =B74+B75+B76 -> 5619.84

Sheet คิดทุน เฟี้ยม
A1: ถอดทุนบานเฟี้ยม (sms, ขาวดำ) — นับเส้นเต็ม | G1: 🏠 สารบัญ
A2: กว้างรวม (ซม.) → | B2: 180 | G2: 2บาน: 2-0 พับข้างเดียว | H2: 2บาน: 2-0 พับข้างเดียว | I2: 5958
A3: สูง (ซม.) → | B3: 280 | G3: 2บาน: 1-1 เปิดกลาง | H3: 2บาน: 1-1 เปิดกลาง | I3: 5958
A4: จำนวนบาน (auto) → | B4: =IFERROR(VALUE(LEFT(B5,FIND("บาน",B5)-1)),2) -> 2 | G4: 2บาน: 0-2 พับข้างเดียว | H4: 2บาน: 0-2 พับข้างเดียว | I4: 5958
A5: รูปแบบพับ → | B5: 2บาน: 2-0 พับข้างเดียว | G5: 3บาน: 3-0 พับข้างเดียว | H5: 3บาน: 3-0 พับข้างเดียว | I5: 7504
A6: เฟรมล่าง → | B6: ธรณี | G6: 3บาน: 2-1 พับสลับ | H6: 3บาน: 2-1 พับสลับ | I6: 9112
A7: พื้นที่ (ตร.ม.) = | B7: =(B2/100)*(B3/100) -> 5.04 | G7: 3บาน: 1-2 พับสลับ | H7: 3บาน: 1-2 พับสลับ | I7: 9112
A8: บวกกำไร % → | B8: 100 | G8: 3บาน: 0-3 พับข้างเดียว | H8: 3บาน: 0-3 พับข้างเดียว | I8: 7504
A9: ราคาซิลิโคน/หลอด → | B9: 90 | G9: 4บาน: 4-0 พับข้างเดียว | H9: 4บาน: 4-0 พับข้างเดียว | I9: 10308
A10: กระจก → | B10: เขียว 6มม. | C10: =INDEX(ราคาวัสดุกลาง!$I$2:$I$106,MATCH(B10,ราคาวัสดุกลาง!$H$2:$H$106,0)) -> 264 | D10: ← ราคากระจก/ตร.ม. (อัตโนมัติ) | E10: สี → | F10: สีอบขาว/ดำ | G10: =IF(F10="สีอบขาว/ดำ",180,IF(F10="เทาซาฮาร่า",ROUND(180*1.09,0),IF(F10="ลายไม้ stock",ROUND(180*1.6,0),IF(F10="สีอบพิเศษ",140,160)))) -> 180 | H10: 4บาน: 3-1 พับสลับ | I10: 9658
A11: วัสดุ | B11: จำนวน | C11: ราคา/หน่วย | D11: ทุน(บาท) | G11: 4บาน: 2-2 เปิดกลาง | H11: 4บาน: 2-2 เปิดกลาง | I11: 11916
A12: B24001 เฟรมบน | B12: =IF(FLOOR(6.4/(B2/100),1)>=1,ROUNDUP(1/FLOOR(6.4/(B2/100),1),0),ROUNDUP((B2/100)/6.4,0)) -> 1 | C12: =IF(F10="สีอบขาว/ดำ",2105,IF(F10="เทาซาฮาร่า",VLOOKUP("B24001",ราคาสี!$A:$F,5,0),IF(F10="ลายไม้ stock",(VLOOKUP("B24001",ราคาสี!$A:$F,6,0)*mult_wood/mult_euro),2105+IF(F10="สีอบพิเศษ",rate_special,rate_woodbake)*11.69444))) -> 2105 | D12: =B12*C12*mult_euro -> 2105 | G12: 4บาน: 1-3 พับสลับ | H12: 4บาน: 1-3 พับสลับ | I12: 9658 | L12: — มุ้ง (ออปชั่น · ซื้อสำเร็จ) — บวกเข้าทุนแล้ว
A13: B24002 คิ้วเฟรมบน | B13: =IF(FLOOR(6.4/(B2/100),1)>=1,ROUNDUP(1/FLOOR(6.4/(B2/100),1),0),ROUNDUP((B2/100)/6.4,0)) -> 1 | C13: =IF(F10="สีอบขาว/ดำ",320,IF(F10="เทาซาฮาร่า",VLOOKUP("B24002",ราคาสี!$A:$F,5,0),IF(F10="ลายไม้ stock",(VLOOKUP("B24002",ราคาสี!$A:$F,6,0)*mult_wood/mult_euro),320+IF(F10="สีอบพิเศษ",rate_special,rate_woodbake)*1.77778))) -> 320 | D13: =B13*C13*mult_euro -> 320 | G13: 4บาน: 0-4 พับข้างเดียว | H13: 4บาน: 0-4 พับข้างเดียว | I13: 10308 | L13: เลือกมุ้ง → | M13: ไม่มีมุ้ง
A14: เฟรมล่าง (เลือกที่ B6) | B14: =IF(FLOOR(6.4/(B2/100),1)>=1,ROUNDUP(1/FLOOR(6.4/(B2/100),1),0),ROUNDUP((B2/100)/6.4,0)) -> 1 | C14: =IF(B6="ธรณีหลังเต่า",IF(F10="สีอบขาว/ดำ",905,IF(F10="เทาซาฮาร่า",VLOOKUP("B24018",ราคาสี!$A:$F,5,0),IF(F10="ลายไม้ stock",(VLOOKUP("B24018",ราคาสี!$A:$F,6,0)*mult_wood/mult_euro),905+IF(F10="สีอบพิเศษ",rate_special,rate_woodbake)*5.0278))),IF(B6="รางยู",IF(F10="สีอบขาว/ดำ",305,IF(F10="เทาซาฮาร่า",VLOOKUP("B24017",ราคาสี!$A:$F,5,0),IF(F10="ลายไม้ stock",(VLOOKUP("B24017",ราคาสี!$A:$F,6,0)*mult_wood/mult_euro),305+IF(F10="สีอบพิเศษ",rate_special,rate_woodbake)*1.6944))),IF(F10="สีอบขาว/ดำ",1445,IF(F10="เทาซาฮาร่า",VLOOKUP("B24003",ราคาสี!$A:$F,5,0),IF(F10="ลายไม้ stock",(VLOOKUP("B24003",ราคาสี!$A:$F,6,0)*mult_wood/mult_euro),1445+IF(F10="สีอบพิเศษ",rate_special,rate_woodbake)*8.0278))))) -> 1445 | D14: =B14*C14*mult_euro -> 1445 | G14: 5บาน: 5-0 พับข้างเดียว | H14: 5บาน: 5-0 พับข้างเดียว | I14: 12034 | L14: รวมราคามุ้ง (บวกเข้าทุน) | M14: =IF(M13="ไม่มีมุ้ง",0,ROUND((VLOOKUP(M13,ราคามุ้ง!$A:$F,2,0)+VLOOKUP(M13,ราคามุ้ง!$A:$F,6,0))*B7,0)) -> 0
A15: B24004 ตบธรณี | B15: =IF(FLOOR(6.4/(B2/100),1)>=1,ROUNDUP(1/FLOOR(6.4/(B2/100),1),0),ROUNDUP((B2/100)/6.4,0)) -> 1 | C15: =IF(F10="สีอบขาว/ดำ",570,IF(F10="เทาซาฮาร่า",VLOOKUP("B24004",ราคาสี!$A:$F,5,0),IF(F10="ลายไม้ stock",(VLOOKUP("B24004",ราคาสี!$A:$F,6,0)*mult_wood/mult_euro),570+IF(F10="สีอบพิเศษ",rate_special,rate_woodbake)*3.16667))) -> 570 | D15: =B15*C15*mult_euro -> 570 | G15: 5บาน: 4-1 พับสลับ | H15: 5บาน: 4-1 พับสลับ | I15: 13462
A16: B24005 เฟรมข้าง | B16: =IF(FLOOR(6.4/(B3/100),1)>=1,ROUNDUP(2/FLOOR(6.4/(B3/100),1),0),ROUNDUP((B3/100)/6.4,0)*2) -> 1 | C16: =IF(F10="สีอบขาว/ดำ",1000,IF(F10="เทาซาฮาร่า",VLOOKUP("B24005",ราคาสี!$A:$F,5,0),IF(F10="ลายไม้ stock",(VLOOKUP("B24005",ราคาสี!$A:$F,6,0)*mult_wood/mult_euro),1000+IF(F10="สีอบพิเศษ",rate_special,rate_woodbake)*5.55556))) -> 1000 | D16: =B16*C16*mult_euro -> 1000 | G16: 5บาน: 3-2 พับสลับ | H16: 5บาน: 3-2 พับสลับ | I16: 13462
A17: B24006 คิ้วเฟรมข้าง | B17: =IF(FLOOR(6.4/(B3/100),1)>=1,ROUNDUP(2/FLOOR(6.4/(B3/100),1),0),ROUNDUP((B3/100)/6.4,0)*2) -> 1 | C17: =IF(F10="สีอบขาว/ดำ",280,IF(F10="เทาซาฮาร่า",VLOOKUP("B24006",ราคาสี!$A:$F,5,0),IF(F10="ลายไม้ stock",(VLOOKUP("B24006",ราคาสี!$A:$F,6,0)*mult_wood/mult_euro),280+IF(F10="สีอบพิเศษ",rate_special,rate_woodbake)*1.55556))) -> 280 | D17: =B17*C17*mult_euro -> 280 | G17: 5บาน: 2-3 พับสลับ | H17: 5บาน: 2-3 พับสลับ | I17: 13462
A18: B24007 เสาบาน | B18: =ROUNDUP(2*((B3/100)*B4+(B2/100))/6.4,0) -> 3 | C18: =IF(F10="สีอบขาว/ดำ",1210,IF(F10="เทาซาฮาร่า",VLOOKUP("B24007",ราคาสี!$A:$F,5,0),IF(F10="ลายไม้ stock",(VLOOKUP("B24007",ราคาสี!$A:$F,6,0)*mult_wood/mult_euro),1210+IF(F10="สีอบพิเศษ",rate_special,rate_woodbake)*6.72222))) -> 1210 | D18: =B18*C18*mult_euro -> 3630 | G18: 5บาน: 1-4 พับสลับ | H18: 5บาน: 1-4 พับสลับ | I18: 13462
A19: B24008 คิ้วตบกระจก | B19: =ROUNDUP(2*((B3/100)*B4+(B2/100))/6.4,0) -> 3 | C19: =IF(F10="สีอบขาว/ดำ",265,IF(F10="เทาซาฮาร่า",VLOOKUP("B24008",ราคาสี!$A:$F,5,0),IF(F10="ลายไม้ stock",(VLOOKUP("B24008",ราคาสี!$A:$F,6,0)*mult_wood/mult_euro),265+IF(F10="สีอบพิเศษ",rate_special,rate_woodbake)*1.47222))) -> 265 | D19: =B19*C19*mult_euro -> 795 | G19: 5บาน: 0-5 พับข้างเดียว | H19: 5บาน: 0-5 พับข้างเดียว | I19: 12034
A20: B24009 ต่อกลาง | B20: =IF(ISEVEN(B4),ROUNDUP((B3/100)/6.4,0),0) -> 1 | C20: =IF(F10="สีอบขาว/ดำ",325,IF(F10="เทาซาฮาร่า",VLOOKUP("B24009",ราคาสี!$A:$F,5,0),IF(F10="ลายไม้ stock",(VLOOKUP("B24009",ราคาสี!$A:$F,6,0)*mult_wood/mult_euro),325+IF(F10="สีอบพิเศษ",rate_special,rate_woodbake)*1.80556))) -> 325 | D20: =B20*C20*mult_euro -> 325 | G20: 6บาน: 6-0 พับข้างเดียว | H20: 6บาน: 6-0 พับข้างเดียว | I20: 14838
A21: ยาง (ม.) | B21: =ROUND(2*((B3/100)*B4+(B2/100)),1) -> 14.8 | C21: 11 | D21: =B21*C21 -> 162.8 | G21: 6บาน: 5-1 พับสลับ | H21: 6บาน: 5-1 พับสลับ | I21: 14008
A22: กระจก (ตร.ม.) | B22: =B7 -> 5.04 | C22: =INDEX(ราคาวัสดุกลาง!$I$2:$I$106,MATCH(B10,ราคาวัสดุกลาง!$H$2:$H$106,0)) -> 264 | D22: =B22*C22 -> 1330.56 | G22: 6บาน: 4-2 พับสลับ | H22: 6บาน: 4-2 พับสลับ | I22: 14008
A23: อุปกรณ์ | B23: 1 | C23: =IFERROR(INDEX($I$2:$I$99,MATCH(B5,$H$2:$H$99,0)),5958) -> 5958 | D23: =B23*C23 -> 5958 | E23: auto-lookup จาก B5 | G23: 6บาน: 3-3 เปิดกลาง | H23: 6บาน: 3-3 เปิดกลาง | I23: 14008
A24: ซิลิโคน (หลอด) ใน+นอก | B24: =ROUNDUP(2*((B2/100)+(B3/100))*2/12.5,0) -> 2 | C24: =B9 -> 90 | D24: =B24*C24 -> 180 | G24: 6บาน: 2-4 พับสลับ | H24: 6บาน: 2-4 พับสลับ | I24: 14008
A25: ค่าเปิดตู้อบ | B25: =IF(OR(F10="สีอบพิเศษ",F10="สีลายไม้อบพิเศษ"),1,0) -> 0 | C25: 2000 | D25: =B25*C25 -> 0 | E25: สีอบพิเศษ / ลายไม้อบพิเศษ เท่านั้น
A26: ทุนรวม | D26: =SUM(D12:D25)+D128+IF(B6="รางยู",ROUND(200*B2/100,0),0)+M14 -> 18101.36 | G26: 6บาน: 1-5 พับสลับ | H26: 6บาน: 1-5 พับสลับ | I26: 14008 | J26: 🔍 แยกก้อนต้นทุน
A27: ทุน/ตร.ม. | D27: =IFERROR(D26/B7,0) -> 3591.5397 | G27: 6บาน: 0-6 พับข้างเดียว | H27: 6บาน: 0-6 พับข้างเดียว | I27: 14838 | J27: ทุนอลู (×ราคา/กก.) | K27: =D12+D13+D14+D15+D16+D17+D18+D20+D24 -> 9855
A28: ราคาขาย/ตร.ม. (ทุน+กำไร%) | D28: =ROUNDUP(D26*(1+B8/100)/100,0)*100 -> 36300 | G28: 7บาน: 7-0 พับข้างเดียว | H28: 7บาน: 7-0 พับข้างเดียว | I28: 17812 | J28: ทุนกระจก | K28: =D19+D22 -> 2125.56
A29: ราคาขายรวม/ชุด | D29: =D28 -> 36300 | G29: 7บาน: 6-1 พับสลับ | H29: 7บาน: 6-1 พับสลับ | I29: 17812 | J29: ทุนอุปกรณ์+ซิลิโคน | K29: =D21+D23+D25 -> 6120.8
A30: %กำไรจริง (บนทุน) | D30: =IFERROR((D28-D26)/D26,0) -> 1.0053742 | G30: 7บาน: 5-2 พับสลับ | H30: 7บาน: 5-2 พับสลับ | I30: 17812 | J30: รวมวัสดุ | K30: =K27+K28+K29 -> 18101.36
A31: ต่อกลาง B24009 ขาวดำ 325 · ราคาขาย/ตร.ม. = ทุน×(1+markup%) · อุปกรณ์ดูตารางล่าง | G31: 7บาน: 4-3 พับสลับ | H31: 7บาน: 4-3 พับสลับ | I31: 17812
G32: 7บาน: 3-4 พับสลับ | H32: 7บาน: 3-4 พับสลับ | I32: 17812
A33: ตารางอุปกรณ์อ้างอิง (สีเหลือง=ประมาณ) | G33: 7บาน: 2-5 พับสลับ | H33: 7บาน: 2-5 พับสลับ | I33: 17812
A34: บาน | B34: pattern | C34: อุปกรณ์ (บาท) | G34: 7บาน: 1-6 พับสลับ | H34: 7บาน: 1-6 พับสลับ | I34: 17812
A35: 2 | B35: 0-2 / 2-0 | C35: 5958 | G35: 7บาน: 0-7 พับข้างเดียว | H35: 7บาน: 0-7 พับข้างเดียว | I35: 17812
A36: 3 | B36: 0-3 / 3-0 พับข้างเดียว | C36: 7504 | G36: 8บาน: 8-0 พับข้างเดียว | H36: 8บาน: 8-0 พับข้างเดียว | I36: 18358
A37: 3 | B37: 1-2 / 2-1 พับสลับ | C37: 9112 | G37: 8บาน: 7-1 พับสลับ | H37: 8บาน: 7-1 พับสลับ | I37: 18358
A38: 4 | B38: 4-0 / 0-4 พับข้างเดียว | C38: 10308 | G38: 8บาน: 6-2 พับสลับ | H38: 8บาน: 6-2 พับสลับ | I38: 18358
A39: 4 | B39: 1-3 / 3-1 พับสลับ | C39: 9658 | G39: 8บาน: 5-3 พับสลับ | H39: 8บาน: 5-3 พับสลับ | I39: 18358
A40: 4 | B40: 2-2 เปิดกลาง | C40: 11916 | G40: 8บาน: 4-4 เปิดกลาง | H40: 8บาน: 4-4 เปิดกลาง | I40: 17358
A41: 5 | B41: 5-0 / 0-5 พับข้างเดียว | C41: 12034 | G41: 8บาน: 3-5 พับสลับ | H41: 8บาน: 3-5 พับสลับ | I41: 18358
A42: 5 | B42: พับสลับ ทุก pattern | C42: 13462 | G42: 8บาน: 2-6 พับสลับ | H42: 8บาน: 2-6 พับสลับ | I42: 18358
A43: 6 | B43: 6-0 / 0-6 พับข้างเดียว | C43: 14838 | G43: 8บาน: 1-7 พับสลับ | H43: 8บาน: 1-7 พับสลับ | I43: 18358
A44: 6 | B44: พับสลับ + 3-3 เปิดกลาง | C44: 14008 | G44: 8บาน: 0-8 พับข้างเดียว | H44: 8บาน: 0-8 พับข้างเดียว | I44: 18358
A45: 7 | B45: ทุก pattern | C45: 17812 | G45: 9บาน: 9-0 พับข้างเดียว | H45: 9บาน: 9-0 พับข้างเดียว | I45: 21300
A46: 8 | B46: 4-4 เปิดกลาง | C46: 17358 | G46: 9บาน: 8-1 พับสลับ | H46: 9บาน: 8-1 พับสลับ | I46: 21300
... A53: 12 | B53: 6-6 เปิดกลาง | C53: 22600 | G53: 9บาน: 1-8 พับสลับ | H53: 9บาน: 1-8 พับสลับ | I53: 21300
A54: 9-12 บาน (ประมาณ ±5% — อัพเดตเมื่อได้ catalog) | G54: 9บาน: 0-9 พับข้างเดียว | H54: 9บาน: 0-9 พับข้างเดียว | I54: 21300
A55: บาน | B55: รูปแบบพับ | C55: อุปกรณ์ (บาท) | G55: 10บาน: 10-0 พับข้างเดียว | H55: 10บาน: 10-0 พับข้างเดียว | I55: 23500
A56: 9 | B56: ทุก pattern (9-0 ถึง 0-9) | C56: 21300 | G56: 10บาน: 9-1 พับสลับ | H56: 10บาน: 9-1 พับสลับ | I56: 23500
A57: 10 | B57: พับข้างเดียว/สลับ (10-0 ถึง 0-10) | C57: 23500 | G57: 10บาน: 8-2 พับสลับ | H57: 10บาน: 8-2 พับสลับ | I57: 23500
A58: 10 | B58: 5-5 เปิดกลาง | C58: 19900 | G58: 10บาน: 7-3 พับสลับ | H58: 10บาน: 7-3 พับสลับ | I58: 23500
A59: 11 | B59: ทุก pattern (11-0 ถึง 0-11) | C59: 25700 | G59: 10บาน: 6-4 พับสลับ | H59: 10บาน: 6-4 พับสลับ | I59: 23500
A60: 12 | B60: พับข้างเดียว/สลับ (12-0 ถึง 0-12) | C60: 28000 | G60: 10บาน: 5-5 เปิดกลาง | H60: 10บาน: 5-5 เปิดกลาง | I60: 19900
A61: 12 | B61: 6-6 เปิดกลาง | C61: 22600 | G61: 10บาน: 4-6 พับสลับ | H61: 10บาน: 4-6 พับสลับ | I61: 23500
G62: 10บาน: 3-7 พับสลับ | H62: 10บาน: 3-7 พับสลับ | I62: 23500
A63: — ผูกค่าแรง (ราคาขายรวมค่าแรง) — | G63: 10บาน: 2-8 พับสลับ | H63: 10บาน: 2-8 พับสลับ | I63: 23500
A64: ค่าแรงผลิต (จากชีทค่าแรง) | D64: =ROUND(VLOOKUP("บานเฟี้ยม (sms)",ค่าแรง!$A$12:$E$27,2,0)*B4,0) -> 880 | E64: × จำนวนบาน (คิดต่อใบเฟี้ยม) | G64: 10บาน: 1-9 พับสลับ | H64: 10บาน: 1-9 พับสลับ | I64: 23500
A65: ค่าแรงติดตั้ง (จากชีทค่าแรง) | D65: =ROUND(VLOOKUP("บานเฟี้ยม (sms)",ค่าแรง!$A$12:$E$27,4,0)*B4,0) -> 352 | E65: × จำนวนบาน (คิดต่อใบเฟี้ยม) | G65: 10บาน: 0-10 พับข้างเดียว | H65: 10บาน: 0-10 พับข้างเดียว | I65: 23500
A66: กำไรติดตั้ง % → | B66: 100 | G66: 11บาน: 11-0 พับข้างเดียว | H66: 11บาน: 11-0 พับข้างเดียว | I66: 25700
A67: ราคาขาย ผลิตอย่างเดียว | D67: =ROUNDUP((D26+D64)*(1+B8/100)/100,0)*100 -> 38000 | G67: 11บาน: 10-1 พับสลับ | H67: 11บาน: 10-1 พับสลับ | I67: 25700
A68: ราคาขาย ผลิต+ติดตั้ง | D68: =D67+ROUNDUP(D65*(1+B66/100)/100,0)*100 -> 38800 | G68: 11บาน: 9-2 พับสลับ | H68: 11บาน: 9-2 พับสลับ | I68: 25700
A69: %กำไรจริง (ผลิต+ติดตั้ง) | D69: =(D68-(D26+D64+D65))/(D26+D64+D65) -> 1.0068938 | G69: 11บาน: 8-3 พับสลับ | H69: 11บาน: 8-3 พับสลับ | I69: 25700
G70: 11บาน: 7-4 พับสลับ | H70: 11บาน: 7-4 พับสลับ | I70: 25700
G71: 11บาน: 6-5 พับสลับ | H71: 11บาน: 6-5 พับสลับ | I71: 25700
G72: 11บาน: 5-6 พับสลับ | H72: 11บาน: 5-6 พับสลับ | I72: 25700
G73: 11บาน: 4-7 พับสลับ | H73: 11บาน: 4-7 พับสลับ | I73: 25700
G74: 11บาน: 3-8 พับสลับ | H74: 11บาน: 3-8 พับสลับ | I74: 25700
G75: 11บาน: 2-9 พับสลับ | H75: 11บาน: 2-9 พับสลับ | I75: 25700
G76: 11บาน: 1-10 พับสลับ | H76: 11บาน: 1-10 พับสลับ | I76: 25700
G77: 11บาน: 0-11 พับข้างเดียว | H77: 11บาน: 0-11 พับข้างเดียว | I77: 25700
G78: 12บาน: 12-0 พับข้างเดียว | H78: 12บาน: 12-0 พับข้างเดียว | I78: 28000
G79: 12บาน: 11-1 พับสลับ | H79: 12บาน: 11-1 พับสลับ | I79: 28000
G80: 12บาน: 10-2 พับสลับ | H80: 12บาน: 10-2 พับสลับ | I80: 28000
G81: 12บาน: 9-3 พับสลับ | H81: 12บาน: 9-3 พับสลับ | I81: 28000
... G90: 12บาน: 0-12 พับข้างเดียว | H90: 12บาน: 0-12 พับข้างเดียว | I90: 28000
G91: 12บาน: 1-11 พับสลับ
G92: 12บาน: 0-12 พับข้างเดียว
A124: — ชุด auto (ออปชั่น) — บวกเข้าทุน × กำไร%
A125: ใส่ auto? (เฟี้ยมยก) → | B125: ไม่มี
A126: ชุด auto → | B126: ยก 80 กก.
A128: ทุนชุด auto | D128: =IF(B125="ไม่มี",0,INDEX(ราคาออโต้!$C:$C,MATCH(B126,ราคาออโต้!$B:$B,0))+INDEX(ราคาออโต้!$D:$D,MATCH(B126,ราคาออโต้!$B:$B,0))) -> 0
A136: 🔍 แยกก้อนต้นทุน

Sheet คิดทุน ติดตาย
A1: คิดทุนบานติดตาย (กระจกล้วน) | G1: 🏠 สารบัญ
A2: กว้างรวม (ซม.) → | B2: 150 | E2: =mult_mtong*(IF(B5="เทาซาฮาร่า",1612,IF(B5="ลายไม้ stock",ROUND(1240*1.6,0),IF(B5="สีอบพิเศษ",ROUND(1240*(1+rate_special/192),0),IF(B5="สีลายไม้อบพิเศษ",ROUND(1240*(1+rate_woodbake/192),0),1240))))) -> 1240 | F2: กล่อง/เส้น
A3: สูง (ซม.) → | B3: 200 | E3: =mult_mtong*(IF(B5="เทาซาฮาร่า",550,IF(B5="ลายไม้ stock",ROUND(380*1.6,0),IF(B5="สีอบพิเศษ",ROUND(380*(1+rate_special/192),0),IF(B5="สีลายไม้อบพิเศษ",ROUND(380*(1+rate_woodbake/192),0),380))))) -> 380 | F3: 9014/เส้น
A4: จำนวนช่อง → | B4: 1
A5: สีอลู → | B5: ขาว/ดำ
A6: ชนิดกระจก → | B6: เขียว 6มม.
A7: ราคากระจก (auto/แก้ได้) → | B7: =IFERROR(VLOOKUP(B6,ราคาวัสดุกลาง!$H:$I,2,0),264) -> 264
A8: พื้นที่ (ตร.ม.) = | B8: =(B2/100)*(B3/100) -> 3
A9: บวกกำไร % → | B9: 100
A10: ราคาซิลิโคน/หลอด → | B10: 90
A12: วัสดุ | B12: จำนวน | C12: ราคา/หน่วย | D12: ทุน(บาท) | E12: หมายเหตุ
A13: กล่อง 1.6"x3" (วิ่งรอบ) | B13: =IF(FLOOR(6/((B2)/100),1)>=1,ROUNDUP((2)/FLOOR(6/((B2)/100),1),0),ROUNDUP(((B2)/100)/6,0)*(2))+IF(FLOOR(6/((B3)/100),1)>=1,ROUNDUP(((B4+1))/FLOOR(6/((B3)/100),1),0),ROUNDUP(((B3)/100)/6,0)*((B4+1))) -> 2 | C13: =E2 -> 1240 | D13: =B13*C13 -> 2480
A14: 9014 ตัวตบหน้ากระจก (วิ่งรอบ) | B14: =IF(FLOOR(6/((B2/B4)/100),1)>=1,ROUNDUP(((2*B4))/FLOOR(6/((B2/B4)/100),1),0),ROUNDUP(((B2/B4)/100)/6,0)*((2*B4)))+IF(FLOOR(6/((B3)/100),1)>=1,ROUNDUP(((2*B4))/FLOOR(6/((B3)/100),1),0),ROUNDUP(((B3)/100)/6,0)*((2*B4))) -> 2 | C14: =E3 -> 380 | D14: =B14*C14 -> 760
A15: ฉาก อลู 1"x1" (4 มุม/ช่อง) | B15: =4*B4 -> 4 | C15: 5 | D15: =B15*C15 -> 20 | E15: เหมา 5 บาท/มุม × 4 มุม × ช่อง (ฉากเข้ามุมใช้จริง ~10ซม./มุม)
A16: เทปหนุนกระจก (ม.) | B16: =ROUND((2*B2+2*B4*B3)/100,1) -> 7 | C16: 10 | D16: =B16*C16 -> 70
A17: กระจก (ตร.ม.) | B17: =B8 -> 3 | C17: =B7 -> 264 | D17: =B17*C17 -> 792
A18: ซิลิโคน (หลอด) ใน+นอก | B18: =ROUNDUP((2*B2+2*B4*B3)/100*2/12.5,0) -> 2 | C18: =B10 -> 90 | D18: =B18*C18 -> 180
A19: ค่าเปิดตู้อบ (สีพิเศษ) | B19: =IF(OR(B5="สีอบพิเศษ",B5="สีลายไม้อบพิเศษ"),1,0) -> 0 | C19: 2000 | D19: =B19*C19 -> 0
A20: ทุนรวม | D20: =SUM(D13:D19) -> 4302
A21: ทุน/ตร.ม. | D21: =IF(B8>0,D20/B8,0) -> 1434
A22: ราคาขาย/ตร.ม. (markup%) | D22: =ROUNDUP(D21*(1+B9/100)/100,0)*100 -> 2900
A23: ราคาขายรวม/ชุด | D23: =B8*D22 -> 8700
A24: %กำไรจริง (บนทุน) | D24: =(D23-D20)/D20 -> 1.0223152
A26: ค่าแรงผลิต (175/ตร.ม.) | D26: =ROUND(VLOOKUP("บานติดตาย",ค่าแรง!$A$12:$E$27,2,0)+VLOOKUP("บานติดตาย",ค่าแรง!$A$12:$E$27,3,0)*B8,0) -> 222
A27: ค่าแรงติดตั้ง (175/ตร.ม.) | D27: =ROUND(VLOOKUP("บานติดตาย",ค่าแรง!$A$12:$E$27,4,0)+VLOOKUP("บานติดตาย",ค่าแรง!$A$12:$E$27,5,0)*B8,0) -> 134
A28: ขายผลิตอย่างเดียว | D28: =ROUNDUP((D20+D26)*(1+B9/100)/100,0)*100 -> 9100
A29: ขายผลิต+ติดตั้ง | D29: =D28+ROUNDUP(D27*(1+B9/100)/100,0)*100 -> 9400
A30: %กำไร (ฐานวัสดุ+ผลิต) | D30: =(D28-(D20+D26))/(D20+D26) -> 1.0114943
A38: 🔍 แยกก้อนต้นทุน
A39: ทุนอลู (×ราคา/กก.) | B39: =D13+D15+D18 -> 2680
A40: ทุนกระจก | B40: =D14+D16+D17 -> 1622
A41: ทุนอุปกรณ์+ซิลิโคน | B41: =D19 -> 0
A42: รวมวัสดุ | B42: =B39+B40+B41 -> 4302

Sheet คิดทุน Velora
A1: คิดทุนบาน Velora — อลูดิบ+อบสีแยก | G1: 🏠 สารบัญ
A2: กว้างช่องปูน (ซม.) → | B2: 220 | E2: =ROUNDUP((B2+2*B3)/600,0) -> 2 | F2: N_วงกบ | J2: เทมเปอร์เขียว/ใส 6มม. | K2: 439
A3: สูงช่องปูน (ซม.) → | B3: 200 | E3: =IF(B4=1,ROUNDUP(2*(B2+B3)/600,0),ROUNDUP(2*(B2+B3)/600,0)+ROUNDUP(B3/600,0)) -> 2 | F3: N_บาน | J3: เทมเปอร์ชาดำ 6มม. | K3: 1100
A4: จำนวนบาน → | B4: 1 | E4: =E3*2.886+E2*3.576 -> 12.924 | F4: น้ำหนัก(กก.) | J4: เทมเปอร์ฟ้า 6มม. | K4: 900
A5: สีอลู → | B5: อบขาว/ดำ/เทา | E5: =IF(OR(B5="อบสีพิเศษ",B5="อบลายไม้พิเศษ"),2000,0) -> 0 | F5: ค่าอบสี | J5: เทมเปอร์ฝ้า 6มม. | K5: 1076
A6: มือจับคู่ → | B6: ไม่มี | J6: เทมเปอร์ยูโรเกรย์ 6มม. | K6: 1033
A7: ธรณี → | B7: ไม่มี | J7: เทมเปอร์ยูโรบรอนซ์ 6มม. | K7: 1291
A8: ชนิดกระจก → | B8: เทมเปอร์ใส 6มม. | J8: เทมเปอร์ใสพิเศษ 6มม. | K8: 1432
A9: ราคากระจก (บาท/ตร.ม.) = | B9: =IFERROR(INDEX(ราคาวัสดุกลาง!$I$2:$I$106,MATCH(B8,ราคาวัสดุกลาง!$H$2:$H$106,0)),0) -> 403 | J9: เทมเปอร์ Reflective เทา 6มม. | K9: 1937
A10: พื้นที่ (ตร.ม.) = | B10: =(B2/100)*(B3/100) -> 4.4 | J10: เทมเปอร์ Reflective เขียว 6มม. | K10: 2196
A11: บวกกำไร % → | B11: 100 | J11: เทมเปอร์ Reflective ฟ้า 6มม. | K11: 2368
A12: ราคาซิลิโคน/หลอด → | B12: 90
A14: วัสดุ | B14: จำนวน | C14: ราคา/หน่วย | D14: ทุน(บาท) | E14: หมายเหตุ
A15: วงกบ 3 ด้าน (บน+ซ้าย+ขวา) | B15: =E2 -> 2 | C15: =768*mult_velora+(IF(B5="ไม่อบสี",0,IF(B5="อบขาว/ดำ/เทา",rate_grey,IF(B5="อบสีพิเศษ",rate_special,rate_woodbake))))*3.576 -> 1125.6 | D15: =B15*C15 -> 2251.2 | E15: ROUNDUP((W+2H)/600) เส้น
A16: บาน (วิ่งรอบ 4 ด้าน) | B16: =E3 -> 2 | C16: =720*mult_velora+(IF(B5="ไม่อบสี",0,IF(B5="อบขาว/ดำ/เทา",rate_grey,IF(B5="อบสีพิเศษ",rate_special,rate_woodbake))))*2.886 -> 1008.6 | D16: =B16*C16 -> 2017.2 | E16: 1ใบ=ROUNDUP(2(W+H)/600) · 2ใบ+1เสากลาง
A17: ค่าเปิดตู้อบ | B17: 1 | C17: =E5 -> 0 | D17: =B17*C17 -> 0 | E17: ขาว/ดำ/เทา: ≤20กก.=3,000 / >20กก.=×110 | พิเศษ=×130 | ลายไม้=×140
A18: บานพับ (4 ตัว/บาน) | B18: =B4*4 -> 4 | C18: 110 | D18: =B18*C18 -> 440 | E18: 4 ตัว/บาน × 110 บาท
A19: มือจับ | B19: =1 -> 1 | C19: =IF(B6="มี",900,450) -> 450 | D19: =B19*C19 -> 450 | E19: เดี่ยว=450 | คู่=900
A20: ธรณี (ไม่คิดเงิน) | B20: =IF(B7="มี",ROUNDUP(B2/600,0),0) -> 0 | C20: 0 | D20: =B20*C20 -> 0 | E20: มีหรือไม่มีราคาเท่ากัน
A21: กระจก (ตร.ม.) | B21: =B10 -> 4.4 | C21: =B9 -> 403 | D21: =B21*C21 -> 1773.2
A22: ซิลิโคน (หลอด) | B22: =ROUNDUP(2*(B2+B3)/100*2/12.5,0) -> 2 | C22: =B12 -> 90 | D22: =B22*C22 -> 180
A24: ทุนรวม | D24: =SUM(D15:D22)+D42+D43+D44+D45 -> 7111.6
A25: ทุน/ตร.ม. | D25: =IF(B10>0,D24/B10,0) -> 1616.2727
A26: ราคาขาย/ตร.ม. (markup%) | D26: =ROUNDUP(D25*(1+B11/100)/100,0)*100 -> 3300
A27: ราคาขายรวม/ชุด | D27: =B10*D26 -> 14520
A28: %กำไรจริง (บนทุน) | D28: =(D27-D24)/D24 -> 1.0417346
A29: น้ำหนักรวม (กก.) = | D29: =E4 -> 12.924
A31: — ผูกค่าแรง (ราคาขายรวมค่าแรง) —
A32: ค่าแรงผลิต (จากชีทค่าแรง) | D32: =MAX(0,VLOOKUP("Velora",ค่าแรง!$A$12:$E$27,2,0)+VLOOKUP("Velora",ค่าแรง!$A$12:$E$27,3,0)*B10) -> 1035.76
A33: ค่าแรงติดตั้ง (จากชีทค่าแรง) | D33: =MAX(0,VLOOKUP("Velora",ค่าแรง!$A$12:$E$27,4,0)+VLOOKUP("Velora",ค่าแรง!$A$12:$E$27,5,0)*B10) -> 507.76
A34: กำไรติดตั้ง % → | B34: 100
A35: ราคาขาย ผลิตอย่างเดียว | D35: =ROUNDUP((D24+D32+D46)*(1+B11/100)/100,0)*100 -> 16300
A36: ราคาขาย ผลิต+ติดตั้ง | D36: =D35+ROUNDUP((D33+D47)*(1+B34/100)/100,0)*100 -> 17400
A37: %กำไรจริง (ผลิต+ติดตั้ง) | D37: =(D36-(D24+D32+D33+D46+D47))/(D24+D32+D33+D46+D47) -> 1.0103707
A39: — มุ้ง (ออปชั่น) — บวกเข้าทุน —
A40: เลือกมุ้ง → | B40: ไม่มีมุ้ง | C40: =IF(B40="ไม่มีมุ้ง","—",IF(H41=1,"✓ ใช้ได้","⚠ ใช้กับบานนี้ไม่ได้(ทุน=0)")) -> — | D40: =IF(B40="ไม่มีมุ้ง","",H46&" บาน") | H40: =IFERROR(VLOOKUP(B40,ราคามุ้ง!$A$2:$O$15,3,0),"")
A41: ชนิดผ้า / สี → | B41: ไฟเบอร์ | C41: เทา | H41: =IF(B40="ไม่มีมุ้ง",0,IF(OR(IFERROR(VLOOKUP(B40,ราคามุ้ง!$A$2:$O$15,4,0),"ALL")="ALL",ISNUMBER(SEARCH("Velora",IFERROR(VLOOKUP(B40,ราคามุ้ง!$A$2:$O$15,4,0),"")))),1,0)) -> 0
A42: › เสา (เส้น 6ม.) | B42: =IF(AND(H41=1,H42=1),ROUND(H46*2*H45/6,2),0) -> 0 | C42: =IF(B40="มุ้งเฟรมเล็ก",ราคามุ้ง!$B$19,IF(B40="มุ้งเฟรมใหญ่",0,IF(B40="มุ้งนิรภัย",ราคามุ้ง!$B$21,0))) -> 0 | D42: =ROUND(B42*C42,0) -> 0 | H42: =IF(OR(B40="มุ้งเฟรมเล็ก",B40="มุ้งเฟรมใหญ่",B40="มุ้งนิรภัย"),1,0) -> 0
A43: › ขวาง (เส้น 6ม.) | B43: =IF(AND(H41=1,H42=1),ROUND(H46*2*H44/6,2),0) -> 0 | C43: =IF(B40="มุ้งเฟรมเล็ก",ราคามุ้ง!$B$19,IF(B40="มุ้งเฟรมใหญ่",0,IF(B40="มุ้งนิรภัย",ราคามุ้ง!$B$21,0))) -> 0 | D43: =ROUND(B43*C43,0) -> 0 | H43: =IFERROR(VLOOKUP(B41,ราคามุ้ง!$I$2:$J$5,2,0),0) -> 23
A44: › ยางอัด (ม.) | B44: =IF(AND(H41=1,H42=1),ROUND(H46*2*(H44+H45),2),0) -> 0 | C44: =ราคามุ้ง!$D$19 -> 5 | D44: =ROUND(B44*C44,0) -> 0 | H44: =IF(B4>0,B2/(B4*100),0) -> 2.2
A45: › ผ้า / มุ้งสำเร็จ | B45: =IF(H41=0,0,ROUND(H46*H44*H45,2)) -> 0 | C45: =IF(B40="มุ้งนิรภัย",650,IF(OR(B40="มุ้งเฟรมเล็ก",B40="มุ้งเฟรมใหญ่"),H43,IF(H40="ซื้อสำเร็จ",IFERROR(VLOOKUP(B40,ราคามุ้ง!$A$2:$O$15,2,0),0),0))) -> 0 | D45: =ROUND(B45*C45,0) -> 0 | H45: =B3/100 -> 2
A46: › ค่าแรงผลิตมุ้ง | D46: =IF(H41=0,0,ROUND(H46*(VLOOKUP(B40,ราคามุ้ง!$A$2:$O$15,12,0)+VLOOKUP(B40,ราคามุ้ง!$A$2:$O$15,13,0)*H44*H45),0)) -> 0 | H46: =B4 -> 1
A47: › ค่าแรงติดตั้งมุ้ง | D47: =IF(H41=0,0,ROUND(H46*(VLOOKUP(B40,ราคามุ้ง!$A$2:$O$15,14,0)+VLOOKUP(B40,ราคามุ้ง!$A$2:$O$15,15,0)*H44*H45),0)) -> 0
A48: รวมราคามุ้ง (บวกเข้าทุนแล้ว) | D48: =SUM(D42:D47) -> 0
A56: 🔍 แยกก้อนต้นทุน
A57: ทุนอลู (×ราคา/กก.) | B57: =D15+D16 -> 4268.4
A58: ทุนกระจก | B58: =D21 -> 1773.2
A59: ทุนอุปกรณ์+ซิลิโคน | B59: =D17+D18+D19+D20+D22 -> 1070
A60: รวมวัสดุ | B60: =B57+B58+B59 -> 7111.6

Sheet คิดทุน E-series
A1: คิดทุนบานเลื่อน E-series (aluinch) — นับเส้นเต็ม 6.4ม. | ไม่มีมือจับ | G1: 🏠 สารบัญ
A2: กว้างรวม (ซม.) → | B2: 600 | E2: เลื่อน(ล้อ)= | F2: =IF(B5="อิสระ",B4,IF(B5="ลากจูง",B4-1,B4-2)) -> 3
A3: สูง (ซม.) → | B3: 300 | E3: เสากุญแจ= | F3: =IF(B5="เปิดคู่กลาง",4,2) -> 2
A4: จำนวนบาน → | B4: 3 | E4: รอยต่อ= | F4: =IF(B5="เปิดคู่กลาง",B4-2,B4-1) -> 2
A5: รูปแบบ → | B5: อิสระ | E5: ราคา/กก.= | F5: =IF(B6="สีอบขาว/ดำ",180,IF(B6="เทาซาฮาร่า",ROUND(180*1.09,0),IF(B6="ลายไม้ stock",ROUND(180*1.6,0),IF(B6="สีอบพิเศษ",140,160)))) -> 180
A6: สี → | B6: สีอบขาว/ดำ | E6: รางล่าง → | F6: ภายนอก
A7: กระจก → | B7: เขียว 6มม. | C7: =INDEX(ราคาวัสดุกลาง!$I$2:$I$106,MATCH(B7,ราคาวัสดุกลาง!$H$2:$H$106,0)) -> 264 | D7: ← ราคากระจก/ตร.ม. (อัตโนมัติ)
A8: ล็อคก้นหอย (ตัว) → | B8: 2 | C8: ← กรอกจำนวนเอง (default 2)
A9: บวกกำไร % → (1 = 100%) | B9: 100
A10: ราคาซิลิโคน/หลอด → | B10: 90
A11: พื้นที่ (ตร.ม.) = | B11: =(B2/100)*(B3/100) -> 18
A12: วัสดุ | B12: จำนวน | C12: ราคา/หน่วย | D12: ทุน(บาท) | E12: หมายเหตุ
A13: เฟรมบน E-01 | B13: =IF(FLOOR(6.4/(B2/100),1)>=1,ROUNDUP((1)/FLOOR(6.4/(B2/100),1),0),ROUNDUP((B2/100)/6.4,0)*(1)) -> 1 | C13: =IF(B6="สีอบขาว/ดำ",2235,IF(B6="เทาซาฮาร่า",2235+rate_grey*12.41667,2235+IF(B6="สีอบพิเศษ",rate_special,rate_woodbake)*12.41667)) -> 2235 | D13: =B13*C13*mult_sms -> 2235 | E13: 1 เส้น × กว้าง
A14: เฟรมล่างกันน้ำ E-03 | B14: =IF(FLOOR(6.4/(B2/100),1)>=1,ROUNDUP((1)/FLOOR(6.4/(B2/100),1),0),ROUNDUP((B2/100)/6.4,0)*(1)) -> 1 | C14: =IF(B6="สีอบขาว/ดำ",IF($F$6="ภายใน",825,2152),IF(B6="เทาซาฮาร่า",IF($F$6="ภายใน",825,2152)+rate_grey*IF($F$6="ภายใน",4.58333,11.95556),IF($F$6="ภายใน",825,2152)+IF(B6="สีอบพิเศษ",rate_special,rate_woodbake)*IF($F$6="ภายใน",4.58333,11.95556))) -> 2152 | D14: =B14*C14*mult_sms -> 2152 | E14: 1 เส้น × กว้าง
A15: เฟรมข้าง E-02C | B15: =IF(FLOOR(6.4/(B3/100),1)>=1,ROUNDUP((2)/FLOOR(6.4/(B3/100),1),0),ROUNDUP((B3/100)/6.4,0)*(2)) -> 1 | C15: =IF(B6="สีอบขาว/ดำ",1995,IF(B6="เทาซาฮาร่า",1995+rate_grey*11.08333,1995+IF(B6="สีอบพิเศษ",rate_special,rate_woodbake)*11.08333)) -> 1995 | D15: =B15*C15*mult_sms -> 1995 | E15: 2 เส้น × สูง
A16: ถาดลองน้ำ E-03B | B16: =IF(F6="ภายใน",0,IF(FLOOR(6.4/(B2/100),1)>=1,ROUNDUP((1)/FLOOR(6.4/(B2/100),1),0),ROUNDUP((B2/100)/6.4,0)*(1))) -> 1 | C16: =IF(B6="สีอบขาว/ดำ",742,IF(B6="เทาซาฮาร่า",742+rate_grey*4.12222,742+IF(B6="สีอบพิเศษ",rate_special,rate_woodbake)*4.12222)) -> 742 | D16: =B16*C16*mult_sms -> 742 | E16: ใต้เฟรมล่าง = เท่าเฟรมล่าง
A17: เสากุญแจสลิม E-04e | B17: =IF(FLOOR(6.4/(B3/100),1)>=1,ROUNDUP(($F$3)/FLOOR(6.4/(B3/100),1),0),ROUNDUP((B3/100)/6.4,0)*($F$3)) -> 1 | C17: =IF(B6="สีอบขาว/ดำ",1080,IF(B6="เทาซาฮาร่า",1080+rate_grey*6,1080+IF(B6="สีอบพิเศษ",rate_special,rate_woodbake)*6)) -> 1080 | D17: =B17*C17*mult_sms -> 1080 | E17: เสากุญแจ × สูง (ไม่ใส่มือจับ)
A18: เสาเกี่ยวสลิม E-05e | B18: =IF(FLOOR(6.4/(B3/100),1)>=1,ROUNDUP((2*$F$4)/FLOOR(6.4/(B3/100),1),0),ROUNDUP((B3/100)/6.4,0)*(2*$F$4)) -> 2 | C18: =IF(B6="สีอบขาว/ดำ",1072,IF(B6="เทาซาฮาร่า",1072+rate_grey*5.95556,1072+IF(B6="สีอบพิเศษ",rate_special,rate_woodbake)*5.95556)) -> 1072 | D18: =B18*C18*mult_sms -> 2144 | E18: 2 ต้น/รอยต่อ × สูง
A19: ขวางบน/ล่าง E-07e | B19: =IF(FLOOR(6.4/((B2/100)/B4),1)>=1,ROUNDUP((2*B4)/FLOOR(6.4/((B2/100)/B4),1),0),ROUNDUP(((B2/100)/B4)/6.4,0)*(2*B4)) -> 2 | C19: =IF(B6="สีอบขาว/ดำ",1162,IF(B6="เทาซาฮาร่า",1162+rate_grey*6.45556,1162+IF(B6="สีอบพิเศษ",rate_special,rate_woodbake)*6.45556)) -> 1162 | D19: =B19*C19*mult_sms -> 2324 | E19: 2 × บาน × กว้างบาน
A20: ตบปิดเฟรมบน E-01A | B20: =IF(AND(B5="อิสระ",B4=3),0,IF(B2>300,2,1)) -> 0 | C20: =IF(B6="สีอบขาว/ดำ",270,IF(B6="เทาซาฮาร่า",270+rate_grey*1.5,270+IF(B6="สีอบพิเศษ",rate_special,rate_woodbake)*1.5)) -> 270 | D20: =B20*C20*mult_sms -> 0 | E20: อิสระ3บาน → 0 · อื่นๆ: กว้าง>300?2:1
A21: ตบธรณีเฟรมล่าง E-03C | B21: =B20 -> 0 | C21: =IF(B6="สีอบขาว/ดำ",450,IF(B6="เทาซาฮาร่า",450+rate_grey*2.5,450+IF(B6="สีอบพิเศษ",rate_special,rate_woodbake)*2.5)) -> 450 | D21: =B21*C21*mult_sms -> 0 | E21: เท่าตบปิดเฟรมบน
A22: กระจก (ตร.ม.) | B22: =((B2/100)+(B4-1)*0.1)*(B3/100) -> 18.6 | C22: =C7 -> 264 | D22: =B22*C22 -> 4910.4 | E22: กว้าง+ซ้อนเกย × สูง
A23: ล้อ ehr-80 (2/บานเลื่อน) | B23: =2*$F$2 -> 6 | C23: 135 | D23: =B23*C23 -> 810
A24: ล็อคก้นหอย | B24: =B8 -> 2 | C24: 100 | D24: =B24*C24 -> 200
A25: สักหลาด (ม.) | B25: =6*(B3/100)+9*(B2/100)+2*($F$3+$F$4)*(B3/100) -> 96 | C25: 1.5 | D25: =B25*C25 -> 144 | E25: สูตรเดียวกับ SMS
A26: น็อต | B26: =8+4*B4 -> 20 | C26: 1 | D26: =B26*C26 -> 20 | E26: สูตรเดียวกับ SMS (ราคา/ตัวรอเคาะ)
A27: ซิลิโคน (หลอด) ใน+นอก | B27: =ROUNDUP(2*((B2/100)+(B3/100))*2/12.5,0) -> 3 | C27: =B10 -> 90 | D27: =B27*C27 -> 270
A28: ค่าเปิดตู้อบ | B28: =IF(OR(B6="สีอบพิเศษ",B6="สีลายไม้อบพิเศษ"),1,0) -> 0 | C28: 2000 | D28: =B28*C28 -> 0 | E28: สีพิเศษเท่านั้น
A29: ทุนรวม | D29: =SUM(D13:D28)+D46+D47+D48+D49 -> 19026.4
A30: ทุน/ตร.ม. | D30: =D29/B11 -> 1057.0222
A31: ราคาขาย/ตร.ม. (ทุน+กำไร%) | D31: =ROUNDUP(D30*(1+B9/100)/100,0)*100 -> 2200
A32: ราคาขายรวม/ชุด | D32: =B11*D31 -> 39600
A33: %กำไรจริง | D33: =(D32-D29)/D29 -> 1.0813186
A35: — ผูกค่าแรง (ราคาขายรวมค่าแรง) —
A36: ค่าแรงผลิต (จากชีทค่าแรง) | D36: =MAX(0,VLOOKUP("บานเลื่อน SMS",ค่าแรง!$A$12:$E$27,2,0)+VLOOKUP("บานเลื่อน SMS",ค่าแรง!$A$12:$E$27,3,0)*B11) -> 629.2
A37: ค่าแรงติดตั้ง (จากชีทค่าแรง) | D37: =MAX(0,VLOOKUP("บานเลื่อน SMS",ค่าแรง!$A$12:$E$27,4,0)+VLOOKUP("บานเลื่อน SMS",ค่าแรง!$A$12:$E$27,5,0)*B11) -> 629.2
A38: กำไรติดตั้ง % → | B38: 100
A39: ราคาขาย ผลิตอย่างเดียว | D39: =ROUNDUP((D29+D36+D50)*(1+B9/100)/100,0)*100 -> 39400
A40: ราคาขาย ผลิต+ติดตั้ง | D40: =D39+ROUNDUP((D37+D51)*(1+B38/100)/100,0)*100 -> 40700
A41: %กำไรจริง (ผลิต+ติดตั้ง) | D41: =(D40-(D29+D36+D37+D50+D51))/(D29+D36+D37+D50+D51) -> 1.0064285
A43: — มุ้ง (ออปชั่น) — บวกเข้าทุน —
A44: เลือกมุ้ง → | B44: ไม่มีมุ้ง | C44: =IF(B44="ไม่มีมุ้ง","—",IF(H45=1,"✓ ใช้ได้","⚠ ใช้กับบานนี้ไม่ได้(ทุน=0)")) -> — | D44: =IF(B44="ไม่มีมุ้ง","",H50&" บาน") | H44: =IFERROR(VLOOKUP(B44,ราคามุ้ง!$A$2:$O$15,3,0),"")
A45: ชนิดผ้า / สี → | B45: ไฟเบอร์ | C45: เทา | H45: =IF(B44="ไม่มีมุ้ง",0,IF(OR(IFERROR(VLOOKUP(B44,ราคามุ้ง!$A$2:$O$15,4,0),"ALL")="ALL",ISNUMBER(SEARCH("E-series",IFERROR(VLOOKUP(B44,ราคามุ้ง!$A$2:$O$15,4,0),"")))),1,0)) -> 0
A46: › เสา (เส้น 6ม.) | B46: =IF(AND(H45=1,H46=1),ROUND(H50*2*H49/6,2),0) -> 0 | C46: =IF(B44="มุ้งเฟรมเล็ก",ราคามุ้ง!$B$19,IF(B44="มุ้งเฟรมใหญ่",0,IF(B44="มุ้งนิรภัย",ราคามุ้ง!$B$21,0))) -> 0 | D46: =ROUND(B46*C46,0) -> 0 | H46: =IF(OR(B44="มุ้งเฟรมเล็ก",B44="มุ้งเฟรมใหญ่",B44="มุ้งนิรภัย"),1,0) -> 0
A47: › ขวาง (เส้น 6ม.) | B47: =IF(AND(H45=1,H46=1),ROUND(H50*2*H48/6,2),0) -> 0 | C47: =IF(B44="มุ้งเฟรมเล็ก",ราคามุ้ง!$B$19,IF(B44="มุ้งเฟรมใหญ่",0,IF(B44="มุ้งนิรภัย",ราคามุ้ง!$B$21,0))) -> 0 | D47: =ROUND(B47*C47,0) -> 0 | H47: =IFERROR(VLOOKUP(B45,ราคามุ้ง!$I$2:$J$5,2,0),0) -> 23
A48: › ยางอัด (ม.) | B48: =IF(AND(H45=1,H46=1),ROUND(H50*2*(H48+H49),2),0) -> 0 | C48: =ราคามุ้ง!$D$19 -> 5 | D48: =ROUND(B48*C48,0) -> 0 | H48: =B2/(B4*100) -> 2
A49: › ผ้า / มุ้งสำเร็จ | B49: =IF(H45=0,0,ROUND(H50*H48*H49,2)) -> 0 | C49: =IF(B44="มุ้งนิรภัย",650,IF(OR(B44="มุ้งเฟรมเล็ก",B44="มุ้งเฟรมใหญ่"),H47,IF(H44="ซื้อสำเร็จ",IFERROR(VLOOKUP(B44,ราคามุ้ง!$A$2:$O$15,2,0),0),0))) -> 0 | D49: =ROUND(B49*C49,0) -> 0 | H49: =B3/100 -> 3
A50: › ค่าแรงผลิตมุ้ง | D50: =IF(H45=0,0,ROUND(H50*(VLOOKUP(B44,ราคามุ้ง!$A$2:$O$15,12,0)+VLOOKUP(B44,ราคามุ้ง!$A$2:$O$15,13,0)*H48*H49),0)) -> 0 | H50: =IF(AND(B5="อิสระ",B4=2),1,F2) -> 3
A51: › ค่าแรงติดตั้งมุ้ง | D51: =IF(H45=0,0,ROUND(H50*(VLOOKUP(B44,ราคามุ้ง!$A$2:$O$15,14,0)+VLOOKUP(B44,ราคามุ้ง!$A$2:$O$15,15,0)*H48*H49),0)) -> 0
A52: รวมราคามุ้ง (บวกเข้าทุนแล้ว) | D52: =SUM(D46:D51) -> 0
A60: 🔍 แยกก้อนต้นทุน
A61: ทุนอลู (×ราคา/กก.) | B61: =D13+D14+D15+D16+D17+D18+D19+D20+D21+D27 -> 12942
A62: ทุนกระจก | B62: =D22 -> 4910.4
A63: ทุนอุปกรณ์+ซิลิโคน | B63: =D23+D24+D25+D26+D28 -> 1174
A64: รวมวัสดุ | B64: =B61+B62+B63 -> 19026.4

Sheet คิดทุน PC Door
A1: คิดทุน PC Door — บานเปิด (Fuji) | นับเส้นเต็ม | G1: 🏠 สารบัญ
A3: กว้างรวม (ซม.) → | B3: 150
A4: สูง (ซม.) → | B4: 200
A5: รูปแบบ → | B5: แบ่ง 2
A6: สี → | B6: สีอบขาว/ดำ | F6: =IF(B6="สีอบขาว/ดำ",180,IF(B6="เทาซาฮาร่า",ROUND(180*1.09,0),IF(B6="ลายไม้ stock",ROUND(180*1.6,0),IF(B6="สีอบพิเศษ",140,160)))) -> 180
A7: กระจก → | B7: เขียว 6มม.
A8: ธรณี → | B8: มี
A9: บวกกำไร % → | B9: 100
A10: ซอฟโค้ด → | B10: ใส่ | C10: ← ใส่ = 1,170 บาท/ชุด | ไม่ใส่ = ตัดออก
A11: ซิลิโคน/หลอด (บาท) → | B11: 90
A12: จำนวนบาน = | B12: =IF(B5="แบ่ง 2",2,4) -> 2
A13: พื้นที่ (ตร.ม.) = | B13: =(B3/100)*(B4/100) -> 3
A14: ราคากระจก (บาท/ตร.ม.) = | B14: =INDEX(ราคาวัสดุกลาง!$I$2:$I$106,MATCH(B7,ราคาวัสดุกลาง!$H$2:$H$106,0)) -> 264
A17: รายการ | B17: จำนวน | C17: ราคา/หน่วย (บาท) | D17: ทุน (บาท)
A18: วงกบ 3 ด้าน F7859 | B18: =ROUNDUP((B3+2*B4)/640,0) -> 1 | C18: =IF(B6="สีอบขาว/ดำ",1100,IF(B6="เทาซาฮาร่า",VLOOKUP("F7859",ราคาสี!$A:$F,5,0),IF(B6="ลายไม้ stock",(VLOOKUP("F7859",ราคาสี!$A:$F,6,0)*mult_wood/mult_euro),1100+IF(B6="สีอบพิเศษ",rate_special,rate_woodbake)*6.11111))) -> 1100 | D18: =B18*C18*mult_euro -> 1100
A19: ธรณี F7938B | B19: =IF(B8="มี",ROUNDUP(B3/640,0),0) -> 1 | C19: =IF(B6="สีอบขาว/ดำ",1400,IF(B6="เทาซาฮาร่า",VLOOKUP("F7938B",ราคาสี!$A:$F,5,0),IF(B6="ลายไม้ stock",(VLOOKUP("F7938B",ราคาสี!$A:$F,6,0)*mult_wood/mult_euro),1400+IF(B6="สีอบพิเศษ",rate_special,rate_woodbake)*7.77778))) -> 1400 | D19: =B19*C19*mult_euro -> 1400
A20: ตบธรณี F7960 | B20: =IF(B8="มี",ROUNDUP(B3/640,0),0) -> 1 | C20: =IF(B6="สีอบขาว/ดำ",575,IF(B6="เทาซาฮาร่า",VLOOKUP("F7960",ราคาสี!$A:$F,5,0),IF(B6="ลายไม้ stock",(VLOOKUP("F7960",ราคาสี!$A:$F,6,0)*mult_wood/mult_euro),575+IF(B6="สีอบพิเศษ",rate_special,rate_woodbake)*3.19444))) -> 575 | D20: =B20*C20*mult_euro -> 575
A21: เสริมใต้บาน F7863 | B21: =IF(B8="ไม่มี",ROUNDUP(B3/640,0),0) -> 0 | C21: =IF(B6="สีอบขาว/ดำ",435,IF(B6="เทาซาฮาร่า",435+rate_grey*2.41667,IF(B6="ลายไม้ stock",645,435+IF(B6="สีอบพิเศษ",rate_special,rate_woodbake)*2.41667))) -> 435 | D21: =B21*C21*mult_euro -> 0
A22: กรอบประตู 7864 | B22: =ROUNDUP((2*B12*B4+2*B3)/640,0) -> 2 | C22: =IF(B6="สีอบขาว/ดำ",1995,IF(B6="เทาซาฮาร่า",1995+rate_grey*11.08333,IF(B6="ลายไม้ stock",3170,1995+IF(B6="สีอบพิเศษ",rate_special,rate_woodbake)*11.08333))) -> 1995 | D22: =B22*C22*mult_euro -> 3990
A23: คิ้ว F7935 | B23: =ROUNDUP((2*B12*B4+2*B3)/640,0) -> 2 | C23: =IF(B6="สีอบขาว/ดำ",360,IF(B6="เทาซาฮาร่า",360+rate_grey*2,IF(B6="ลายไม้ stock",570,360+IF(B6="สีอบพิเศษ",rate_special,rate_woodbake)*2))) -> 360 | D23: =B23*C23*mult_euro -> 720
A24: เปิดกลาง F7945c | B24: =IF(B5="แบ่ง 4",1,0) -> 0 | C24: =IF(B6="สีอบขาว/ดำ",775,IF(B6="เทาซาฮาร่า",775+rate_grey*4.30556,IF(B6="ลายไม้ stock",1080,775+IF(B6="สีอบพิเศษ",rate_special,rate_woodbake)*4.30556))) -> 775 | D24: =B24*C24*mult_euro -> 0
A25: บานพับ hyda (ตัว) | B25: =IF(B5="แบ่ง 2",4,8) -> 4 | C25: 117 | D25: =B25*C25 -> 468 | E25: 4/บานที่มีบานพับ
A26: ล้อ+ซอฟโค้ด (ชุด) ⚠ | B26: =IF(B5="แบ่ง 2",1,2) -> 1 | C26: =IF(B10="ใส่",1170,0) -> 1170 | D26: =B26*C26 -> 1170 | E26: 1/บานที่เลื่อน ← เติม B10
A27: มือจับ Align SMS (บาน) | B27: =B12 -> 2 | C27: 198 | D27: =B27*C27 -> 396 | E27: 2×99=198/บาน
A28: กลอนบานลอง (ชุด) | B28: 1 | C28: 450 | D28: =B28*C28 -> 450 | E28: ทั้งสอง config มี 1 บานลอง
A29: น็อตเฟรม (ตัว) | B29: =IF(B8="มี",8,6) -> 8 | C29: 1 | D29: =B29*C29 -> 8
A30: ยาง (ม.) | B30: =ROUND(2*(B3+B4)/100*B12,0) -> 14 | C30: 11 | D30: =B30*C30 -> 154 | E30: 11 บาท/ม.
A31: กระจก (ตร.ม.) | B31: =B13 -> 3 | C31: =B14 -> 264 | D31: =B31*C31 -> 792
A32: ซิลิโคน ใน+นอก (หลอด) | B32: =ROUNDUP(2*(B3+B4)/100*2/12.5,0) -> 2 | C32: =B11 -> 90 | D32: =B32*C32 -> 180
A33: ค่าเปิดตู้อบ | B33: =IF(OR(B6="สีอบพิเศษ",B6="สีลายไม้อบพิเศษ"),1,0) -> 0 | C33: 2000 | D33: =B33*C33 -> 0 | E33: สีอบพิเศษ / ลายไม้อบพิเศษ เท่านั้น
A34: ▶ สรุปทุนและราคาขาย
A35: ทุนรวม (บาท) | D35: =SUM(D18:D33)+D58 -> 11403
A36: ทุน/ตร.ม. (บาท) | D36: =D35/B13 -> 3801
A37: ราคาขาย/ตร.ม. (Markup) | D37: =ROUNDUP(D36*(1+B9/100)/100,0)*100 -> 7700
A38: ราคาขายรวม/ชุด (บาท) | D38: =B13*D37 -> 23100
A39: %กำไร จากทุน | D39: =(D37-D36)/D36 -> 1.0257827
A41: ▶ เทียบ R3.9 v11
A42: ข้อ R3.9 | B42: =IF(B5="แบ่ง 2","ข้อ 12 (min 36,000)","ข้อ 13 (min 46,000)") -> ข้อ 12 (min 36,000)
A43: เรต (บาท/ตร.ม.) | D43: =IF(B5="แบ่ง 2",IF(B13<3.5,11000,IF(B13<4,10000,IF(B13<4.5,9500,IF(B13<5,9200,9000)))),IF(MAX(4,B13)<4.5,11500,IF(MAX(4,B13)<5,11000,IF(MAX(4,B13)<6,10500,IF(MAX(4,B13)<7,10000,IF(MAX(4,B13)<8,9500,IF(MAX(4,B13)<9,9000,8500))))))) -> 11000
A44: ราคาขาย R3.9/ชุด | D44: =IF(B5="แบ่ง 2",MAX(36000,B13*D43),MAX(46000,MAX(4,B13)*D43)) -> 36000
A45: %กำไร R3.9 (บนทุน) | D45: =(D44-D35)/D35 -> 2.1570639
A49: — ผูกค่าแรง (ราคาขายรวมค่าแรง) —
A50: ค่าแรงผลิต (จากชีทค่าแรง) | D50: =MAX(0,VLOOKUP("PC Door",ค่าแรง!$A$12:$E$27,2,0)+VLOOKUP("PC Door",ค่าแรง!$A$12:$E$27,3,0)*B13) -> 750.2
A51: ค่าแรงติดตั้ง (จากชีทค่าแรง) | D51: =MAX(0,VLOOKUP("PC Door",ค่าแรง!$A$12:$E$27,4,0)+VLOOKUP("PC Door",ค่าแรง!$A$12:$E$27,5,0)*B13) -> 574.2
A52: กำไรติดตั้ง % → | B52: 1
A53: ราคาขาย ผลิตอย่างเดียว | D53: =ROUNDUP((D35+D50)*(1+B9/100)/100,0)*100 -> 24400
A54: ราคาขาย ผลิต+ติดตั้ง | D54: =D53+ROUNDUP(D51*(1+B52)/100,0)*100 -> 25600
A55: %กำไรจริง (ผลิต+ติดตั้ง) | D55: =(D54-(D35+D50+D51))/(D35+D50+D51) -> 1.0114085
A56: — มุ้ง (ออปชั่น · ซื้อสำเร็จ) — บวกเข้าทุน —
A57: เลือกมุ้ง → | B57: ไม่มีมุ้ง
A58: รวมราคามุ้ง (บวกเข้าทุนแล้ว) | D58: =IF(B57="ไม่มีมุ้ง",0,ROUND((VLOOKUP(B57,ราคามุ้ง!$A:$F,2,0)+VLOOKUP(B57,ราคามุ้ง!$A:$F,6,0))*B13,0)) -> 0
A66: 🔍 แยกก้อนต้นทุน
A67: ทุนอลู (×ราคา/กก.) | B67: =D18+D19+D20+D21+D22+D23+D24+D29+D32 -> 7973
A68: ทุนกระจก | B68: =D31 -> 792
A69: ทุนอุปกรณ์+ซิลิโคน | B69: =D25+D26+D27+D28+D30+D33 -> 2638
A70: รวมวัสดุ | B70: =B67+B68+B69 -> 11403

Sheet คิดทุน บานยก
A1: คิดทุนบานยก (sms, ขาวดำ) — เดี่ยว/ถ่วง | G1: 🏠 สารบัญ
A3: กว้างรวม (ซม.) → | B3: 100
A4: สูง (ซม.) → | B4: 50
A5: (จำนวนบาน) → | B5: 1
A6: แบบ (เดี่ยว/ถ่วง) → | B6: เดี่ยว
A7: พื้นที่ (ตร.ม.) = | B7: =(B3/100)*(B4/100) -> 0.5
A8: บวกกำไร % → | B8: 100
A9: ราคาซิลิโคน/หลอด → | B9: 90
A10: กระจก → | B10: เขียว 6มม. | C10: =INDEX(ราคาวัสดุกลาง!$I$2:$I$106,MATCH(B10,ราคาวัสดุกลาง!$H$2:$H$106,0)) -> 264 | D10: ← ราคากระจก/ตร.ม. (อัตโนมัติ) | E10: สี → | F10: สีอบขาว/ดำ | G10: =IF(F10="สีอบขาว/ดำ",180,IF(F10="เทาซาฮาร่า",ROUND(180*1.09,0),IF(F10="ลายไม้ stock",ROUND(180*1.6,0),IF(F10="สีอบพิเศษ",140,160)))) -> 180
A11: วัสดุ | B11: จำนวน | C11: ราคา/หน่วย | D11: ทุน(บาท)
A12: กล่องร่องมีสกรู | B12: =ROUNDUP(B3/640,0) -> 1 | C12: =IF(F10="สีอบขาว/ดำ",995,IF(F10="เทาซาฮาร่า",995+rate_grey*5.52778,IF(F10="ลายไม้ stock",1592,995+IF(F10="สีอบพิเศษ",rate_special,rate_woodbake)*5.52778))) -> 995 | D12: =B12*C12*mult_euro -> 995
A13: เฟรมบน | B13: =ROUNDUP(B3/640,0) -> 1 | C13: =IF(F10="สีอบขาว/ดำ",1000,IF(F10="เทาซาฮาร่า",1000+rate_grey*5.55556,IF(F10="ลายไม้ stock",1600,1000+IF(F10="สีอบพิเศษ",rate_special,rate_woodbake)*5.55556))) -> 1000 | D13: =B13*C13*mult_euro -> 1000
A14: อแดปเตอร์บน | B14: =ROUNDUP(B3/640,0) -> 1 | C14: =IF(F10="สีอบขาว/ดำ",395,IF(F10="เทาซาฮาร่า",395+rate_grey*2.19444,IF(F10="ลายไม้ stock",632,395+IF(F10="สีอบพิเศษ",rate_special,rate_woodbake)*2.19444))) -> 395 | D14: =B14*C14*mult_euro -> 395
A15: เฟรมล่าง | B15: =ROUNDUP(B3/640,0) -> 1 | C15: =IF(F10="สีอบขาว/ดำ",840,IF(F10="เทาซาฮาร่า",840+rate_grey*4.66667,IF(F10="ลายไม้ stock",1344,840+IF(F10="สีอบพิเศษ",rate_special,rate_woodbake)*4.66667))) -> 840 | D15: =B15*C15*mult_euro -> 840
A16: อแดปเตอร์รูสกรู | B16: =ROUNDUP(B3/640,0) -> 1 | C16: 60 | D16: =B16*C16 -> 60
A17: กรอบบาน | B17: =ROUNDUP(B4/640,0) -> 1 | C17: =IF(F10="สีอบขาว/ดำ",600,IF(F10="เทาซาฮาร่า",600+rate_grey*3.33333,IF(F10="ลายไม้ stock",960,600+IF(F10="สีอบพิเศษ",rate_special,rate_woodbake)*3.33333))) -> 600 | D17: =B17*C17*mult_euro -> 600
A18: เสาเกี่ยว | B18: =ROUNDUP(B4/640,0) -> 1 | C18: 195 | D18: =B18*C18 -> 195
A19: รางข้าง | B19: =ROUNDUP(B4/640,0) -> 1 | C19: =IF(F10="สีอบขาว/ดำ",1175,IF(F10="เทาซาฮาร่า",1175+rate_grey*6.52778,IF(F10="ลายไม้ stock",1880,1175+IF(F10="สีอบพิเศษ",rate_special,rate_woodbake)*6.52778))) -> 1175 | D19: =B19*C19*mult_euro -> 1175
A20: กล่องอุปกรณ์ | B20: =1 -> 1 | C20: =IF(B6="ถ่วง",2520,1350) -> 1350 | D20: =B20*C20 -> 1350
A21: มือจับ | B21: =1 -> 1 | C21: 60 | D21: =B21*C21 -> 60
A22: ล๊อคกลาง | B22: =1 -> 1 | C22: 70 | D22: =B22*C22 -> 70
A23: คอยสปริง | B23: =IF(B6="ถ่วง",0,2) -> 2 | C23: 160 | D23: =B23*C23 -> 320
A24: ฝาปิดฝุ่น | B24: =IF(B6="ถ่วง",0,2) -> 2 | C24: 10 | D24: =B24*C24 -> 20
A25: ตลับตะขอเกี่ยว | B25: =IF(B6="ถ่วง",0,4) -> 4 | C25: 130 | D25: =B25*C25 -> 520
A26: กิ๊ปล็อค | B26: =IF(B6="ถ่วง",0,4) -> 4 | C26: 20 | D26: =B26*C26 -> 80
A27: กล่องใส่สปริง | B27: =IF(B6="ถ่วง",0,2) -> 2 | C27: 30 | D27: =B27*C27 -> 60
A28: กระจก (ตร.ม.) | B28: =B7 -> 0.5 | C28: =INDEX(ราคาวัสดุกลาง!$I$2:$I$106,MATCH(B10,ราคาวัสดุกลาง!$H$2:$H$106,0)) -> 264 | D28: =B28*C28 -> 132
A29: ซิลิโคน (หลอด) ใน+นอก | B29: =ROUNDUP(2*(B3+B4)/100*2/12.5,0) -> 1 | C29: =B9 -> 90 | D29: =B29*C29 -> 90
A30: ค่าเปิดตู้อบ | B30: =IF(OR(F10="สีอบพิเศษ",F10="สีลายไม้อบพิเศษ"),1,0) -> 0 | C30: 2000 | D30: =B30*C30 -> 0 | E30: สีอบพิเศษ / ลายไม้อบพิเศษ เท่านั้น
A31: ทุนรวม | D31: =SUM(D12:D30)+D51+D56+D57+D58+D59 -> 7962
A32: ทุน/ตร.ม. | D32: =IFERROR(D31/B7,0) -> 15924
A33: ราคาขาย/ตร.ม. (ทุน+กำไร%) | D33: =ROUNDUP(D31*(1+B8/100)/100,0)*100 -> 16000
A34: ราคาขายรวม/ชุด | D34: =D33 -> 16000
A35: %กำไรจริง (บนทุน) | D35: =IFERROR((D33-D31)/D31,0) -> 1.0095453
A39: — ผูกค่าแรง (ราคาขายรวมค่าแรง) —
A40: ค่าแรงผลิต (จากชีทค่าแรง) | D40: =MAX(0,VLOOKUP("บานยก (เซมิ)",ค่าแรง!$A$12:$E$27,2,0)+VLOOKUP("บานยก (เซมิ)",ค่าแรง!$A$12:$E$27,3,0)*B7) -> 359.7
A41: ค่าแรงติดตั้ง (จากชีทค่าแรง) | D41: =MAX(0,VLOOKUP("บานยก (เซมิ)",ค่าแรง!$A$12:$E$27,4,0)+VLOOKUP("บานยก (เซมิ)",ค่าแรง!$A$12:$E$27,5,0)*B7) -> 359.7
A42: กำไรติดตั้ง % → | B42: 100
A43: ราคาขาย ผลิตอย่างเดียว | D43: =ROUNDUP((D31+D40+D60)*(1+B8/100)/100,0)*100 -> 16700
A44: ราคาขาย ผลิต+ติดตั้ง | D44: =D43+ROUNDUP((D41+D61)*(1+B42/100)/100,0)*100 -> 17500
A45: %กำไรจริง (ผลิต+ติดตั้ง) | D45: =(D44-(D31+D40+D41+D60+D61))/(D31+D40+D41+D60+D61) -> 1.0158039
A47: — ชุด auto (ออปชั่น) — บวกเข้าทุน × กำไร%
A48: ใส่ auto? → | B48: ไม่มี
A49: ชุด auto → | B49: ยก 80 กก.
A51: ทุนชุด auto | D51: =IF(B48="ไม่มี",0,INDEX(ราคาออโต้!$C:$C,MATCH(B49,ราคาออโต้!$B:$B,0))+INDEX(ราคาออโต้!$D:$D,MATCH(B49,ราคาออโต้!$B:$B,0))) -> 0
A53: — มุ้ง (ออปชั่น) — บวกเข้าทุน —
A54: เลือกมุ้ง → | B54: ไม่มีมุ้ง | C54: =IF(B54="ไม่มีมุ้ง","—",IF(H55=1,"✓ ใช้ได้","⚠ ใช้กับบานนี้ไม่ได้(ทุน=0)")) -> — | D54: =IF(B54="ไม่มีมุ้ง","",H60&" บาน") | H54: =IFERROR(VLOOKUP(B54,ราคามุ้ง!$A$2:$O$15,3,0),"")
A55: ชนิดผ้า / สี → | B55: ไฟเบอร์ | C55: เทา | H55: =IF(B54="ไม่มีมุ้ง",0,IF(OR(IFERROR(VLOOKUP(B54,ราคามุ้ง!$A$2:$O$15,4,0),"ALL")="ALL",ISNUMBER(SEARCH("ยก",IFERROR(VLOOKUP(B54,ราคามุ้ง!$A$2:$O$15,4,0),"")))),1,0)) -> 0
A56: › เสา (เส้น 6ม.) | B56: =IF(AND(H55=1,H56=1),ROUND(H60*2*H59/6,2),0) -> 0 | C56: =IF(B54="มุ้งเฟรมเล็ก",ราคามุ้ง!$B$19,IF(B54="มุ้งเฟรมใหญ่",ROUND(C17*mult_euro,0),IF(B54="มุ้งนิรภัย",ราคามุ้ง!$B$21,0))) -> 0 | D56: =ROUND(B56*C56,0) -> 0 | H56: =IF(OR(B54="มุ้งเฟรมเล็ก",B54="มุ้งเฟรมใหญ่",B54="มุ้งนิรภัย"),1,0) -> 0
A57: › ขวาง (เส้น 6ม.) | B57: =IF(AND(H55=1,H56=1),ROUND(H60*2*H58/6,2),0) -> 0 | C57: =IF(B54="มุ้งเฟรมเล็ก",ราคามุ้ง!$B$19,IF(B54="มุ้งเฟรมใหญ่",ROUND(C17*mult_euro,0),IF(B54="มุ้งนิรภัย",ราคามุ้ง!$B$21,0))) -> 0 | D57: =ROUND(B57*C57,0) -> 0 | H57: =IFERROR(VLOOKUP(B55,ราคามุ้ง!$I$2:$J$5,2,0),0) -> 23
A58: › ยางอัด (ม.) | B58: =IF(AND(H55=1,H56=1),ROUND(H60*2*(H58+H59),2),0) -> 0 | C58: =ราคามุ้ง!$D$19 -> 5 | D58: =ROUND(B58*C58,0) -> 0 | H58: =B3/(B5*100) -> 1
A59: › ผ้า / มุ้งสำเร็จ | B59: =IF(H55=0,0,ROUND(H60*H58*H59,2)) -> 0 | C59: =IF(B54="มุ้งนิรภัย",650,IF(OR(B54="มุ้งเฟรมเล็ก",B54="มุ้งเฟรมใหญ่"),H57,IF(H54="ซื้อสำเร็จ",IFERROR(VLOOKUP(B54,ราคามุ้ง!$A$2:$O$15,2,0),0),0))) -> 0 | D59: =ROUND(B59*C59,0) -> 0 | H59: =B4/100 -> 0.5
A60: › ค่าแรงผลิตมุ้ง | D60: =IF(H55=0,0,ROUND(H60*(VLOOKUP(B54,ราคามุ้ง!$A$2:$O$15,12,0)+VLOOKUP(B54,ราคามุ้ง!$A$2:$O$15,13,0)*H58*H59),0)) -> 0 | H60: =B5 -> 1
A61: › ค่าแรงติดตั้งมุ้ง | D61: =IF(H55=0,0,ROUND(H60*(VLOOKUP(B54,ราคามุ้ง!$A$2:$O$15,14,0)+VLOOKUP(B54,ราคามุ้ง!$A$2:$O$15,15,0)*H58*H59),0)) -> 0
A62: รวมราคามุ้ง (บวกเข้าทุนแล้ว) | D62: =SUM(D56:D61) -> 0
A70: 🔍 แยกก้อนต้นทุน
A71: ทุนอลู (×ราคา/กก.) | B71: =D12+D13+D14+D15+D17+D18+D19+D20+D27+D29 -> 6700
A72: ทุนกระจก | B72: =D28 -> 132
A73: ทุนอุปกรณ์+ซิลิโคน | B73: =D16+D21+D22+D23+D24+D25+D26+D30 -> 1130
A74: รวมวัสดุ | B74: =B71+B72+B73 -> 7962

Sheet คิดทุน เฟี้ยมยูโร
A1: ถอดทุนบานเฟี้ยมยูโร (Fuji bi-fold) — นับเส้นเต็ม Σ÷6400 | G1: 🏠 สารบัญ | J1: LUT รูปแบบ (ซ่อนได้)
A2: กว้างรวม (ซม.) → | B2: 180 | D2: ชนกลาง= | E2: =VLOOKUP(B5,$J$2:$R$38,3,0) -> 1 | J2: 2บาน: 2-0 พับข้างเดียว | K2: 2 | L2: 1 | M2: 2700 | N2: 7 | O2: 9999 | P2: 10 | Q2: 9999 | R2: 10
A3: สูง (ซม.) → | B3: 280 | D3: บานพับ= | E3: =IF(B3*10<=VLOOKUP(B5,$J$2:$R$38,4,0),VLOOKUP(B5,$J$2:$R$38,5,0),IF(B3*10<=VLOOKUP(B5,$J$2:$R$38,6,0),VLOOKUP(B5,$J$2:$R$38,7,0),VLOOKUP(B5,$J$2:$R$38,9,0))) -> 10 | J3: 3บาน: 3-0 พับข้างเดียว | K3: 3 | L3: 0 | M3: 2500 | N3: 7 | O3: 3000 | P3: 10 | Q3: 9999 | R3: 13
A4: จำนวนบาน (auto) → | B4: =IFERROR(VALUE(LEFT(B5,FIND("บาน",B5)-1)),2) -> 2 | D4: สีidx= | E4: =MATCH(F10,{"สีอบขาว/ดำ","เทาซาฮาร่า","ลายไม้ stock","สีอบพิเศษ","สีลายไม้อบพิเศษ"},0) -> 1 | J4: 3บาน: 2-1 พับสลับ | K4: 3 | L4: 0 | M4: 2700 | N4: 9 | O4: 9999 | P4: 12 | Q4: 9999 | R4: 12
A5: รูปแบบพับ → | B5: 2บาน: 2-0 พับข้างเดียว | D5: กว้างบาน(มม)= | E5: =(B2*10-110)/B4 -> 845 | J5: 4บาน: 4-0 พับข้างเดียว | K5: 4 | L5: 1 | M5: 2700 | N5: 11 | O5: 9999 | P5: 16 | Q5: 9999 | R5: 16
A6: รางล่าง → | B6: ปกติ | D6: W(มม)= | E6: =B2*10 -> 1800 | J6: 4บาน: 3-1 พับสลับ | K6: 4 | L6: 0 | M6: 2700 | N6: 7 | O6: 9999 | P6: 10 | Q6: 9999 | R6: 10
A7: พื้นที่ (ตร.ม.) = | B7: =(B2/100)*(B3/100) -> 5.04 | D7: H(มม)= | E7: =B3*10 -> 2800 | J7: 4บาน: 2-2 เปิดกลาง | K7: 4 | L7: 2 | M7: 2500 | N7: 14 | O7: 3000 | P7: 20 | Q7: 9999 | R7: 26
A8: บวกกำไร % → | B8: 100 | J8: 5บาน: 5-0 พับข้างเดียว | K8: 5 | L8: 0 | M8: 2700 | N8: 11 | O8: 9999 | P8: 16 | Q8: 9999 | R8: 16
J9: 5บาน: 4-1 พับสลับ | K9: 5 | L9: 0 | M9: 2700 | N9: 14 | O9: 9999 | P9: 20 | Q9: 9999 | R9: 20
